timestamp,x,y,reference_x,reference_y,error,linear,angular,index,distance,state,actual_speed,actual_angular,progress
19.147,2.1356281866022604,1.6329383177299202,2.1359906243771296,1.6337728353547774,0.0009098246022445495,0.0,0.0,0,0.0,new_path,0.0002531387307004077,2.061710279960751e-05,0.0
19.187,2.135626009229944,1.6329368700427747,2.1359893215003183,1.6337734012047467,0.000912019841206678,0.2,0.06740910191006498,0,2.614717628099915e-06,tracking,0.00025313422781655546,2.0590789045338895e-05,0.0
19.247,2.1356227431511683,1.6329346988112343,2.1359873670587053,1.6337742500345955,0.0009153124333225555,0.2,0.06741854585080223,0,6.5366453393138906e-06,tracking,0.00025312747324746136,2.0551303508140173e-05,0.0
19.307,2.1360417111618846,1.63283723539913,2.136375460636664,1.6336056978451068,0.0008378085955587442,0.2,0.06699663082123722,0,0.00043669162985368896,tracking,0.01653855432817932,0.06124728573896251,0.0
19.347,2.1368913075022165,1.6326110422790254,2.137106476522922,1.6333645492507238,0.000783626482368712,0.2,0.06503075571481709,0,0.0013158828883907585,tracking,0.02840225494055376,0.0636738301447892,0.0005337023126317354
19.407,2.1390348293267882,1.6320166166727048,2.1392453325701006,1.6327537844159077,0.0007666341350760826,0.2,0.063839634327881,0,0.0035402991295347508,tracking,0.04631540301557614,0.06306776718700324,0.0018960632180572083
19.467,2.142222004689806,1.6311331278159893,2.1424254767120043,1.6318456727110155,0.000741027051628611,0.2,0.06219661927974843,0,0.00684766051809951,tracking,0.0642836378789739,0.06189741826216516,0.004842751034958331
19.507,2.144927252648574,1.630388859842222,2.145123270148533,1.6310752995179227,0.0007138783430433421,0.2,0.06120969283324698,0,0.009653422684640646,tracking,0.07624487341178267,0.06185878712923993,0.007408098176418712
19.567,2.1498571427702666,1.6290461299388261,2.1500359896200205,1.6296724391896364,0.0006513443584751924,0.2,0.05987923647581248,0,0.014762898215987794,tracking,0.09423724513691048,0.060583737257694975,0.012157017972555428
19.627,2.1558349930706315,1.627439127474309,2.1559874337098925,1.6279729640093108,0.0005551752827720859,0.2,0.05909583386061489,0,0.020952983121264705,tracking,0.11222901887914645,0.06018756926830195,0.01592314075153154
19.667,2.1604023644413837,1.626224366965555,2.160531179040086,1.6266754667468353,0.0004691313392963852,0.2,0.05806034072730375,0,0.025679136348995962,tracking,0.12418549673642655,0.05957012724222227,0.022472129013403824
19.727,2.1681293062380806,1.624193970771368,2.1682116297546923,1.6244822620109625,0.00029981494328042423,0.2,0.057462430090367195,0,0.03366838776792826,tracking,0.14218969284749597,0.05895828121256425,0.02743725593501138
19.787,2.1769091140865253,1.6219211309963302,2.176929577637149,1.6219927929298663,7.452643572766959e-05,0.2,0.05670023947421026,0,0.042737611907765385,tracking,0.16018926868818642,0.0581394357187904,0.03578447704684098
19.826999999999998,2.1833479871082027,1.6202749423811473,2.183317631954686,1.6201686407410385,0.00011055077582198052,0.2,0.05628240781686295,0,0.04938358984528834,tracking,0.1721922439588622,0.05760878215871099,0.0419486298650844
19.887,2.193886230698333,1.617614904777018,2.1937636694945617,1.6171857039506248,0.0004463570297940193,0.2,0.055880263441607354,0,0.06025236981455363,tracking,0.19020963565136917,0.05686649600499673,0.05209342385005998
19.947,2.205375386700308,1.6147599157047037,2.205140398121074,1.613937002015079,0.0008558075560207074,0.2,0.05576786753118684,0,0.07209093679881115,tracking,0.20021929747003284,0.05647983667331145,0.059455621414695355
19.987,2.213152395236033,1.6128544433816308,2.2128341574934534,1.6117399969018145,0.0011589936225782163,0.2,0.05570844760837467,0,0.08009797661004822,tracking,0.20027174537760445,0.05569135312270492,0.07928840331177987
20.047,2.2248273154835214,1.6100312475850376,2.2243742504188133,1.6084446451839554,0.0016500227671092326,0.2,0.05560903353178466,0,0.09210939606368154,tracking,0.20030635669954375,0.055127567677780036,0.09128978188552474
20.107,2.236511814341797,1.6072479835034368,2.2359126567154246,1.605149775094362,0.002182078914510712,0.2,0.05555833120297504,0,0.1041208103233334,tracking,0.2003137186363341,0.05486205801698879,0.09928974671785072
20.147,2.2443065263979327,1.6054141287585242,2.2436038758604906,1.6029534953602165,0.0025589909141368688,0.2,0.05546177588735193,0,0.11212834173217026,tracking,0.20031925358966837,0.05475779478448036,0.11128806233695239
20.207,2.256005930298601,1.6026953263362822,2.255139043800216,1.5996595500053716,0.003157123711924917,0.2,0.05538271135519751,0,0.12413950063721177,tracking,0.20031751662308608,0.05466144729977178,0.11928580561167326
20.267,2.2677138725848605,1.6000143866253287,2.266672109586977,1.5963662049345477,0.0037940084070424,0.2,0.05523972185709218,0,0.13615046855458435,tracking,0.20030599666119625,0.05458249387757018,0.13128061543169448
20.307,2.2755236993882875,1.598247870291806,2.2743595247283728,1.594171011459422,0.004239820819088192,0.2,0.05512740369925419,0,0.14415758880197227,tracking,0.20029714545256416,0.05469294501517367,0.13927587909611824
20.367,2.28724467003481,1.5956290018338244,2.2863824504881265,1.5912792754503668,0.00443435927250262,0.2,0.05498231798056563,1,0.15616756902247458,tracking,0.20025697051343663,0.05485642506394818,0.15164728779442874
20.427,2.2989725584920615,1.5930469497041067,2.2981594145869826,1.588944800186534,0.004181965288580007,0.2,0.0547470982412709,1,0.16817633085982941,tracking,0.20023132296558888,0.05499176359938167,0.163653399899235
20.467,2.3067956557085694,1.591345979044182,2.3060111681874367,1.5873883952926997,0.004034586697644413,0.2,0.05457122150085042,1,0.1761822131500494,tracking,0.20021823155865862,0.05506127142060544,0.17165772730594905
20.527,2.3185370680488364,1.588825167295392,2.3177894645177433,1.5850536559488084,0.0038448938707213954,0.2,0.054277743153235046,1,0.18819117878481634,tracking,0.2002010086359183,0.05508030184062913,0.18366493500074
20.587,2.3302865779235167,1.586341269951273,2.3295685115688913,1.5827187677941352,0.0036929854004737086,0.2,0.0540650119247186,1,0.20020037227611,tracking,0.20018568266008135,0.05516467551003905,0.1916701624848434
20.627,2.338124043188065,1.5847059839014657,2.337421562004384,1.581162105836656,0.003612831514430886,0.2,0.05382067799759161,1,0.20820662122538075,tracking,0.20017487181710425,0.055112692624307576,0.20367861404071513
20.687,2.3498868138029043,1.5822843008945162,2.3492015023305446,1.5788270406135634,0.0035245284031203278,0.2,0.05368354588959581,1,0.22021608920374974,tracking,0.2001645022245633,0.05517851322050831,0.21168458215459612
20.747,2.361657446017344,1.579900503414774,2.3609817811409655,1.5764919082948146,0.0034749163611492405,0.2,0.05345018461610367,1,0.23222568008570874,tracking,0.2001567580928572,0.055082612820189406,0.22369386092118687
20.787,2.369504876466635,1.578336089078138,2.3688309026739445,1.5749360251395506,0.0034662191880658446,0.2,0.05327901389688655,1,0.24022752717704515,tracking,0.20001181222774236,0.0540454085035362,0.23170021334658975
20.847,2.381281799565633,1.5760209197460886,2.3806041451107958,1.57260228759792,0.003485148680422755,0.2,0.05301892218652966,1,0.25222985723065444,tracking,0.20001770378412428,0.05378702495861102,0.2437028613425384
20.907,2.3930661241247453,1.5737441581021656,2.3923771836974534,1.5702685904642613,0.003543191967422187,0.2,0.05283484093983823,1,0.2642321048908946,tracking,0.2000191383013082,0.053501024008116044,0.26370647814746906
20.947,2.4009264321167922,1.5722477035177411,2.400225733975055,1.5687128205454424,0.003603661403861637,0.2,0.052335192220555056,1,0.2722335933807371,tracking,0.20002001099166367,0.05311739992529039,0.2717077381420161
21.007,2.4127229815947393,1.5700352737755474,2.4119982652946597,1.566379223964216,0.0037271857934019588,0.2,0.05201270096210306,1,0.2842358192138814,tracking,0.20002191795114482,0.052711854943237525,0.2837093283147801
21.067,2.424526711847161,1.5678613725415076,2.4237703573779736,1.564045714450102,0.0038898995814246723,0.2,0.05179113319021522,1,0.2962380646057776,tracking,0.20002385926384034,0.05200724531828731,0.29171014510089394
21.107,2.4323997915138937,1.5664334627661163,2.4318693946844716,1.5627256155992812,0.003745590929248364,0.2,0.05147108512415527,2,0.3042395838218627,tracking,0.20002526708937324,0.051772910330076735,0.3039191160547211
21.167,2.444215173269787,1.5643233374268108,2.443743647166529,1.5610270380730615,0.0033298537949258632,0.2,0.05123469987790841,2,0.3162419117204447,tracking,0.20002736287189757,0.05108086177367137,0.3119157096276003
21.227,2.4560372899438656,1.5622508806511692,2.4556192191865076,1.5593282717907528,0.0029523593462081016,0.2,0.050869274730289765,2,0.3282443081370952,tracking,0.20002913067349867,0.05040896139439872,0.32391174182002186
21.267,2.4639223257770797,1.560889867885025,2.463536928035902,1.5581956664051884,0.002721626909195773,0.2,0.05062073723733622,2,0.3362459420852759,tracking,0.20003045835938468,0.05013044826427559,0.33190978770126156
21.327,2.475755119388456,1.5588787078158397,2.4754143704043754,1.5564966325749288,0.0024063234037661773,0.2,0.05023649774615826,2,0.34824843222163143,tracking,0.20003165688278723,0.04953588184793802,0.34390779778922836
21.387,2.4875939749171483,1.556903281671684,2.4872927440001678,1.5547974655352907,0.0021272521396484096,0.2,0.05005703413149873,2,0.3602509656492151,tracking,0.20003489508657696,0.04928523005934896,0.3519070126163226
21.427,2.4954898878088354,1.5556058314979435,2.495212201677404,1.5536646099849536,0.001960982037165095,0.2,0.04980762210278823,2,0.36825276653066985,tracking,0.20003318767280487,0.049078410325728884,0.36390664746219903
21.487,2.5073382477592436,1.5536883512326742,2.5070917663322603,1.551965272567756,0.0017406186197281418,0.2,0.049630474295022105,2,0.38025528143722737,tracking,0.20003227918495792,0.0489970800553642,0.3719068225342122
21.547,2.5191919322563843,1.5518048418084365,2.5189717867765617,1.5502658699511944,0.0015546377101014076,0.2,0.04934449682039425,2,0.39225767469478,tracking,0.20003145729971472,0.048886620392466336,0.38390747703693207
21.587,2.5270972936489633,1.5505678433345995,2.526892029450617,1.5491329021093296,0.0014495481058252931,0.2,0.04914136908772812,2,0.40025923104161365,tracking,0.20003089934730864,0.04882281246391599,0.3919081606556216
21.647,2.5389595966471155,1.5487401204908349,2.538772675485564,1.5474334100038327,0.0013200120520196299,0.2,0.048815346521971094,2,0.4122615142916286,tracking,0.20003035171197128,0.04873766299130141,0.40390952087449905
21.687,2.546870598334779,1.547540086481905,2.546693263723652,1.546300392730031,0.0012523131248770342,0.2,0.048585288572870505,2,0.4202630159834862,tracking,0.20003016420431882,0.04867174328820854,0.41191061108099986
21.747,2.5587415932980786,1.5457676512419776,2.558574677286167,1.5446007908319321,0.0011787383813060162,0.2,0.04821882333836839,2,0.43226560104248185,tracking,0.2000476175610411,0.048645757714746794,0.42391247470651505
21.807,2.570618948522756,1.544028509368982,2.570457656551902,1.5429009649645093,0.0011390221612943704,0.2,0.04796133307186681,2,0.4442696079396632,tracking,0.20007030427372735,0.04873482309566965,0.4439181271234647
21.867,2.582501830777659,1.5423227037720046,2.5824196832259396,1.541514423768546,0.000812443711431402,0.2,0.047269113137888834,3,0.45627430133094,tracking,0.200078455422726,0.04845411868410833,0.4519641775240766
21.907,2.5904265212585864,1.541204176882291,2.5903758715870433,1.5407058161176264,0.0005009279798380259,0.2,0.04682153159245455,3,0.4642775395269152,tracking,0.20007769713443038,0.04834046953115729,0.4639596851377614
21.967,2.6023175981467004,1.5395545802035646,2.6023113178818895,1.539492786366051,6.211215727014026e-05,0.2,0.04651461361122202,3,0.4762824917867746,tracking,0.20007885016932733,0.04795220336622273,0.4719575030756313
22.007,2.610247603307908,1.538473755609443,2.610268973982581,1.5386840295450253,0.00021135712365858979,0.2,0.046041746948156805,3,0.48428581382578034,tracking,0.20007894571953738,0.047639457263601845,0.4839552632455454
22.067,2.622146428064392,1.5368809967609527,2.6222063714189265,1.5374708014939789,0.0005928430052323682,0.2,0.045721271404714436,3,0.49629076744230716,tracking,0.20007792627142726,0.04708426930848254,0.4919544237174562
22.127,2.634049697141648,1.5353225030899795,2.6341447208852546,1.536257476685705,0.0009397899427811659,0.2,0.04531749334773865,3,0.5082956296759202,tracking,0.2000767730696823,0.04626805790950474,0.503953945159845
22.167,2.641987567267698,1.5343025365451644,2.6421040396188875,1.535448550887066,0.001151917827119682,0.2,0.04506454830568286,3,0.5162987611811861,tracking,0.2000745893211892,0.046062119900866706,0.5119541182802254
22.227,2.6538978995793645,1.5328010637373357,2.654043644180241,1.534235098520294,0.0014414219532873278,0.2,0.04467809522212052,3,0.5283033618145673,tracking,0.20007278505377418,0.0452329065129273,0.5239549795476284
22.287,2.6658122969161404,1.5313334836076746,2.6659838628246817,1.5330215837426961,0.0016967960769736791,0.2,0.044417783407368266,3,0.540307804964316,tracking,0.20007740582318637,0.04459136745761074,0.5319559280956797
22.327,2.6737588849257947,1.5303718083763531,2.6739459465870667,1.5322123769271556,0.0018500499061703908,0.2,0.04402329000675306,3,0.54831237117653,tracking,0.20017844631587214,0.04448326219590804,0.5439585613132538
22.387,2.6856819120855904,1.5289567958901515,2.6858894188639404,1.5309985314746217,0.002052253215359402,0.2,0.043757413510230235,3,0.5603190708475191,tracking,0.20020308152781485,0.043686895556861595,0.5519619148816626
22.447,2.697608748811743,1.527574754196024,2.697833345112594,1.5297846398837815,0.0022212695134340155,0.2,0.04335963714981352,3,0.572325713739544,tracking,0.20023010015303397,0.042924833516541534,0.5639669692077021
22.487,2.705562434917904,1.5266710621426616,2.705796621673075,1.528975311841138,0.002316119623254873,0.2,0.042962287994755766,3,0.5803305736385458,tracking,0.20024112684396536,0.04236331848763952,0.5759728187865563
22.547,2.717496010280444,1.5253412771860844,2.7177419609773255,1.527761276637865,0.002432465640438705,0.2,0.042698586658279726,3,0.592338010874033,tracking,0.20025297279845578,0.04192934405717054,0.5839772454689859
22.607,2.729432732353385,1.5240414222110745,2.7296327841851804,1.5267271139996768,0.0026931322133846467,0.2,0.04229575780020339,3,0.6043452985278994,tracking,0.20024806368444084,0.04156407515296223,0.5959842318497878
22.647,2.73739210119874,1.5231910007812384,2.7376112311085277,1.5261328153803524,0.002949964585028777,0.2,0.042016707695743165,4,0.6123499702278962,tracking,0.20023732910979297,0.04139991696431198,0.6039186633330651
22.707,2.749332914743509,1.5219390300718758,2.749578899289324,1.5252413676155545,0.003311486320244999,0.2,0.04159255785506092,4,0.6243562377065108,tracking,0.20020627373564745,0.04130520458289263,0.6239200370375306
22.767,2.7612762026264663,1.5207149619622533,2.761546961214556,1.5243498905215178,0.0036449987440301053,0.2,0.04084448566530176,4,0.636362089121225,tracking,0.20019142731903053,0.04128097527702654,0.6359212552113401
22.807,2.769239998114066,1.5199141417006201,2.769526136049139,1.5237555376815355,0.0038520381618152117,0.2,0.040531925586752206,4,0.6443660476206022,tracking,0.2001782652188762,0.04105244639026643,0.6439225355050954
22.867,2.7811881241639775,1.518735805116061,2.7814956217911186,1.5228639545302252,0.00413958601509384,0.2,0.04014701784125689,4,0.656372137459142,tracking,0.2001616655871504,0.04104758612875526,0.6559251814401866
22.927,2.793139182892938,1.5175847495456927,2.793466003134529,1.5219723046673483,0.004399710378636356,0.2,0.039883417110251104,4,0.6683784996754482,tracking,0.20013924490345678,0.04082422604851073,0.6639274522586738
22.967,2.801108085591267,1.5168326314525638,2.8014466492887546,1.5213778422316966,0.004557802804422514,0.2,0.039469118900469606,4,0.6763828167507173,tracking,0.20013382094363807,0.040913581479396846,0.6759314811474103
23.027,2.81306370022936,1.5157274313859712,2.8134181645645766,1.5204861079044532,0.004771859928004175,0.2,0.039183472086353255,4,0.6883894061316271,tracking,0.20011378020094736,0.04059333201658926,0.6839345338937467
23.087,2.825021999946231,1.5146501367821013,2.825390282950508,1.5195943286527387,0.0049578892308034155,0.2,0.03873949134008785,4,0.7003961332369648,tracking,0.20010617029520106,0.040223669081180656,0.6959396412547199
23.127,2.832995608414952,1.5139476211827012,2.8333719345057387,1.5189997913267688,0.005066166646609079,0.2,0.03843717666828976,4,0.7084006294846907,tracking,0.20009991994231444,0.040067657954850774,0.7039433163080027
23.187,2.844958044609236,1.5129175791617924,2.8453446662152952,1.5181079663897992,0.00520476664634717,0.2,0.037973244717158315,4,0.7204073303749082,tracking,0.2001001787943997,0.03950569701776387,0.7159491328994428
23.247,2.856922794664887,1.5119162253420027,2.8573175738829635,1.5172161283460606,0.005314585824262042,0.2,0.037661286716665736,4,0.7324139099613939,tracking,0.20010586145034986,0.039056580622237935,0.7239531205543487
23.287,2.86490051126507,1.5112646844987632,2.8652995348448727,1.5166215679730033,0.0053717241528047225,0.2,0.03718799530924116,4,0.7404181880439719,tracking,0.2001067974980165,0.03850293155946989,0.7359592058727586
23.347,2.8768686912168775,1.5103113310356069,2.8771514740036177,1.515855188640857,0.005551065055623769,0.2,0.036873010262851814,4,0.7524242787559631,tracking,0.20011935139101575,0.03790657213098185,0.7439632547131022
23.407,2.888838746822152,1.5093866349501701,2.8891375109520454,1.515243801197024,0.005864781023072807,0.2,0.03639123159973765,5,0.7644299979782248,tracking,0.20013155626286838,0.03712627771097844,0.7558392318536451
23.447,2.8968196953057723,1.5087859569314666,2.897128308169776,1.5148362041650643,0.006058113030266533,0.2,0.036079077812434045,5,0.7724335192520364,tracking,0.2001407266398539,0.036588730484507344,0.7638403657458617
23.507,2.908792471728105,1.5079082171055747,2.9091146699308803,1.5142248001530865,0.00632479510166023,0.2,0.03561315262071337,5,0.7844384266844627,tracking,0.2001551445000266,0.035785081576772605,0.7758421876153635
23.567,2.920766786649028,1.5070578873384728,2.9211011716856583,1.5136133890002688,0.006564024328910726,0.2,0.035306761421848784,5,0.7964428957913521,tracking,0.20017020589274245,0.03513925993538495,0.7838434966006348
23.607,2.9287504657233234,1.506505745674739,2.9290922230754863,1.5132057790034208,0.006708743898316849,0.2,0.034866541119533766,5,0.8044456448176662,tracking,0.2001759997464612,0.03454298805104509,0.8038470221336259
23.667,2.940727206630464,1.505699141306713,2.941078919950261,1.5125943578978625,0.006904180914358094,0.2,0.03427745517015221,5,0.8164495164165837,tracking,0.2001856058118597,0.03408833406272455,0.8158493026559291
23.727,2.9527054109392212,1.5049174869152884,2.953065807075601,1.5119829270879448,0.007074625799892509,0.2,0.03404088483268712,5,0.8284531976040345,tracking,0.20018511040948198,0.03358259722039439,0.823850935932688
23.767,2.9606916436737523,1.5044097620108121,2.9610571457545216,1.511575302436967,0.007174856191583599,0.2,0.033680357690943546,5,0.8364555533739763,tracking,0.20018759638610809,0.03340898147984557,0.8358535017230853
23.826999999999998,2.9726721849998823,1.5036675510989042,2.9730443571085567,1.5109638550886928,0.007305789758122038,0.2,0.033436191580849366,5,0.8484590631734001,tracking,0.200166310330525,0.03312288558835355,0.8438553579522353
23.887,2.9846541351522484,1.502947944630069,2.985031823610616,1.51035239472575,0.007414076462447168,0.2,0.033059610856015706,5,0.8604626027731922,tracking,0.20016624324526155,0.03278292986296098,0.8558583063227676
23.927,2.992642922532526,1.5024804566365721,2.993023663215272,1.5099447445233989,0.007473992047421934,0.2,0.032802082418455454,5,0.8684650566987918,tracking,0.20016202594889537,0.032888703548750266,0.8638604425438084
23.987,3.0046274078169195,1.501797332463516,3.0050118021995456,1.5093332498582774,0.007545714679343565,0.2,0.03240258003929963,5,0.880468995476029,tracking,0.20014127659447742,0.03260834117667055,0.875863998765682
24.027,3.0126178296715374,1.5013538537447462,3.0130040505426274,1.5089255788068714,0.00758156889948781,0.2,0.03212832452056439,5,0.8884717146881941,tracking,0.20011834943769383,0.032718825892401,0.8838666102274164
24.087,3.024604764065617,1.5007065198482734,3.0248636275533562,1.5083805538185953,0.007678398770768433,0.2,0.031703173402734826,5,0.9004761154371483,tracking,0.20011340347499698,0.03245032812210682,0.8958707702273827
24.147,3.0365930718967813,1.5000806411144834,3.0368593980934877,1.507975907838118,0.007899757355791747,0.2,0.031404586224506675,6,0.9124807499107241,tracking,0.20010172245701993,0.03238354253044705,0.9037411947160762
24.187,3.044586029696951,1.4996754629807703,3.044856923343689,1.5077061322171663,0.008035236882148593,0.2,0.030955204135510048,6,0.9204839707445717,tracking,0.20008835310410025,0.03218405918691049,0.9157440051134828
24.247,3.056576533050954,1.4990858612755515,3.0568536645913302,1.5073014534924072,0.00822026504221916,0.2,0.030649537188851664,6,0.9324889614090058,tracking,0.2000823055024127,0.03197924427902784,0.9237462060664896
24.307,3.0685682533276966,1.498518464831596,3.068850873193443,1.506896759002666,0.008383059537275335,0.2,0.030182405410837745,6,0.9444940975565161,tracking,0.20007632883046464,0.03160605780264591,0.9357499204277985
24.347,3.076563311267812,1.4981526563612646,3.0768491696732867,1.5066269573662971,0.008479120977546913,0.2,0.029737584171633247,6,0.9524975197809631,tracking,0.2000731509959746,0.031175354820038286,0.9477540537993973
24.407,3.088556568077844,1.497622844781186,3.0888466466760893,1.5062222538227596,0.00860430017244054,0.2,0.029473599408434203,6,0.9645024733094762,tracking,0.20007744437768002,0.03080133184986544,0.9557569304445839
24.467,3.1005505888381126,1.497115835093734,3.100844118472774,1.5058175504548372,0.008706664681270657,0.2,0.02907412012077466,6,0.976507205410649,tracking,0.20008341812645164,0.030233231511854065,0.9677612375189568
24.507,3.1085469481634997,1.4967905206555245,3.1088423504509,1.5055477509942652,0.008762211234452236,0.2,0.028809560239636565,6,0.9845101793544034,tracking,0.20008942742062968,0.029812210525373407,0.9757641075809504
24.567,3.1205418624706653,1.496321522427793,3.1208394340189476,1.5051430607222214,0.00882655576691229,0.2,0.02815273235079205,6,0.9965142590181619,tracking,0.20010091230546756,0.02913226163169882,0.995770795967349
24.627,3.132537214738627,1.4958751469225027,3.1328361927989192,1.504738381406055,0.008868275671796,0.2,0.02776578134521104,6,1.0085179137584572,tracking,0.20011593130356325,0.028528775778978693,1.0077743782065705
24.667,3.140534370729809,1.495589876559232,3.140833871290384,1.5044686006159096,0.008883774055006781,0.2,0.027513095369026335,6,1.0165201561396562,tracking,0.2001243667061066,0.02793235071360507,1.0157766055794695
24.727,3.1525303488101826,1.4951802170384916,3.1528300180613376,1.5040639419442685,0.008888777748465151,0.2,0.027138659733505686,6,1.0285231270647122,tracking,0.20013987603538327,0.027335790949399558,1.0277795754615775
24.787,3.1645266474534064,1.4947916764496385,3.164825773448492,1.5036592964749373,0.00887266370792993,0.2,0.026894118401937363,6,1.0405257161573456,tracking,0.20014625985085044,0.026553378563070315,1.0357813579441029
24.826999999999998,3.1725243503282328,1.4945440039141467,3.172678342615183,1.5034266978725797,0.008884028679806371,0.2,0.02652358264762306,7,1.0485272530696421,tracking,0.20015812310317171,0.026295199704795442,1.0476383651133714
24.887,3.1845212280910205,1.4941887381149244,3.184677772981278,1.5032186731750252,0.009031291906051115,0.2,0.02628411487716556,7,1.0605293899561872,tracking,0.20015748437646125,0.025670746606981935,1.0556392023898498
24.947,3.1965184719282584,1.4938521221466177,3.1966772460915096,1.5030106477364495,0.009159901757907749,0.2,0.02592356347717902,7,1.0725313552119387,tracking,0.20015937769025274,0.025218263500386213,1.0676404479621608
24.987,3.2045169118279206,1.493637590488433,3.2046770008770533,1.5028719622723068,0.009235759348665282,0.2,0.025683006763897762,7,1.0805326716449308,tracking,0.20015460657028616,0.025126832120192098,1.0756413333481238
25.047,3.216515000302519,1.4933299742764174,3.2166768157759305,1.5026639309084098,0.009335359160490227,0.2,0.025316204649173543,7,1.0925347029221018,tracking,0.20014683521368418,0.024830303937570575,1.087642863356315
25.107,3.228513607812129,1.4930387711267756,3.2286768650989957,1.5024558954804847,0.009418539379061723,0.2,0.025085328089012073,7,1.104536843624661,tracking,0.2001363803904033,0.024815265973244374,1.0956440294378615
25.147,3.2365130202829833,1.4928535530526086,3.2366770841296275,1.5023172019680895,0.009465070931654903,0.2,0.02477192459733627,7,1.1125384000741185,tracking,0.20012413323508912,0.024722600614476776,1.1076459792856757
25.207,3.24851259834076,1.4925888366400817,3.2486776446674632,1.5021091576776358,0.009521751569330762,0.2,0.024556779075415574,7,1.1245408976618598,tracking,0.20010947166173407,0.024811097827244725,1.1156474752036702
25.267,3.2605128094905655,1.4923398381030546,3.2606785657005233,1.5019011071375592,0.009562705719163178,0.2,0.02422104082765268,7,1.1365436918328586,tracking,0.20009246678889958,0.024812212203808984,1.1276499597070389
25.307,3.268513327662316,1.4921826269665772,3.2686794047114436,1.5017624028770529,0.009581215375993619,0.2,0.023990248586702793,7,1.144545754464327,tracking,0.20008176711460124,0.024787040101011796,1.1356518111893008
25.367,3.2805145340575965,1.4919601716572897,3.280680860670123,1.5015543430633913,0.009595613034699389,0.2,0.023632102289982155,7,1.1565490224071313,tracking,0.2000677546066585,0.024698954210047527,1.1476549136521979
25.427,3.2925162354107886,1.4917541097161544,3.292682527324445,1.501346279597065,0.009593611208757314,0.2,0.02338769098729635,7,1.1685524926093185,tracking,0.2000585513962818,0.024626426113899105,1.1556571117212597
25.467,3.300517573899469,1.4916259913969536,3.3006836821980468,1.5012075698606953,0.00958301820011284,0.2,0.023012177696111732,7,1.1765548567546291,tracking,0.20005290394278807,0.024336887640189844,1.175662938890664
25.527,3.31251984709107,1.4914481310807686,3.312685431756445,1.500999504957126,0.009552809074160964,0.2,0.022375430471260883,7,1.1885584477197488,tracking,0.2000515707762771,0.024084893144524132,1.1876664918424618
25.587,3.3245222815065167,1.4912876354385767,3.3245750906037355,1.5008464040335419,0.009558914470421927,0.2,0.022116397595703594,8,1.2005619551550053,tracking,0.20005004294941955,0.02355065201586706,1.1955562946646676
25.627,3.3325238859037216,1.4911904164565122,3.3325769878700475,1.5008021961456248,0.009611926373566644,0.2,0.021735238161323663,8,1.208564150132625,tracking,0.20005779125486092,0.02324598880915509,1.2075593506221731
25.687,3.3445261611035155,1.4910593119517992,3.344579621034844,1.5007358854890394,0.009676721210506906,0.2,0.021484756678342893,8,1.220567141358263,tracking,0.2000512581192221,0.0226096725612551,1.2155612607232937
25.747,3.3565282678775525,1.4909458432856535,3.356581988349708,1.5006695763011888,0.009723881408498355,0.2,0.021114562180736023,8,1.2325697844902395,tracking,0.20007445636149246,0.021781383070612375,1.227563914712389
25.787,3.3645295125640247,1.4908798856975396,3.364583353212472,1.5006253713546287,0.009745634382017141,0.2,0.02087361807570847,8,1.2405713010300103,tracking,0.20007321587791346,0.021478096155888783,1.235565489010045
25.847,3.376531183473469,1.49079527220154,3.376585125265452,1.5005590654554068,0.00976394225818531,0.2,0.020550714133753655,8,1.252573270204371,tracking,0.20009869036691258,0.02065801080575415,1.2475675330315954
25.887,3.3845320932134992,1.4907481703116325,3.384586051023558,1.5005148629347576,0.009766841671690545,0.2,0.020365702672918474,8,1.2605743185891858,tracking,0.20011265832029532,0.020374717904994805,1.255568706225731
25.947,3.3965332449308105,1.4906910583870643,3.3965871519676236,1.500448560743195,0.009757651264444446,0.2,0.02009498027378183,8,1.2725756061998488,tracking,0.20012198297924613,0.019676809487334086,1.2675700935075875
26.007,3.4085340792542427,1.490649407798368,3.408587850111237,1.5003822607769741,0.00973300151074798,0.2,0.019918852454202867,8,1.2845765128001856,tracking,0.2001338992078196,0.019244122073612074,1.275570823260875
26.047,3.4165345198314676,1.4906297786478124,3.4165881549475117,1.5003380616867168,0.009708431196086791,0.2,0.01965803878498932,8,1.2925769774575202,tracking,0.20013414876866897,0.01895698914206001,1.2875716047749535
26.107,3.4285350656685276,1.4906117574382711,3.428588434072884,1.500271764035436,0.009660154017605066,0.2,0.019485647071170963,8,1.3045775368257901,tracking,0.2001382806972944,0.018676389417530127,1.2955719796610001
26.167,3.4405355873542764,1.4906069674036826,3.4405886159519614,1.5002054669214093,0.009598645999513303,0.2,0.019226580650814586,8,1.3165780594675154,tracking,0.200136453845355,0.018441007189061012,1.3075724035028278
26.207,3.4485358289447445,1.4906107278139593,3.448588592591756,1.5001612696443312,0.009550687580280723,0.2,0.01896566676732972,8,1.3245783019417496,tracking,0.20013044894662801,0.01826188618295648,1.319572690573958
26.267,3.4605353433258217,1.490629633195364,3.460587636291411,1.5000949788183768,0.009465490072750604,0.2,0.018790323774803164,8,1.336577831215647,tracking,0.19998340111896487,0.018289784767054163,1.3275725097463273
26.327,3.472534435036654,1.490659170121176,3.472483786993539,1.5000619921108782,0.009402958395861319,0.2,0.018508758317014335,8,1.3485769592804253,tracking,0.1999850933513814,0.018288456182105315,1.3395714127455487
26.367,3.4805337150581312,1.4906852021095292,3.4804829751464665,1.500105079518775,0.009420014062826792,0.2,0.018314636021589406,9,1.3565762816596287,tracking,0.19999059210068973,0.018241622974503952,1.347468282587943
26.427,3.4925330139595285,1.4907334936941596,3.492482186023011,1.5001697129395162,0.00943635613600757,0.2,0.018018277806817903,9,1.368575677736191,tracking,0.1999932457210734,0.018215630899824874,1.367466971732957
26.487,3.5045322478882586,1.490793171720788,3.504481393259752,1.5002343463406518,0.009441311582402058,0.2,0.01750740876911937,9,1.38057506006793,tracking,0.19999288492492956,0.01823422392399316,1.3794663530414577
26.527,3.5125316914964646,1.490839360674552,3.5124808535664536,1.5002774352144974,0.009438211457511062,0.2,0.01729871164639966,9,1.3885746370230145,tracking,0.1999925945027125,0.01806039975021993,1.3874659293958371
26.587,3.524530773129871,1.4909185825719324,3.52448001378176,1.5003420683623534,0.009423622496348547,0.2,0.017016803949249516,9,1.4005739801781285,tracking,0.19999228023936133,0.017987214961862442,1.3994652636822211
26.647,3.536529742680432,1.491009921078009,3.53647912718136,1.5004067012580378,0.009396916498539704,0.2,0.016839791268936338,9,1.4125732973669514,tracking,0.1999919149172913,0.01766026810997542,1.4074647948580001
26.687,3.544528977530381,1.491077747624125,3.5444784952827786,1.5004497896352222,0.009372177970733052,0.2,0.016570507606078845,9,1.4205728197667573,tracking,0.1999913667581254,0.017616454997051154,1.419464035299978
26.747,3.556527706814398,1.4911900768125408,3.55647748148526,1.5005144218457627,0.009324480300920614,0.2,0.016391284921202922,9,1.4325720748385398,tracking,0.19999080905601369,0.017178147285872584,1.4274634855714603
26.807,3.56852626126464,1.491315368277293,3.5684763626779605,1.500579053490671,0.009263819601088522,0.2,0.01612181229847468,9,1.4445712834310496,tracking,0.19998962700455455,0.016754332202817003,1.4394625756033637
26.847,3.5765251909622267,1.4914061764053548,3.57647554942194,1.5006221408909786,0.009216098181052592,0.2,0.015944528126498915,9,1.452570728563248,tracking,0.19998939995756398,0.01650948139668348,1.4474619074776063
26.907,3.5885234203635767,1.4915533286705243,3.5884742233243654,1.5006867714193235,0.009133575247090292,0.2,0.015680708509232474,9,1.464569860305027,tracking,0.19998820533195644,0.016004963232178048,1.4594607984172623
26.967,3.6005214339519154,1.4917135428875852,3.6004727517758455,1.500751401164201,0.009037989388268748,0.2,0.015508695106130076,9,1.4765689435475629,tracking,0.199987527561497,0.015595126578226117,1.4674599840112006
27.007,3.6085199938947956,1.4918275298382924,3.6084716936243173,1.5007944872453853,0.008967087490191435,0.2,0.015254499476765347,9,1.4845683156594713,tracking,0.19998699566815392,0.015188775155676792,1.4794586401085958
27.067,3.620517649922036,1.4920089732452042,3.620380720989815,1.5008737173325881,0.008865801558081891,0.2,0.015089290958516592,9,1.4965673436141806,tracking,0.19998667029913555,0.014786511256564583,1.4874576633124803
27.127,3.632515128929137,1.4922024732994816,3.6323783263412475,1.5010590378871116,0.008857621082599673,0.2,0.01484371148307561,10,1.5085663829422613,tracking,0.19998986666194013,0.014374081105781002,1.4993671916404447
27.167,3.6405134674327484,1.4923378364080233,3.6403768473333518,1.5011825867372535,0.00884580541488315,0.2,0.014684973797227274,10,1.5165658667999555,tracking,0.1999885374709331,0.01408698311793134,1.5073665557506484
27.227,3.6525106595013805,1.4925502775934385,3.652374458318433,1.5013679073787969,0.008818681635815846,0.2,0.014449976768968458,10,1.5285649396303416,tracking,0.1999862059092258,0.01370183826373966,1.519365730785773
27.287,3.6645075758348584,1.4927731761974403,3.66437195512572,1.5015532262566973,0.008781097426848513,0.2,0.014296768183551049,10,1.540563926475077,tracking,0.1999852190263702,0.013509100277702517,1.5393640010384095
27.327,3.6725053908194982,1.4929270930735348,3.672370239245433,1.5016767714479988,0.008750722119033159,0.2,0.013940888449861697,10,1.5485632223774222,tracking,0.19998477444657792,0.01331969457485002,1.5473632392692631
27.387,3.6845019475200913,1.4931654771780625,3.6843676156447587,1.5018620884660223,0.008697648702183881,0.2,0.013755749344580386,10,1.5605621473147586,tracking,0.19998462148294566,0.013302115026877302,1.559362046829361
27.447,3.6964983302443875,1.4934123577003346,3.6963649493175748,1.5020474048240724,0.00863607719400475,0.2,0.013629818702541924,10,1.5725610701189134,tracking,0.1999848449750968,0.013228840154475357,1.5673612264180565
27.487,3.704495831270376,1.4935814900971525,3.7043631545234272,1.5021709487964339,0.008590483331329033,0.2,0.013434316192171556,10,1.5805603593641118,tracking,0.19998506354973367,0.013313431708520989,1.5793599709654318
27.547,3.716491968339412,1.493841825442783,3.716360450379423,1.5023562645703479,0.00851545481056694,0.2,0.013300310462085494,10,1.5925593209471525,tracking,0.19998610842523046,0.01331965388482258,1.5873591229351545
27.607,3.72848798919884,1.494110057450143,3.72835775199992,1.502541580433303,0.008432528775138632,0.2,0.01309147019940775,10,1.6045583402766477,tracking,0.19998691707971009,0.013283446908599601,1.5993578492481475
27.647,3.7364852787316525,1.4942932710860932,3.7363559632164867,1.5026651244985088,0.008372852086442,0.2,0.01294820709719719,10,1.6125577281974846,tracking,0.1999888016066074,0.01339272366976738,1.6073570106630206
27.707,3.7484811470933304,1.4945748087493342,3.748353317851892,1.5028504411803567,0.008276619626898265,0.2,0.012726160601939238,10,1.6245568998858357,tracking,0.19998986443015207,0.013305207124632082,1.6193557787447341
27.767,3.7604781252595716,1.494861957644306,3.760351868680135,1.5030357763391518,0.008174793745413996,0.2,0.012574435294673444,10,1.6365573140290706,tracking,0.20002578669468996,0.013436595056082596,1.627354879679077
27.807,3.7684766934159737,1.49505776264815,3.768288458399063,1.503158558741709,0.008102982770005731,0.2,0.012335824736923583,10,1.644558278480444,tracking,0.20003465301056395,0.013299394916001283,1.6393556927113535
27.867,3.780474304221706,1.49535933531722,3.7802865984557337,1.5034373548094515,0.008080200020510008,0.2,0.012174505835369973,11,1.656559678862089,tracking,0.20003199940536667,0.013126817931534277,1.6472933718732983
27.927,3.7924716022328067,1.4956706053823414,3.7922846510995534,1.503716148846016,0.008047715225584312,0.2,0.011933258289252112,11,1.6685610141469898,tracking,0.20002600201267914,0.012816034950160754,1.6592947221595422
27.967,3.800469554813543,1.495883660145467,3.8002832355951055,1.503902008812172,0.008020513087827228,0.2,0.011773613753651392,11,1.6765618039714885,tracking,0.20001743713666936,0.01254468733838952,1.6672955742120923
28.027,3.812466038167179,1.496211723673481,3.8122808640336068,1.5041807929916442,0.007971220437137133,0.2,0.0115374944471238,11,1.6885627722046133,tracking,0.19999896962854682,0.012062076614738142,1.6792966339559479
28.087,3.8244619125795385,1.4965500376505032,3.824278121916567,1.5044595685606628,0.007911665957721227,0.2,0.011312320734564469,11,1.7005634163233325,tracking,0.1999746966970143,0.011504624406818926,1.6912973864494687
28.127,3.832458884462042,1.4967812790809631,3.83227614861151,1.5046454155654252,0.007866259278546367,0.2,0.011194100155027144,11,1.708563730810196,tracking,0.19995865314259767,0.011134104498210482,1.6992976811394684
28.187,3.844453677976955,1.4971365361030353,3.844272719666752,1.5049241751748978,0.007789741216730593,0.2,0.011023858531067745,11,1.720563784102458,tracking,0.19992607313473923,0.010551604063245778,1.7192976761019103
28.247,3.8564476798091363,1.4975015504525104,3.856268726071324,1.5052029216638048,0.007703450069574674,0.2,0.010764611276197517,11,1.732563338903603,tracking,0.19989555985010243,0.010040030555532552,1.73129692063078
28.287,3.8644432870987604,1.4977500510142943,3.8642657897370207,1.5053887462910347,0.007640757216684824,0.2,0.010669128840488111,11,1.7405628069146084,tracking,0.19987761514471294,0.009651712168372293,1.7392961429720637
28.347,3.8764361715162305,1.498130099774597,3.8762610284900667,1.5056674749423247,0.007539409757977854,0.2,0.010532055680186682,11,1.7525617116025791,tracking,0.199854746218066,0.009256286638108919,1.7512946196421924
28.407,3.8884285337501003,1.498518124276326,3.8882559305704656,1.5059461957704845,0.007430076579682835,0.2,0.010444570153897097,11,1.7645603496487194,tracking,0.19984264224421514,0.008890270681591445,1.7592934184501343
28.447,3.8964232013387456,1.4987808099200146,3.8962523844775934,1.506132006228994,0.0073531806433139064,0.2,0.010315127295884746,11,1.7725593316839747,tracking,0.19983624554845278,0.008812672108046407,1.7712913719669152
28.507,3.9084149650186415,1.4991801696000773,3.908246951575975,1.5064107192733083,0.007232501440993813,0.2,0.010229278230024235,11,1.7845577434250566,tracking,0.1998407246943991,0.008685242846129744,1.7792899155466744
28.567,3.920406591640874,1.499585288616186,3.920191681773165,1.5067061031004434,0.007124056791635539,0.2,0.010097116097614356,11,1.7965562112632536,tracking,0.19985097512271527,0.008708904680872195,1.7912877063522217
28.607,3.928401015819562,1.4998582916790821,3.9281870626238478,1.5069474078338696,0.007092344029023482,0.2,0.01000545275537626,12,1.8045552954996613,tracking,0.19986555166104691,0.008826896066485316,1.7992371008976527
28.667,3.940392735383403,1.5002719204513568,3.940180341476431,1.5073093711987768,0.007040655096941013,0.2,0.009861409319125105,12,1.8165541465637867,tracking,0.1998875456520955,0.0089853116386686,1.8112357448254703
28.727,3.9523846146888157,1.5006903609524982,3.9521739250135286,1.5076713437592206,0.006984161444799716,0.2,0.009760326548994095,12,1.828553324107626,tracking,0.19991528848529694,0.00926001766144985,1.819235011233218
28.767,3.9603793502827536,1.5009720076189343,3.9601698776270924,1.5079126657487465,0.0069438184069283695,0.2,0.009598758599171659,12,1.8365530192306723,tracking,0.1999362775170113,0.009378117527515573,1.8312341783801915
28.826999999999998,3.972371641571123,1.501398617154275,3.972164119093544,1.5082746581658386,0.0068791718666860536,0.2,0.009485241923847408,12,1.8485528961484057,tracking,0.19996560346764347,0.009649208111205386,1.8392338584648211
28.867,3.980366631799587,1.5016859465625692,3.9801604974619207,1.5085159930048653,0.0068331563547958584,0.2,0.009344717574251512,12,1.856553047830849,tracking,0.19998447563466032,0.009755049163848263,1.8512336907655869
28.927,3.9923592033176556,1.502121650025699,3.9921552931127335,1.5088780021475283,0.00675942847922942,0.2,0.009246406407150647,12,1.868553531534591,tracking,0.2000062695094612,0.009942160792070213,1.8592337843204965
28.987,4.004351795273625,1.5025635239057709,4.0041502952397545,1.5092400175217504,0.006679533611552955,0.2,0.009090559322955105,12,1.8805542612769142,tracking,0.20002068830438965,0.009972506157844539,1.8712341251603175
29.027,4.012346805550073,1.5028618333257078,4.012147024718736,1.5094813629574768,0.006622543690036174,0.2,0.008983380442841853,12,1.8885548348707588,tracking,0.20002463561272424,0.00991484919495703,1.8792344494788502
29.087,4.024339092548622,1.5033153033602067,4.0241420718253105,1.509843379689205,0.006531048746001103,0.2,0.00881886840637238,12,1.9005556924454394,tracking,0.20002219575136135,0.00971550141766803,1.8992353288833144
29.147,4.036330945967039,1.5037763951591003,4.036136915565787,1.510205390283239,0.006431922426678516,0.2,0.008547227913661014,12,1.9125564071764796,tracking,0.2000095640145348,0.009439533540155677,1.9112356342139556
29.187,4.044325216397369,1.5040881568399398,4.044133311498665,1.5104467256523713,0.0063614640478881,0.2,0.008442655864602803,12,1.9205567543601263,tracking,0.19999743484696822,0.009118769923282343,1.9192356711311045
29.247,4.056316054697771,1.5045625042061217,4.056127540740732,1.5108087177005254,0.00624905757131977,0.2,0.008291778106442913,12,1.9325569713819213,tracking,0.19997274014896738,0.008692240783053777,1.9312353616835398
29.307,4.068306158101658,1.5050448503375813,4.068079192129414,1.5111770923806866,0.006136440827367743,0.2,0.008196972542761263,12,1.9445567729397155,tracking,0.19994715168558955,0.00812552715784109,1.9392348934983519
29.347,4.07629911226299,1.5053707980672235,4.076073259314973,1.5114729680519665,0.006106348178480013,0.2,0.008062563414315427,13,1.9525563703138096,tracking,0.1999231929936511,0.007807046713124489,1.9511922532261339
29.407,4.0882878738496675,1.5058660607100436,4.088063925727314,1.5119167654821721,0.006054847727314424,0.2,0.007979905230606746,13,1.964555357332203,tracking,0.1998948269784468,0.007236186276481509,1.9591915619419593
29.467,4.1002758862957345,1.5063685335907468,4.100054110523456,1.5123605450868438,0.0059961142636317175,0.2,0.007864544542837226,13,1.976553895634967,tracking,0.19986437184567699,0.006724979165407287,1.971190102163431
29.507,4.108267505011197,1.5067072151586007,4.1080473147489345,1.5126563888183253,0.005953247095926391,0.2,0.007793402706566182,13,1.9845526877248851,tracking,0.1998506789895094,0.0064862636743712315,1.979188881701316
29.567,4.120254431984378,1.5072202381176423,4.120036805501466,1.5131001427351196,0.005883930624735129,0.2,0.007698483517108013,13,1.9965505879918852,tracking,0.19983080950553275,0.006147288706674569,1.9911867040625792
29.627,4.132240917878541,1.5077385385330535,4.132026050839891,1.5135438875686698,0.005809323994203499,0.2,0.007655808074994505,13,2.0085482744110066,tracking,0.19982250690990483,0.006013535985000943,1.999185072137482
29.667,4.140231757138488,1.508086627550671,4.140018824387488,1.5138397153599414,0.005757026984271002,0.2,0.007592747576509273,13,2.0165466916320884,tracking,0.19982392086326692,0.0059801249061811725,2.011182481232311
29.727,4.152217931006664,1.5086120764393693,4.1520080223434634,1.5142834584397769,0.0056752652309326425,0.2,0.007549736155596485,13,2.028544377264442,tracking,0.19983338955909963,0.0060726440406498605,2.019180726711195
29.787,4.16420415315794,1.5091410701978738,4.163997399539394,1.5147272081536247,0.005589962819148542,0.2,0.007480649896244507,13,2.04054226690622,tracking,0.1998521107304033,0.00625483760887982,2.0311781787045975
29.847,4.176190565479574,1.5096732970422728,4.175987086144502,1.5151709693192963,0.00550143656742071,0.2,0.007430507710879175,13,2.0525404895145116,tracking,0.1998772749228174,0.006533552035441341,2.0391765956561523
29.887,4.184181664946257,1.510029834190249,4.183980431796535,1.5154668182852442,0.005440706831816862,0.2,0.007346855092815101,13,2.060539538797039,tracking,0.19989702692011646,0.006705115711344316,2.0511744916742414
29.947,4.1961685612415405,1.51056725884828,4.195970793831029,1.5159106044498454,0.00534700422352828,0.2,0.0072850735033182104,13,2.072538476585733,tracking,0.19992794204719377,0.007039922655606522,2.071171882329697
29.987,4.204160007732551,1.510927350342238,4.203964617405815,1.516206471104626,0.00528273540920393,0.2,0.007106887451484341,13,2.0805380317547852,tracking,0.19994912948070687,0.007206497736991194,2.079171179325197
30.047,4.216147417767827,1.5114704612728653,4.215955702649383,1.516650284036574,0.005183369420567604,0.2,0.006984264398806856,13,2.092537738786075,tracking,0.1999774900188292,0.007494770206079117,2.0911704749394024
30.107,4.228135041763654,1.5120175373495948,4.227915523338094,1.5171591953228212,0.005146341909823226,0.2,0.006896757785512939,14,2.1045378396731116,tracking,0.20000032114411756,0.0076649949463275845,2.0991410773222188
30.147,4.236126826539386,1.5123847402309571,4.235908416177891,1.5175004446359792,0.005120364698492746,0.2,0.006759308577119444,14,2.1125380560362923,tracking,0.20001073242476733,0.0077129910790865565,2.111141297156004
30.207,4.248114425168081,1.5129397264339903,4.24789785526234,1.5180123228676439,0.005077217456716564,0.2,0.00661745437858981,14,2.124538494801948,tracking,0.20001797322141585,0.007669977610734618,2.123141658354059
30.267,4.2601017581379335,1.5135002265824236,4.2598872641558785,1.5185241998103347,0.005028549956310047,0.2,0.006523218188718779,14,2.1365389244670268,tracking,0.20001648685887913,0.007418001600258441,2.131141899036571
30.327,4.272088630692676,1.514066735347292,4.271876469537696,1.5190360680642774,0.00497385966908829,0.2,0.0063931860424713185,14,2.148539176373729,tracking,0.20000242258777098,0.007106261926897285,2.143142104627197
30.367,4.280079565207735,1.5144479082357336,4.279869109015429,1.519377306560372,0.004933888897393918,0.2,0.006320378693836878,14,2.1565391968233802,tracking,0.1999903811944339,0.006877860447888156,2.151142096489674
30.427,4.292065412787641,1.5150250523480084,4.291857744527676,1.5198891504842498,0.004868529221970779,0.2,0.006216334850786413,14,2.1685389317177473,tracking,0.1999649237876919,0.006442395227571138,2.1631417901733134
30.487,4.3040505416882,1.5156086892526248,4.303845939367709,1.520400975594027,0.004796652008176249,0.2,0.006152133877939949,14,2.1805382628157477,tracking,0.19993588549643843,0.005998590299939552,2.1711413493151603
30.527,4.312040195883587,1.5160013445118203,4.311837790192725,1.5207421804193089,0.0047451547040561195,0.2,0.0060635362622678815,14,2.188537559804511,tracking,0.1999157335747455,0.005647475565178129,2.1831403045951605
30.587,4.324024035499001,1.5165954806929762,4.323825145534929,1.5212539696874874,0.004662732774863891,0.2,0.006010632796859608,14,2.200536118456687,tracking,0.19988472992748232,0.0051894057531789205,2.191139322177104
30.647,4.336007150017706,1.5171954469049835,4.335812025554718,1.5217657386622063,0.004574455191844702,0.2,0.005939747089991724,14,2.212534243019466,tracking,0.1998569437939863,0.00475490123391378,2.2031374345438506
30.687,4.343995535731053,1.517598383573059,4.343803048362423,1.5221069081360397,0.00451263172905581,0.2,0.005898225483421508,14,2.2205327844029736,tracking,0.19984139439096082,0.00451181744960035,2.211135916509487
30.747,4.355977675678191,1.5182066909642158,4.355789311054981,1.5226186507545323,0.004415978988021433,0.2,0.00584247026984917,14,2.232530355640309,tracking,0.19982496529763044,0.004246376479528619,2.223133311775241
30.807,4.367959443198381,1.5188189680301758,4.36775430218753,1.5231401625841687,0.004326061165516649,0.2,0.005808788640159854,14,2.2445277568636315,tracking,0.19981804894390137,0.004132826923811249,2.2311314008746193
30.847,4.375947170191241,1.5192289507260537,4.375743487100918,1.5235194349007772,0.004295316199633822,0.2,0.0057601430327647715,15,2.252525998440589,tracking,0.19981939389427858,0.004111174162836741,2.2511059552202175
30.907,4.387928702817011,1.519846112922182,4.387727310382641,1.524088345555263,0.004247010316186882,0.2,0.005676264541283255,15,2.2645234153808618,tracking,0.1998292432704585,0.004221930817027615,2.2631032749117304
30.967,4.399910322095836,1.5204654109591096,4.399711321289802,1.5246572651169323,0.0041965751037314125,0.2,0.005638598864149777,15,2.276521028918614,tracking,0.1998493574991722,0.004411710070924923,2.2711015821119376
31.007,4.407898177606157,1.5208792927706394,4.407700819118998,1.5250365522886609,0.004161941502788564,0.2,0.005574707115456432,15,2.2845195996539185,tracking,0.19986367898144133,0.004604227370377247,2.2830992781936508
31.067,4.419880207349067,1.521501518114546,4.419685378223449,1.5256054978750195,0.004108601740564046,0.2,0.005532899960909359,15,2.2965177745625693,tracking,0.19989261407554165,0.0048857170897163935,2.2910979412354107
31.127,4.431862566456205,1.5221254668681896,4.431670347583341,1.5261744629375242,0.0040535561257459265,0.2,0.005474390002993156,15,2.308516367889272,tracking,0.19992285867481188,0.005223786435274328,2.3030962640732584
31.167,4.43985100924065,1.5225424890507258,4.439660580114376,1.5265537849879134,0.004015813534992813,0.2,0.005428703530694114,15,2.3165156882117164,tracking,0.1999445754466211,0.005463378833445877,2.3110953898301547
31.227,4.451833922583225,1.5231698752480858,4.451646265282996,1.5271227840321617,0.003957360625158386,0.2,0.005349657899918312,15,2.3285150142601365,tracking,0.19997202644292564,0.00574352336848517,2.3230944468334016
31.287,4.463817065301678,1.5237999449471897,4.46363230641971,1.527691799975361,0.0038962381093521656,0.2,0.005290968198419692,15,2.3405147099744688,tracking,0.1999941897222674,0.005974881106423552,2.331094026698285
31.347,4.475800271710653,1.5244333292889467,4.4756185681066425,1.528260826388789,0.0038318076998997168,0.2,0.0051949903772882,15,2.352514643789472,tracking,0.20000815833863578,0.00606188872807608,2.343093659444582
31.387,4.483789029270354,1.524857756657064,4.483609465462602,1.5286401800005567,0.0037866831806281985,0.2,0.00512757334380765,15,2.3605146679105915,tracking,0.2000117510906998,0.006040102982163255,2.3510935174424388
31.447,4.495771975643226,1.5254981114950907,4.495595797865947,1.5292092097711203,0.0037152777855170484,0.2,0.005023548600518384,15,2.3725147119977485,tracking,0.20000878039304915,0.0058926089555881595,2.3630933636433915
31.507,4.507754523743823,1.5261433701697522,4.507581965170007,1.5297782317038895,0.0036389551843555488,0.2,0.004954405410334681,15,2.384514621069918,tracking,0.19999601834585284,0.005650030208370763,2.371093245937995
31.547,4.515742588997503,1.5265764326718065,4.51555723025373,1.530160259776399,0.003588617363206156,0.2,0.004853274743412837,16,2.39251441666904,tracking,0.19998355429375037,0.005382279116644998,2.39107732851438
31.607,4.527724168743732,1.5272305261890478,4.527540584219581,1.5307800495632586,0.0035542677813548387,0.2,0.004699966756260895,16,2.4045138371360686,tracking,0.19995900938286,0.004990912938059489,2.403076699816693
31.667,4.539705062198193,1.5278900374859716,4.539523533189461,1.5313998184033641,0.003514472203490018,0.2,0.004646024600226232,16,2.416512868893586,tracking,0.1999302628731138,0.004522418564896774,2.4110760638320876
31.707,4.547691908083689,1.5283326729951912,4.54751190328258,1.5318129840506012,0.003484962951141841,0.2,0.004574072773076687,16,2.4245119709302325,tracking,0.19990961361521523,0.004199951977955834,2.4230747131873067
31.767,4.559671543886276,1.5290008749713566,4.559494046246398,1.5324327112033522,0.0034364233347188577,0.2,0.004513388269715356,16,2.4365102277971107,tracking,0.199878646238609,0.003727309890406525,2.4350728718689223
31.826999999999998,4.571650450176169,1.529673781850465,4.571475704336373,1.5330524132779946,0.003383147414999242,0.2,0.004487516935382508,16,2.448508019242622,tracking,0.19985089037955514,0.003285168188656534,2.443071370026054
31.867,4.5796360334323705,1.5301247221002097,4.579463243551448,1.5334655359514757,0.003345279290546658,0.2,0.004460673309205609,16,2.4565063245037733,tracking,0.19983459422114672,0.0030789281367038916,2.455068760645577
31.927,4.591613977764457,1.5308040914213255,4.591444275601585,1.5340852056467775,0.0032854998682920735,0.2,0.004446603048134663,16,2.4685035197216996,tracking,0.19981814173044266,0.002837766568833256,2.4630668220055587
31.987,4.60359156634083,1.5314863154820824,4.603425100100908,1.5347048646073655,0.003222851141597305,0.2,0.004428410931752487,16,2.4805005217544553,tracking,0.1998111428818676,0.0027452324656750994,2.4750637119395007
32.027,4.611576521904027,1.5319423389931979,4.6114122755070115,1.5351179684643212,0.0031798741196468624,0.2,0.004416718491083405,16,2.4884984885453916,tracking,0.1998126411755172,0.002764695950363336,2.483061570391787
32.087,4.623553943583145,1.5326277137555069,4.623393096076693,1.5357376272216647,0.003114070276554743,0.2,0.004396814131276859,16,2.5004955035343053,tracking,0.19982277795223619,0.00289115201939191,2.4950583695110162
32.147,4.635531506496609,1.533314285345595,4.635374119239776,1.53635729645732,0.0030470784982824773,0.2,0.00438059381718098,16,2.512492727958909,tracking,0.199841786102336,0.0031296818072319424,2.5030563130419607
32.187,4.643516698413428,1.5337725237173085,4.6433616446178805,1.5367704184151407,0.0030019017803392775,0.2,0.004349425331045894,16,2.5204910573065757,tracking,0.19985845236629565,0.0033174084448150984,2.515053449383141
32.247,4.655494795314412,1.5344605859771805,4.655343277236932,1.537390119172404,0.0029334489035467083,0.2,0.00432329110854242,16,2.532488900239487,tracking,0.19988743363254632,0.0036629637879873164,2.5230517369592254
32.307,4.667473322672639,1.5351495502484012,4.6673125537268305,1.5380233587606849,0.0028783019332951497,0.2,0.004274541595414595,16,2.544487224682459,tracking,0.1999191896133968,0.004017799957981747,2.5350495365704706
32.347,4.675459251215314,1.5356094639308686,4.67529921608743,1.5384701551574367,0.002865164137692745,0.2,0.0042355162574701875,17,2.5524863855937068,tracking,0.19994026145832783,0.004245602662163253,2.55103540527548
32.407,4.687438460652187,1.5363005165308181,4.687279591185742,1.5391403710979614,0.0028442948985456943,0.2,0.004115206795980489,17,2.564485511079689,tracking,0.1999692058801903,0.004566974946725362,2.563034512613245
32.467,4.699417974627685,1.5369934342274896,4.699260373885817,1.5398106098408773,0.0028215804844986168,0.2,0.004059313081801056,17,2.5764850481550727,tracking,0.19999418605193872,0.0047559809905257525,2.5710341560790972
32.527,4.711397613656465,1.5376888372785604,4.711241419852981,1.5404808633116958,0.0027963915809400158,0.2,0.003968896459669569,17,2.5884848538478042,tracking,0.2000075890693637,0.004828630074621975,2.5830338610823165
32.587,4.723377202267826,1.5383873600063536,4.723222589539042,1.5411511237036981,0.002768085054809817,0.2,0.0038810448587056345,17,2.6004847904017483,tracking,0.20001042079229064,0.004773859447453415,2.5950337334441094
32.627,4.731363460023884,1.5388550761087787,4.731210015213516,1.5415979628023788,0.002747175408261644,0.2,0.003824392671727514,17,2.6084847323577045,tracking,0.2000082945191813,0.0046903742264969815,2.6030336705215094
32.687,4.743342499173901,1.5395600462420709,4.743190996713211,1.5422682126667056,0.002712400851480767,0.2,0.0037409093079606203,17,2.620484497432341,tracking,0.19999399605122234,0.0044191717994784266,2.6150334621898255
32.747,4.755321010241004,1.5402693785485393,4.755171695048443,1.5429384466900145,0.0026732414351433548,0.2,0.003688252051202792,17,2.632483992409452,tracking,0.1999726947107306,0.004091338771488863,2.6230331859185436
32.807,4.767298864315525,1.5409832463990347,4.767151991380314,1.5436086582241224,0.00262951685874189,0.2,0.003615196193850043,17,2.644483100523745,tracking,0.19994610061813872,0.0036758522848197783,2.6350324957954796
32.847,4.775283702602444,1.5414616883692482,4.775138600177414,1.5440554516243812,0.002597818803809735,0.2,0.0035717441409036845,17,2.6524822598037634,tracking,0.1999261191539381,0.0033754016937508277,2.6430317994590107
32.907,4.787260336785225,1.5421830543663115,4.787118098582185,1.544725618520199,0.0025465396488249586,0.2,0.0035151576433116935,17,2.6644805986575335,tracking,0.19989480513092092,0.002917266483360588,2.655030362328001
32.967,4.799236232563805,1.5429086165622448,4.799097094901269,1.5453957573279287,0.0024910296018840886,0.2,0.0034837215303024373,17,2.676478453474107,tracking,0.19986406919086233,0.0024942569313504983,2.6630291252077094
33.007,4.807219787794473,1.5433944422298531,4.807082836421184,1.545842502210258,0.0024518877107864516,0.2,0.0034455797084513213,17,2.684476777092243,tracking,0.19984595234405023,0.002224701930289015,2.68702412135558
33.067,4.819194627662841,1.5441259239512701,4.819052202240024,1.5465314610319028,0.002409749706372679,0.2,0.00340329756454276,18,2.696473937397158,tracking,0.19982387911261862,0.0019186540309019875,2.695014273035282
33.127,4.83116902931562,1.5448600711634406,4.831028089223729,1.5472405212999811,0.0023846188295109615,0.2,0.003386436343959328,18,2.708470823121012,tracking,0.1998106891132328,0.0017426325106484758,2.707011132437236
33.167,4.8391518163914515,1.5453506051882453,4.839011932085946,1.547713223302587,0.0023667555795100857,0.2,0.0033765955599961354,18,2.7164686674010383,tracking,0.199807691693138,0.0016942794979292637,2.7150089567683806
33.227,4.8511259177978445,1.5460875254945712,4.85098768348605,1.5484222755431225,0.0023388387105928764,0.2,0.0033609013993872146,18,2.7284654234637604,tracking,0.19981175362802625,0.0017487680966089161,2.7270056803492957
33.287,4.863100097476824,1.546825245844475,4.862963560088286,1.549131335196542,0.002310127822910605,0.2,0.003348342491753526,18,2.7404623068214975,tracking,0.19982578471810483,0.0019121277674123095,2.7350035565390916
33.327,4.871083005693022,1.547317285171634,4.870947612481288,1.5496040496049055,0.0022907690619220966,0.2,0.0033266777713150683,18,2.7484603644786856,tracking,0.19983914035325928,0.0020894051902596543,2.7470005635804635
33.387,4.88305764801531,1.5480554887911455,4.882923978623847,1.5503131382426993,0.0022616030934528254,0.2,0.0033076186189566798,18,2.7604577393303185,tracking,0.19986533617329583,0.0023937052630400644,2.7549987468353367
33.447,4.895032705096779,1.548793798163405,4.894900764316189,1.5510222517209147,0.002232356070961842,0.2,0.0032701384805865524,18,2.772455534662529,tracking,0.1998950575185764,0.002740715500432626,2.7669963590047755
33.487,4.903016335722696,1.5492861036102825,4.90288555229654,1.55149500968144,0.002212774352651686,0.2,0.0032389625463661665,18,2.780454329735795,tracking,0.19991693106726632,0.0029923820080599195,2.7749950196408046
33.547,4.91499215167455,1.5500248964474523,4.914863122733007,1.552204169622258,0.00218308956256561,0.2,0.0031822101554908424,18,2.7924529122591157,tracking,0.19994694186923942,0.0033246826110398748,2.7869934097387756
33.607,4.92696834244126,1.5507644606120046,4.926841112183705,1.552913354371789,0.0021526569464914956,0.2,0.0031383046830486512,18,2.8044519164025483,tracking,0.19997340325089064,0.00362634990384375,2.794992590057979
33.647,4.93495262315499,1.55125820559886,4.934826632914523,1.5533861557165114,0.002131676627423989,0.2,0.0030639341140664355,18,2.812451449053128,tracking,0.19998782713258342,0.0037406915850931974,2.8069916771799543
33.707,4.946929127118123,1.5520003452310394,4.946805086421448,1.5540953679415717,0.0020986915571559613,0.2,0.0030102358253087168,18,2.824450924808868,tracking,0.20000087927218382,0.0038594911148981514,2.8149912412236784
33.767,4.958905581716172,1.5527449081076141,4.958783633708368,1.5548045857190949,0.0020632845610439494,0.2,0.002925294731478996,18,2.8364505014104107,tracking,0.20000418329143524,0.0038167029945909412,2.8269907201090194
33.807,4.966889765617699,1.5532429308953546,4.966763137520678,1.5552890872893388,0.002050070892334622,0.2,0.0028679383847166747,18,2.844450202609238,tracking,0.2000005886813807,0.0037104648881474767,2.8349904050445724
33.867,4.978865750846753,1.5539927952172858,4.978739660364673,1.5560302644061648,0.0020413670677518975,0.2,0.0027830471989537206,19,2.8564496408755824,tracking,0.19998776758178613,0.0034526151888200165,2.8469844416756103
33.927,4.9908412488876,1.5547463546530629,4.990715925681958,1.556771425585735,0.0020289450924620435,0.2,0.002729237365870236,19,2.8684488243957054,tracking,0.19996715605142903,0.003120770251216722,2.854984046479975
33.967,4.998824599070485,1.5552508644315375,4.998699920319394,1.5572655217606606,0.002018511566665614,0.2,0.0026544083252550265,19,2.8764481000041053,tracking,0.19995049517221275,0.0028231329746290844,2.8749824923743907
34.027,5.0107990804510285,1.5560108786170532,5.010675570788734,1.5580066448898522,0.001999584369893417,0.2,0.002550973807849643,19,2.88844667599858,tracking,0.19992167488839704,0.002393772674821159,2.8869810534404685
34.087,5.022772890428425,1.556774680498538,5.022650785926909,1.5587477410782113,0.001976835238544464,0.2,0.0025142912236447547,19,2.900444822467471,tracking,0.19989266448485216,0.00191745788665631,2.894979854289352
34.127,5.030755044677093,1.5572858607436844,5.030634000425349,1.5592417889735837,0.0019596701129010134,0.2,0.0024689805357265594,19,2.9084433280586772,tracking,0.19987074651464734,0.0016288481831051736,2.9069776655152
34.187,5.042727751372313,1.5580552807589156,5.042608462847041,1.559982838579455,0.0019312454281586948,0.2,0.0024451788697890217,19,2.9204407324767003,tracking,0.19984426930515636,0.001215889818878329,2.914975956107818
34.247,5.054699915937766,1.5588273480075987,5.054582548408541,1.5607238648630182,0.001900145078620733,0.2,0.0024176207337555365,19,2.9324377659524714,tracking,0.1998218150168881,0.0009004068999959094,2.926973068313247
34.287,5.0626811306686506,1.5593431669376965,5.062565112947341,1.5612178725350956,0.0018782920935194033,0.2,0.0024036182757249825,19,2.9404356317771234,tracking,0.19981225217236356,0.0007737737309937786,2.9349709603973855
34.347,5.074652744965741,1.560117962124502,5.074538818516522,1.5619588753025169,0.0018444350259145415,0.2,0.0023864992977655633,19,2.952432291998193,tracking,0.19980567302116437,0.0006818110596434629,2.9469676179275153
34.407,5.086624276386281,1.5608933543945234,5.086512478335363,1.5626998752386403,0.0018099768961005625,0.2,0.002376061991054234,19,2.9644289080929664,tracking,0.199809461320874,0.0007389884601909815,2.9549653305349337
34.447,5.094605347856808,1.561410299880112,5.0944949696122155,1.5631938783768409,0.001786990657746362,0.2,0.0023589217436886974,19,2.972426703692551,tracking,0.19981770725203926,0.0008395978639283629,2.9669619159324534
34.507,5.106577149026676,1.5621854038339913,5.106468880376615,1.5639348938429398,0.0017528369553374955,0.2,0.0023450445703418026,19,2.9844235703413964,tracking,0.19983652352674897,0.0010840462682660862,2.9749597182481606
34.567,5.11854930816192,1.5629599094080326,5.118437943543792,1.5646924897175405,0.0017361556978177754,0.2,0.002318219804552895,19,2.9964207555630984,tracking,0.1998621470808699,0.0013977278039449435,2.9869566305517465
34.607,5.1265309976195015,1.563475876785462,5.126419820581715,1.5652055387712525,0.0017332313517876771,0.2,0.0022954252556733556,20,3.0044191047010043,tracking,0.19988189549773808,0.0016309134569503282,2.9949506489340023
34.667,5.13850394881546,1.5642493442809924,5.138393020477944,1.5659751370559014,0.0017293541563231573,0.2,0.0022525312238614727,20,3.016417013364911,tracking,0.1999133397742098,0.001993529451159334,3.0069482480461214
34.727,5.150477403096289,1.5650224691634949,5.150366699457662,1.5667447661344764,0.001725851138382955,0.2,0.0022179144004437976,20,3.028415401985849,tracking,0.199944181360672,0.0023526805399002306,3.0149469055747478
34.767,5.158459961109741,1.5655378899701207,5.158349406490541,1.5672578685375602,0.001723527950535705,0.2,0.0021566992453371263,20,3.036414582634267,tracking,0.19996306717692985,0.002531805067519398,3.0269452936843195
34.827,5.170434073391679,1.566311430761031,5.170323767387265,1.5680275414475389,0.0017196520877654385,0.2,0.0020781393625659726,20,3.0484136546940412,tracking,0.19998558062259927,0.002739614367915953,3.0389441279240463
34.867,5.178416944456231,1.5668276702185149,5.1783068385868996,1.5685406672580755,0.0017165320154324778,0.2,0.002012151059797585,20,3.05641320053182,tracking,0.1999957536890953,0.0028017968262447307,3.058942890257797
34.927,5.190391276262879,1.5676033278196844,5.190281553606941,1.5693103629299472,0.0017105577829749194,0.2,0.0018393718573710793,20,3.068412628306925,tracking,0.20000241535600488,0.0027799519895120688,3.0669425169463804
34.987,5.202365477983383,1.5683810851185185,5.2022562734825035,1.570080058913916,0.0017024798326148126,0.2,0.0017362726964436003,20,3.080412062179371,tracking,0.19999823204968026,0.002651193257972277,3.0789419480998115
35.027,5.21034811410156,1.5689009822597033,5.210239344839107,1.5705931847345422,0.0016956945386199448,0.2,0.0016706412528997932,20,3.0884116104436568,tracking,0.19999047178171886,0.0024461127608962673,3.0869414934864206
35.087,5.222321707238914,1.569683200147676,5.2222137441679966,1.5713628601148153,0.0016831261479439011,0.2,0.0015780705535899764,20,3.100410726971266,tracking,0.19997145178834402,0.0021309743436760645,3.0989406034316915
35.147,5.2342947823442465,1.570468390951741,5.234187817899432,1.5721325145667446,0.0016675577346728827,0.2,0.0015220890988801251,20,3.1124095207471725,tracking,0.19994770261406894,0.001675368270956546,3.1069398358886944
35.187,5.24227647498602,1.5709935324463493,5.242170285364564,1.572645601571194,0.0016554783686204382,0.2,0.0014472233379629695,20,3.120408470116752,tracking,0.19992700889284468,0.0014076175226771476,3.1189383273565334
35.247,5.254248472705065,1.5717836745451303,5.25414360308626,1.5734152074292802,0.0016348997489175354,0.2,0.0014044783333736841,20,3.1324065138706767,tracking,0.19989714647444373,0.0009093920489230067,3.1269370692628606
35.307,5.266219788940919,1.5725765163447898,5.266112950048872,1.5741944688704927,0.0016214761559401472,0.2,0.0013506748460244556,21,3.1444040557246615,tracking,0.1998650403786591,0.0004478372103728433,3.138931919076475
35.347,5.274200321382963,1.5731063801133076,5.274093671982655,1.5747214630038786,0.0016186002712224212,0.2,0.0013219073735191056,21,3.152402158854261,tracking,0.1998464550780138,0.00018549509179251859,3.146930119407399
35.407,5.286170667917965,1.5739027204948237,5.286064406279,1.5755119311844314,0.0016127152815866785,0.2,0.0012879150533318345,21,3.1643989648529947,tracking,0.1998214344749953,-0.00016025735677455962,3.1589270565846954
35.467,5.298140604527251,1.5747003086793823,5.298034814468257,1.5763023778310272,0.0016055581905476042,0.2,0.0012705773307624727,21,3.1763954447259612,tracking,0.19980527164551706,-0.00037333570940886794,3.1669248066952984
35.507,5.306120430971568,1.5752323643054291,5.306014977576805,1.5768293350632878,0.0016004486933116088,0.2,0.0012499369368501262,21,3.184392988928441,tracking,0.19980026074972487,-0.00044955566231337166,3.178921207175058
35.567,5.318090124006962,1.5760303989574473,5.317985172603405,1.5776197676340307,0.001592830055973595,0.2,0.0012284451189136386,21,3.1963892554587985,tracking,0.19980142858781272,-0.0004433036102556587,3.186918726633316
35.627,5.330059947626211,1.5768278071975255,5.32995545646241,1.5784102060706784,0.0015858450734759849,0.2,0.0011665516725815584,21,3.208385610629319,tracking,0.19981282303358144,-0.0003480455427935605,3.19891500173288
35.667,5.338039980431105,1.577358823343291,5.337935756693219,1.5789371723575867,0.0015817863947029673,0.2,0.0011246469029763404,21,3.2163832916503563,tracking,0.19982500762238836,-0.00022783592168597,3.206912589712668
35.727,5.350010383781962,1.5781542263289705,5.349906485928063,1.5797276402039115,0.0015768405074394068,0.2,0.001058135655627678,21,3.2283800921526495,tracking,0.19984928327521628,2.0099679535779723e-05,3.218909159941674
35.787,5.361981291308276,1.5789481547468385,5.361877620201518,1.5805181347963093,0.0015733992036711087,0.2,0.0010106203735170435,21,3.240377298049702,tracking,0.19987819726178296,0.00034359223702462073,3.2389042745901286
35.827,5.36996221387367,1.5794766135500533,5.369858638193095,1.5810451484793953,0.0015719509363120731,0.2,0.0008761085604175891,21,3.248375697495935,tracking,0.19989934609546603,0.0005359435678793119,3.2469026739052436
35.887,5.381934063286546,1.5802682054396398,5.381830556644887,1.581835694853748,0.0015709031441208546,0.2,0.0007834889439328357,21,3.260373688831331,tracking,0.19993050031508897,0.0008767747681854323,3.2589006651948873
35.947,5.393906432239349,1.581058761213018,5.393802924259805,1.582626270887865,0.0015709234489840053,0.2,0.0007172381127301563,21,3.2723721302623194,tracking,0.19996100374293285,0.0011320948121105994,3.266899585147853
35.987,5.4018882388076515,1.5815854608627387,5.401784706757859,1.5831533350539062,0.0015712887591603308,0.2,0.0006114990997229381,21,3.2803712957572206,tracking,0.19997440094545793,0.0012832340288189636,3.278898272112418
36.047,5.413861173339365,1.5823754333706546,5.413755739249753,1.5839480709544183,0.0015761679216119008,0.2,0.0005383833977371307,22,3.2923702631237886,tracking,0.19999290124115796,0.0013699467701455922,3.2868959811195957
36.107,5.425834215697767,1.5831658875256147,5.42572796383434,1.5847507228894469,0.0015883930838853407,0.2,0.0004265536330553504,22,3.304369369802504,tracking,0.1999976008963913,0.0012974847162617192,3.298895054329091
36.147,5.433816200723695,1.5836934235622124,5.433709441687581,1.585285823830632,0.0015959749705601912,0.2,0.0003527156227157,22,3.3123687684814076,tracking,0.19999686925574023,0.0012409799230820482,3.3068944600581505
36.207,5.445788999545469,1.5844859604132433,5.445681562830344,1.586088468830627,0.001606105810817672,0.2,0.00024520894828215594,22,3.324367769535117,tracking,0.19998492475910598,0.000953554083451617,3.31889349682766
36.267,5.457761427499809,1.585280276868977,5.4576534335410525,1.586891097040946,0.0016144362240577666,0.2,0.00017765367296267186,22,3.3363665182096134,tracking,0.19996492521346879,0.0006235620850507101,3.326892761137357
36.307,5.465742796027094,1.5858109260363578,5.465634505433468,1.5874261707653645,0.001618870713569155,0.2,6.191028961729902e-05,22,3.3443655076524847,tracking,0.19994989073502636,0.0003110588654800902,3.3388914031991352
36.367,5.477714376383643,1.5866085618819106,5.477605753884603,1.5882287572576343,0.001623832473752873,0.2,-2.77092371535875e-05,22,3.356363630804688,tracking,0.19992073947746528,-0.00016003010273519158,3.3468903052348358
36.427,5.489685374480968,1.587408120633428,5.489576551022128,1.5890313134925584,0.0016268366860646124,0.2,-0.00015059778356341774,22,3.3683613009803213,tracking,0.19988997182402196,-0.0006835564737982722,3.358888282217398
36.467,5.497665715325387,1.5879421062370171,5.497556822513433,1.5895663335558134,0.0016278734679389243,0.2,-0.00022376430728765837,22,3.3763594870632994,tracking,0.19986912649370733,-0.0010276139167294794,3.3668866757807363
36.527,5.509635784426384,1.5887441993556966,5.509526863962427,1.5903688391272321,0.0016282868465733419,0.2,-0.0003207763810084368,22,3.388356399484988,tracking,0.19984008026216377,-0.0014996527536657966,3.378883878015319
36.587,5.521605393929416,1.5895471164047148,5.521496502861445,1.5911713177105575,0.0016278473965901066,0.2,-0.000377113734533848,22,3.400352908453963,tracking,0.1998161274381265,-0.0018633787797630583,3.3868817742110835
36.627,5.529584945149188,1.5900824919375227,5.529476081029215,1.591706291291434,0.0016274445423362217,0.2,-0.0004507535281186463,22,3.408350399599947,tracking,0.19980490732638587,-0.002077232625063758,3.3988782831720097
36.687,5.541554137117093,1.5908850962429428,5.541445283388023,1.5925087406078637,0.0016272892054186245,0.2,-0.0005137878896501565,22,3.4203464710417,tracking,0.19979576912062963,-0.0022474628053242066,3.4188718457485945
36.747,5.5535233397350074,1.5916864248943132,5.5534144112084,1.5933111849270254,0.001628407377718411,0.2,-0.0006047953722422081,22,3.4323424678288035,tracking,0.19979682701029708,-0.0022560114900637782,3.4308678424835843
36.787,5.561502910227786,1.5922195610488776,5.561393276048913,1.5938470081402731,0.0016311357051051498,0.2,-0.0006397980257755857,23,3.4403398286064935,tracking,0.19980330664893756,-0.002213966661947999,3.438864678867994
36.847,5.573472551615011,1.5930172449570246,5.573362336694374,1.5946533127769567,0.0016397759725488034,0.2,-0.0006945550548212897,23,3.452336020275356,tracking,0.19982000740300623,-0.002017847518594418,3.4508608674252756
36.907,5.58544267838034,1.5938121725708825,5.585331695684203,1.5954596375118295,0.0016511989251727,0.2,-0.0007334089664107486,23,3.464332513291622,tracking,0.1998448632745434,-0.0017767667037342806,3.4588584865333245
36.947,5.593423071299381,1.5943405150749868,5.593311467441835,1.5959972007474452,0.0016604405554997306,0.2,-0.000797461275959912,23,3.4723303765652673,tracking,0.19986285567954706,-0.0015413979789927592,3.470855212937358
37.007,5.605394201389366,1.5951306163319765,5.60528150156138,1.5968035709629316,0.001676746387639516,0.2,-0.000844204243151845,23,3.484327551883968,tracking,0.1998948025765501,-0.0012341904467358337,3.4788532707051862
37.047,5.61337529993935,1.5956558273790113,5.613261765762252,1.5973411673723508,0.001689159821484815,0.2,-0.0009334956471189851,23,3.492325913010379,tracking,0.19991450612519016,-0.0009778200613596536,3.4908507286687036
37.107,5.6253474460490445,1.5964415835755337,5.625232519925627,1.5981475860941232,0.0017098691784103648,0.2,-0.0010014566292289734,23,3.5043238167969677,tracking,0.19994582246069922,-0.000723237410024304,3.4988492730026595
37.167,5.637320111138364,1.5972253062104549,5.637203654350562,1.598954030432497,0.0017326423806718508,0.2,-0.001109438808928779,23,3.516322105446167,tracking,0.19996885715273693,-0.0005339378214439494,3.510847424731296
37.207,5.645302106534454,1.5977469478673723,5.645184571977589,1.5994916708604534,0.0017486774129734381,0.2,-0.0011837553480598063,23,3.524321127919034,tracking,0.1999819146677751,-0.0004360030423674061,3.5188463722418
37.267,5.6572753120609205,1.5985286328172303,5.657156107748143,1.6002981422357723,0.0017735200169418023,0.2,-0.0012974886508507145,23,3.536319822928902,tracking,0.19999010923513796,-0.00045004361890184385,3.5308449799377013
37.327,5.669248578614982,1.5993099416787773,5.6691276790495815,1.6011046160046554,0.0017987419606158334,0.2,-0.0013725182516021435,23,3.5483185543415035,tracking,0.19998847178269716,-0.000551498360378402,3.5388441256107033
37.367,5.677230708640537,1.5998308804794117,5.677108683563335,1.6016422622858004,0.0018154873086811227,0.2,-0.0014819506259145761,23,3.5563176653532893,tracking,0.19998273518168136,-0.0007397522779202365,3.550842811279263
37.427,5.6892036883670825,1.6006126613363072,5.6890800009857125,1.6024487189519327,0.001840219045713509,0.2,-0.0015505720811652274,23,3.568316141291527,tracking,0.1999655621878529,-0.0010369682298793815,3.55884186453754
37.487,5.701176302493972,1.6013951104486925,5.701050999274235,1.6032551541193765,0.0018642594652375556,0.2,-0.001645609204962066,23,3.5803142959681797,tracking,0.1999420993018383,-0.0014415999309537297,3.5708402234023238
37.527,5.70915780043282,1.6019171542724016,5.7090328284501135,1.603791900227341,0.0018789067012557256,0.2,-0.0017020884071766097,23,3.5883128482810487,tracking,0.19992354196837997,-0.0017417462181717161,3.5788389367415214
37.587,5.721129637056431,1.6027007872535666,5.721003708164515,1.6045898881193554,0.0018932934708975827,0.2,-0.0017758253607462163,24,3.600310304377722,tracking,0.19989309836547595,-0.002209939286538403,3.5908379945631332
37.647,5.733100962166098,1.6034849113102498,5.732974111218553,1.6053878442368297,0.0019071562300857284,0.2,-0.0018167578880500114,24,3.6123072821395428,tracking,0.19986147606685223,-0.0026555751131109176,3.6108332100772698
37.687,5.741081576889781,1.6040077498647791,5.740954118345867,1.605919797545,0.0019162912126956045,0.2,-0.001891016346210229,24,3.6203050050355903,tracking,0.19984159679646205,-0.0029554780241550925,3.618830927756336
37.747,5.7530521423995244,1.6047917616916365,5.752923757712221,1.6067177027544757,0.0019302154298067517,0.2,-0.0019177114926126199,24,3.632301217486515,tracking,0.1998154499799256,-0.003307798627351274,3.630827132126215
37.807,5.765022408603827,1.605574880137984,5.764893039807306,1.6075155841479785,0.0019450111413361133,0.2,-0.0019282859846129167,24,3.644297072916741,tracking,0.19979717360879407,-0.003563140739905982,3.6388243968619527
37.847,5.77300250454484,1.6060960963915607,5.772872422781663,1.608047495849641,0.001955730326529447,0.2,-0.0019371154907364318,24,3.652294172241543,tracking,0.1997897357410315,-0.003652211102208709,3.650820070572794
37.907,5.784972681347481,1.6068760715200008,5.784841407261637,1.6088453574038954,0.0019736564488585817,0.2,-0.001940224119072765,24,3.664289733665982,tracking,0.19978806506700514,-0.003669987828190206,3.658817106359962
37.967,5.796943084565137,1.607653245176807,5.796810431232922,1.6096432215906706,0.0019943928986739198,0.2,-0.0019436869335901002,24,3.676285339198263,tracking,0.199796638833053,-0.003552966126051647,3.67081266267021
38.007,5.804923574828652,1.6081695495987751,5.804789880807425,1.610175137731949,0.002010039266094107,0.2,-0.0019467915819857988,24,3.684282513393077,tracking,0.1998077139088263,-0.0034092302203184363,3.6788097716602572
38.067,5.8168947659949355,1.6089410432666298,5.816759312284167,1.610973029083346,0.0020364955357418855,0.2,-0.001955043827923715,24,3.696278538585583,tracking,0.199830569416988,-0.003123813058308095,3.690805655152715
38.127,5.828866606225546,1.6097088454718658,5.828729144966725,1.6117709471794261,0.0020666782647524233,0.2,-0.0019640349898765257,24,3.7082749746702555,tracking,0.19985914687886142,-0.00277089969437364,3.698803110817701
38.167,5.83684823739048,1.6102186663431277,5.836709300108955,1.6123029103543827,0.0020888697103097903,0.2,-0.001984253808773805,24,3.7162728714796565,tracking,0.199880491699181,-0.002523830262178422,3.7107996630155085
38.227,5.848821300143995,1.610980450454912,5.848679950510098,1.6131008829602018,0.0021251385198365214,0.2,-0.0020026417112924844,24,3.7282701439502044,tracking,0.1999126364460455,-0.0021382237346029478,3.7187976410604957
38.287,5.860795065662742,1.6117389976371284,5.860656483139662,1.6138904614975675,0.0021559225075310916,0.2,-0.0020380272973888735,24,3.7402679126813307,tracking,0.19994305282451316,-0.001792155775848828,3.730795025379277
38.327,5.868777922315385,1.6122431327240285,5.868638694107843,1.6144046206968323,0.0021659673936490218,0.2,-0.0020664867336440992,25,3.7482666721177984,tracking,0.19996039554572242,-0.0016021796308279886,3.738798381250952
38.387,5.88075261164536,1.6129974336155757,5.880612291249582,1.6151758775758172,0.002182958520307692,0.2,-0.0021153617918229064,25,3.760265095113527,tracking,0.19997982616612917,-0.0014064945080616085,3.75079657245443
38.447,5.892727622478281,1.613750057599681,5.892586100997295,1.6159471481494183,0.002201643752591559,0.2,-0.002150816482155982,25,3.7722637336742144,tracking,0.1999890828887752,-0.0013268478229985705,3.7587955453452473
38.487,5.900711038185553,1.61425120038723,5.900568676763171,1.6164613308464448,0.0022147106856950237,0.2,-0.0022060476492897518,25,3.780262863029877,tracking,0.19998942728393437,-0.0013783419119970685,3.7707941693568627
38.547,5.9126861125835894,1.6150024393604512,5.912542460969086,1.617232599774819,0.0022347821504930397,0.2,-0.0022579835535929574,25,3.7922614782346997,tracking,0.199980998400446,-0.0015391181309782759,3.7907918864566965
38.607,5.924660971345652,1.615753520807661,5.924516020325197,1.618003854219913,0.002254996954461177,0.2,-0.0022894669109087477,25,3.8042598683647,tracking,0.19996360168831184,-0.0017785074955109074,3.802790259557805
38.647,5.932644028780772,1.616254301357332,5.932498216062804,1.618518012438129,0.0022684023465965202,0.2,-0.0022956277935965233,25,3.812258617465113,tracking,0.19994834782923662,-0.001992726132633653,3.8107889974249196
38.707,5.944618273482238,1.6170056838216336,5.9444711832048975,1.619289228736864,0.002288277284238795,0.2,-0.0022960636921060614,25,3.824256413586828,tracking,0.19992109650173143,-0.0023518167612108947,3.8227867770847186
38.767,5.956592054560257,1.6177573339900406,5.956443705811605,1.6200604164016834,0.002307855269735323,0.2,-0.0022898518886156206,25,3.836253763764263,tracking,0.19989051376803366,-0.002741212586479554,3.8307850523180105
38.807,5.9645743061791645,1.6182585264115465,5.964425125482891,1.620574524631038,0.002320797844024283,0.2,-0.0022702342118625903,25,3.844251734428808,tracking,0.1998697516943561,-0.0030072789239468218,3.842782071480378
38.867,5.976547287707807,1.6190102581437544,5.976396857075958,1.6213456613441921,0.0023402430394326634,0.2,-0.0022504951297910012,25,3.856248291738404,tracking,0.19983931569080207,-0.0033580129458825043,3.8507798168431093
38.927,5.988519879220041,1.6197615318553253,5.988368170883486,1.6221167711464717,0.0023601202380259464,0.2,-0.002211430085765331,25,3.8682444311052384,tracking,0.19981406762614465,-0.0036390243354546005,3.862776070511251
38.967,5.996501450735105,1.6202618429239921,5.996348856724931,1.6226308321075487,0.0023738986254153147,0.2,-0.0021802269486249264,25,3.876241667816472,tracking,0.19980058042259163,-0.0037796896043427275,3.8707733642390143
39.027,6.0084737005534,1.6210109970285143,6.008331274922316,1.6233912524068614,0.0023845126811447774,0.2,-0.002127446728982564,25,3.8882373335997453,tracking,0.19978955815339372,-0.003860299676286427,3.8827690757454145
39.087,6.02044599105631,1.6217579383341563,6.020305387734371,1.6241077387929166,0.00235400329016986,0.2,-0.0020902443862310595,26,3.9002329019981232,tracking,0.19978866027313513,-0.0038267150874855167,3.890777016895371
39.127,6.028427646584735,1.6222543409209407,6.028288164767778,1.624585398487386,0.002335226874490623,0.2,-0.002033560510947161,26,3.908229978995539,tracking,0.19979342103112532,-0.003703622932754283,3.902772553175442
39.187,6.040400449171544,1.622996221138928,6.040262486080554,1.6253018973493487,0.0023098001216070533,0.2,-0.001997283362174875,26,3.9202257444167428,tracking,0.19980877078279688,-0.003461540124266752,3.91076964186835
39.247,6.052373762996616,1.623734519229014,6.052237103231167,1.6260184139131477,0.002287979637083111,0.2,-0.0019470816203154503,26,3.932221799102492,tracking,0.19983159459773514,-0.00311324129235422,3.92276546734966
39.287,6.060356319698424,1.6242246439198493,6.060220403917131,1.626496104941039,0.0022755237354042347,0.2,-0.0019179435321887903,26,3.9402193883461414,tracking,0.1998501138426115,-0.0028445195440262973,3.9307628617877937
39.347,6.072330721519288,1.6249567547235337,6.072195736278597,1.627212664300396,0.0022599444759070584,0.2,-0.0018221581949364732,26,3.9522161497923145,tracking,0.1998805806274486,-0.0023571773991494078,3.942759308253801
39.407,6.084305838818495,1.625685359217561,6.084171572509829,1.627929253809446,0.0022479080010386434,0.2,-0.0017634314311228,26,3.9642134119315897,tracking,0.19991289745395371,-0.0018827603068874291,3.950757192662055
39.447,6.092289625128791,1.6261693440005904,6.09215573233897,1.6284069962452703,0.002241654488828911,0.2,-0.0016860027294899964,26,3.972211854599926,tracking,0.1999332140561705,-0.0015444802387334967,3.97075288898713
39.507,6.104265820253248,1.6268930842937626,6.104132352532875,1.6291236326637317,0.002234537908193502,0.2,-0.0015855035199884501,26,3.9842098981767364,tracking,0.19996020109037965,-0.0011515058736098933,3.982750930453358
39.567,6.11624248492395,1.6276147710802347,6.116109318162029,1.629840289751754,0.002229499213671549,0.2,-0.001553702122884334,26,3.9962082867540496,tracking,0.19997794178183612,-0.0008372968890996246,3.990749827772122
39.607,6.124227101092231,1.6280951294613255,6.124094088672277,1.630318068728465,0.0022269151957928232,0.2,-0.0015118662071904182,26,4.004207339168496,tracking,0.1999867795687408,-0.0007229127579399879,4.002748369969752
39.667,6.136204131834541,1.6288150872787817,6.1360713159810505,1.6310347414744228,0.0022236242486458647,0.2,-0.0014864273372334103,26,4.016205989286787,tracking,0.1999879225539892,-0.0006493028791419481,4.010747467137842
39.727,6.148181132213367,1.6295349495899987,6.148048507340314,1.6317514120692953,0.002220426823626937,0.2,-0.001448660066091257,26,4.0282046033659835,tracking,0.19998092128406145,-0.0007113499913523635,4.022746111174372
39.767,6.156165702725469,1.6300150752784126,6.156045128169138,1.6322242657427097,0.002212478413719699,0.2,-0.0014222777342236743,26,4.036203596236302,tracking,0.1999703721615334,-0.0008405192365149973,4.030745140934314
39.827,6.168142306964417,1.630735872158915,6.168025385411025,1.6328781315931247,0.0021454477698392765,0.2,-0.0013781840464238413,27,4.048201870997255,tracking,0.19994955951216334,-0.0010710613806687995,4.042754993408382
39.887,6.180118520260258,1.6314575963969153,6.180005303334463,1.6335319789240088,0.0020774698411763345,0.2,-0.001344888749331776,27,4.0601998112697855,tracking,0.19992338605845383,-0.0013909760833792802,4.050753613334192
39.927,6.188102409153239,1.6319392959055739,6.187991692661474,1.6339678649942004,0.0020315882183355996,0.2,-0.0012873895102441695,27,4.06819821837821,tracking,0.19990330208203488,-0.0016023055966825496,4.062751230819694
39.987,6.200077826880657,1.6326626257139882,6.199970904748861,1.6346216738015302,0.0019619637487908992,0.2,-0.0012437814374474442,27,4.080195461218042,tracking,0.19987300861749416,-0.0019572529951214007,4.070749411555102
40.047,6.212052767005925,1.633386680453453,6.21194968010079,1.6352754587724434,0.0018915893973848992,0.2,-0.0011506521759338643,27,4.092192271055224,tracking,0.19984338657637765,-0.0022510823890044764,4.082746301668614
40.087,6.2200358221221554,1.633869609896248,6.219935305056082,1.6357113031242851,0.001844434229450858,0.2,-0.0010220456483870503,27,4.100189920074498,tracking,0.19982569286708243,-0.0023518442954179606,4.0907439899606315
40.147,6.232010134743453,1.6345939764136308,6.231913471733582,1.636365054874591,0.0017737143660562374,0.2,-0.0008237249190338998,27,4.112186122373728,tracking,0.1998054065752505,-0.0024143081877911043,4.102740194369495
40.207,6.24398424628709,1.6353177255010147,6.243891404332227,1.637018793849197,0.0017036000568707342,0.2,-0.0006904015968879659,27,4.124182086695155,tracking,0.1997951120521594,-0.002406010096514107,4.110737493806215
40.247,6.251966963067548,1.635799587584579,6.251876633874624,1.6374546166199504,0.0016574922235161914,0.2,-0.0004902778790456214,27,4.132179333612975,tracking,0.19979308361031278,-0.0022268109847467053,4.134728938310156
40.307,6.263941173589124,1.6365210065547267,6.2638545383603805,1.638108354060194,0.0015897099628462883,0.2,-0.0001685753883987629,27,4.144175256376378,tracking,0.19979979846408114,-0.0019362640074526139,4.142726098485195
40.367,6.27591570580585,1.6372403929063601,6.275832652977835,1.6387621029691346,0.0015239748316131505,0.2,1.2413414132790655e-05,27,4.156171378188543,tracking,0.1998162521703562,-0.0015937968711721294,4.154722040191657
40.407,6.283898987592215,1.6377187740190409,6.2838182564257705,1.6391979461471344,0.001481373587507321,0.2,0.0001255282589503448,27,4.164168980114713,tracking,0.19983071222689747,-0.0012276035227754398,4.162719528653885
40.467,6.295874346545079,1.6384344189246125,6.295796991727509,1.639851728932164,0.0014194193972560322,0.2,0.0002842808683073066,27,4.176165703404046,tracking,0.1998585135452276,-0.0007587397646577859,4.174716091968399
40.527,6.30785034016454,1.639147916923378,6.307779134416427,1.6404989074381016,0.0013528657100530309,0.2,0.0003808115520986358,27,4.188162932357751,tracking,0.19988806445894988,-0.00013596736166918063,4.1827140862758885
40.567,6.31583469556143,1.6396224976780642,6.315766315177735,1.6409198824007092,0.0012991855123218239,0.2,0.0005129100943886389,28,4.196161379581842,tracking,0.19991197123547955,0.00016468896797736395,4.194713971108021
40.627,6.327811739764845,1.6403330908287252,6.327747528840766,1.6415513681682807,0.001219968326984506,0.2,0.0005914200827165277,28,4.208159484868775,tracking,0.19994165654389884,0.0007427822624729739,4.202712483182218
40.687,6.339789339948034,1.6410426405409715,6.339729242099909,1.6421828802677287,0.001141822396795872,0.2,0.0006971240915773277,28,4.220158083409541,tracking,0.1999701102081009,0.001203284815047785,4.214710660350564
40.727,6.347774642970384,1.6415154410998134,6.347717274293848,1.6426039001062231,0.0010899698040229967,0.2,0.0007596431914873899,28,4.228157371173285,tracking,0.19998301553612155,0.0014213785985132653,4.222709699335563
40.787,6.3597527943992915,1.642224871843963,6.359699531018615,1.643235440849748,0.0010119716908958557,0.2,0.0009160510015703715,28,4.240156512960705,tracking,0.19999649254418894,0.0017415467433040026,4.23470852800968
40.847,6.3717310223110335,1.642935335636145,6.37168191831167,1.6438669884750476,0.0009329459871766478,0.2,0.0010903807772366944,28,4.252155792218462,tracking,0.19999918476855344,0.0019375003475601666,4.242707840358228
40.887,6.3797164365570085,1.6434099256055985,6.379670155473105,1.644288019116626,0.0008793123181418324,0.2,0.0013450423033866442,28,4.260155296973065,tracking,0.19999395839379266,0.002115716927125135,4.254706867889804
40.947,6.391694379844763,1.6441237461784635,6.3916524353641115,1.6449195610811584,0.0007969195058527167,0.2,0.001509692043368391,28,4.272154491329975,tracking,0.1999820524731701,0.0021121819282003316,4.26270617416973
41.007,6.4036719622429485,1.6448403245791519,6.403634500317612,1.645551091717124,0.0007117536935423712,0.2,0.0017537121999264727,28,4.284153489817752,tracking,0.19996120335130546,0.0020746507573235215,4.274705018378506
41.047,6.411656738949442,1.645319765494816,6.411622356672986,1.6459721022878135,0.0006532422463624682,0.2,0.0019143534675734905,28,4.292152647438662,tracking,0.1999443426867304,0.0020108905034016532,4.282704118621865
41.107,6.423633421029793,1.6460416870378953,6.423603804640025,1.6466036004046891,0.0005626933110713413,0.2,0.0021558687543500746,28,4.3041510675166625,tracking,0.19991543135384912,0.0018707607963395826,4.2947024669938365
41.167,6.4356094516780145,1.6467669640934977,6.435584779346373,1.6472350735777317,0.00046875922729957447,0.2,0.0023166382671846062,28,4.316149039715936,tracking,0.19988553345029708,0.0016443324331630942,4.30270114064162
41.207,6.443593104643848,1.64725234060337,6.443571827050856,1.6476560415274026,0.0004042612670395768,0.2,0.002560115677638806,28,4.324147433619414,tracking,0.19986522146415123,0.001621308715378112,4.322696878970478
41.267,6.455568127706307,1.647982956264385,6.455551990539695,1.6482879288690373,0.000305399243179523,0.2,0.0029680023248818818,29,4.33614472400477,tracking,0.19983959365400225,0.0014526871087644565,4.334693695204569
41.327,6.467542693552228,1.6487163305276624,6.46753182019889,1.6489218235344796,0.0002057804793063806,0.2,0.003130639794008451,29,4.348141726339033,tracking,0.19981472539274886,0.0014845846869231214,4.342691451334998
41.367,6.475525532167207,1.6492065184377256,6.475518235699912,1.6493444126969403,0.00013808716507833184,0.2,0.003372646690920311,29,4.356139600840423,tracking,0.19981189717396133,0.0015043957575780185,4.354687871953726
41.427,6.487499634931008,1.6499433065597506,6.487497783704774,1.6499782924590674,3.5034842508105514e-05,0.2,0.0035301540302564143,29,4.36813635013908,tracking,0.19980335588896883,0.0017420594345742035,4.362685412521775
41.487,6.49947370320698,1.6506814396029605,6.499477368283887,1.6506121741564657,6.93623447330645e-05,0.2,0.0037594596343447284,29,4.380133147689556,tracking,0.19981297042360524,0.0021497678625250426,4.374681723468848
41.527,6.507456469781211,1.6511740822346974,6.507463841470554,1.6510347663712757,0.00013951075802504868,0.2,0.003981904682786128,29,4.388131101111605,tracking,0.19980965816500204,0.002333231258971956,4.382679340441351
41.587,6.519430786812233,1.6519137721059431,6.519443756257402,1.6516686655411195,0.00024544945432342606,0.2,0.004475597755930869,29,4.400128242832242,tracking,0.19984019554445936,0.0032100605016741864,4.394675947276457
41.647,6.531405523888596,1.6526544471811486,6.531424141901852,1.652302589625685,0.0003523497832472442,0.2,0.004790260218869654,29,4.412125864580532,tracking,0.19987317579889932,0.003938558324214056,4.402673850649898
41.687,6.5393889766495965,1.653148816740958,6.539411390482114,1.6527252228692808,0.000424186454298827,0.2,0.005239929004905165,29,4.42012460943512,tracking,0.19988979271549878,0.004587549227856508,4.414671163714107
41.747,6.551364563637593,1.6538917025960786,6.551392740318709,1.6533591979726232,0.0005332495657383642,0.2,0.005522832068423985,29,4.432123216150101,tracking,0.1999289383900836,0.005357964983142835,4.422669716923384
41.807,6.563340602639858,1.6546366380223507,6.563374649054719,1.6539932026492876,0.0006443355008640499,0.2,0.005923491685663599,29,4.444122401079633,tracking,0.1999612361317711,0.006158077096231848,4.434668014548044
41.847,6.571324790553492,1.6551347800106375,6.571362829790108,1.6544158852164697,0.000719900485208918,0.2,0.006173907677816139,29,4.452122113704515,tracking,0.19998056559755722,0.006649298756959849,4.442667191203149
41.907,6.583301253995117,1.6558849483661768,6.583345437899926,1.655049926899447,0.0008361896120760172,0.2,0.006527697893882593,29,4.46412204825143,tracking,0.2000029800576061,0.007278521370115321,4.454666311715151
41.967,6.59527775660136,1.6566395521579738,6.595328319104178,1.6556839830328056,0.0009569059095155981,0.2,0.006856492233839426,29,4.476122299980454,tracking,0.2000165445771879,0.007769441921217881,4.466665788777721
42.007,6.6032620406553795,1.6571455476513588,6.603319807085464,1.6561090418408286,0.0010381142787321263,0.2,0.00706175685839079,29,4.484122601430687,tracking,0.20001976531085244,0.008006173039701501,4.4746655625356855
42.067,6.615238172063229,1.6579096086604346,6.615301305998601,1.656776793446509,0.0011345731367773896,0.2,0.007357188050745517,30,4.496123081117919,tracking,0.20001522331325944,0.008227671156703963,4.48666838418307
42.127,6.6272137776871505,1.6586803921804039,6.627282654254011,1.6574445366557489,0.0012377733472985974,0.2,0.007545072418185178,30,4.508123465999012,tracking,0.20000243193631584,0.008233736636319699,4.506668382676566
42.167,6.635197149822136,1.659198315493579,6.635270081934967,1.6578896911141252,0.0013106551261040248,0.2,0.00799733645027244,30,4.5161236206977655,tracking,0.1999887316914609,0.008314916584728415,4.5146682053902465
42.227,6.647171538236054,1.6599815054686013,6.647250906043611,1.6585574051116743,0.001426310301258561,0.2,0.008260778946500376,30,4.528123594215418,tracking,0.19996517988571375,0.008166448916057207,4.526667621555411
42.287,6.659145077359334,1.6607725904597035,6.659231322133128,1.6592250963695454,0.0015498955190854263,0.2,0.008637459704910195,30,4.540123238151796,tracking,0.19992694045724155,0.008270514434082285,4.53466699253823
42.327,6.667126964860952,1.6613044856292523,6.667218046044648,1.6596702116055193,0.0016368101193088482,0.2,0.009313996188163226,30,4.548122828176283,tracking,0.19991720197415427,0.008142964322600357,4.546665746920398
42.387,6.679099115284111,1.6621092798935442,6.679197839411983,1.6603378681579046,0.0017741606439625394,0.2,0.00975411488801323,30,4.56012199812935,tracking,0.19987818789796455,0.00869017722404627,4.554664709699995
42.447,6.6910704737330615,1.6629222832306636,6.691177299347922,1.6610055061275277,0.0019197515920285856,0.2,0.010402935082742449,30,4.572120931312739,tracking,0.19986367370779612,0.009133457205659203,4.56666285067668
42.487,6.6990509214923755,1.6634687913218673,6.699163399859221,1.6614505866202276,0.002021336587688663,0.2,0.01082296839051966,30,4.580120069862163,tracking,0.1998424944765498,0.009238112123554767,4.5746614664102365
42.547,6.71102106818139,1.6642951491726345,6.711142393755081,1.6621181986165552,0.0021803287867763464,0.2,0.011439201971099173,30,4.592118706411957,tracking,0.19984101666499018,0.009835034313267309,4.586659124798977
42.607,6.722990721289436,1.6651291672891997,6.723121321197487,1.662785806909306,0.002346996848323056,0.2,0.011835584385927673,30,4.604117380578119,tracking,0.19984250022769967,0.010240655969021616,4.594657449866849
42.647,6.730970231087221,1.6656892387797806,6.731107240224865,1.6632308772875637,0.0024621764214233016,0.2,0.012411562232048699,30,4.612116521574969,tracking,0.19984418636049478,0.01083414342786561,4.606654956983931
42.707,6.742939368892408,1.66653539549901,6.7430863283725495,1.6638984945367237,0.002640992952226585,0.2,0.012778283753406732,30,4.62411553157551,tracking,0.19986105233287357,0.011420479957754519,4.61465329105314
42.767,6.7549083217905554,1.6673887148239426,6.755082306369166,1.6645886615561085,0.0028054534279332768,0.2,0.01330554687943674,30,4.636114864363143,tracking,0.19988238544187795,0.01222682929192998,4.6266510246619
42.807,6.762887559109197,1.6679616492462839,6.763066318139594,1.6650847574480894,0.0028824401484622703,0.2,0.01363902198517615,31,4.6441146444875905,tracking,0.19990070716803027,0.012798278539558934,4.634667627832853
42.867,6.774856285697302,1.6688273732059014,6.775042598237228,1.6658289175932002,0.0030042384099589663,0.2,0.014110881885381985,31,4.656114640075717,tracking,0.1999305687135073,0.01365652132178286,4.646666801612829
42.927,6.786825011181671,1.6697011006013516,6.787019372625546,1.6665731084516398,0.0031340247700878308,0.2,0.014405120312488461,31,4.668115214615369,tracking,0.19996415057121822,0.014380930306574585,4.666666287657065
42.967,6.794804050045458,1.670288377040846,6.7950040744349245,1.6670692472199964,0.003225338208601614,0.2,0.015074453473911242,31,4.676115836766565,tracking,0.1999840321575441,0.015043276025075285,4.674666388697811
43.027,6.806772266190408,1.6711766935821115,6.806981244469878,1.6678134626624015,0.0033697172196763977,0.2,0.015864800525150515,31,4.688116974378047,tracking,0.19992453851006695,0.016216339405822643,4.686666657806081
43.087,6.818737528510869,1.6720786620976607,6.818956317059734,1.668557547777607,0.0035279051126698296,0.2,0.016493988461366616,31,4.700116184752088,tracking,0.19998985568348232,0.016831464452147414,4.694665382533548
43.127,6.826714043845596,1.6726859879998994,6.826939746051054,1.6690536074579274,0.0036393859217243455,0.2,0.017403397446293233,31,4.708115787344509,tracking,0.19998689286391316,0.01733946430232151,4.70666365119208
43.187,6.838677967373199,1.673607325534601,6.838914683884948,1.6697976841999138,0.003816988578171395,0.2,0.01798267789859452,31,4.720115134369542,tracking,0.19998560480438274,0.018426025696262983,4.714662359021031
43.247,6.850640843715212,1.6745423621319098,6.850889426494243,1.6705417488113918,0.004008328871030473,0.2,0.018821776982929635,31,4.732114497011474,tracking,0.1999875371287747,0.019523573314513532,4.726660270927822
43.287,6.858615488888904,1.6751737582789967,6.858872482397747,1.6710377853094656,0.004143949573568688,0.2,0.019358019676524674,31,4.740114098672859,tracking,0.19998642325831148,0.019680358014639462,4.73465876195125
43.347,6.870576463470323,1.676133510016308,6.870846860358399,1.6717818272630744,0.004360075373416259,0.2,0.02013564109734102,31,4.752113516839364,tracking,0.1999882717948252,0.02057521830746888,4.746656320205009
43.407,6.882536205688695,1.6771092008954354,6.882820997283802,1.6725258542396766,0.0045921860610713934,0.2,0.020634090312868766,31,4.7641129921037875,tracking,0.19998906604444225,0.02094108739589058,4.754654553915033
43.447,6.890508642218048,1.6777687306477402,6.890803594428593,1.6730218622322421,0.00475602318755475,0.2,0.021357227757105482,31,4.772112662328786,tracking,0.19998978328964406,0.02144343726361386,4.766651689233745
43.507,6.902466186725264,1.6787721917823504,6.902832567105665,1.6737922984943703,0.0049933527556954875,0.2,0.021820833850904445,31,4.784112237525047,tracking,0.19999083809336315,0.02173419351059641,4.774649622620211
43.567,6.914422349821332,1.679792794144536,6.914799045385037,1.6746726954447695,0.005133937109379793,0.2,0.022500292019386095,32,4.796111881901505,tracking,0.19999216515989687,0.022173353067517353,4.786704015041516
43.607,6.922392343932263,1.6804828207699516,6.92277662481226,1.6752596213920135,0.005237316444174879,0.2,0.022931273425911905,32,4.804111690828727,tracking,0.1999930244430412,0.022475563998243363,4.79470321652647
43.667,6.934346135654383,1.6815323764006997,6.9347428631643355,1.6761400006904972,0.005406950019848109,0.2,0.02355523172485226,32,4.816111470141609,tracking,0.1999943128004512,0.02292726430151143,4.806701900900532
43.727,6.946298467402975,1.682599212556853,6.946708913919983,1.6770203661871492,0.00559392466521325,0.2,0.023953548433150576,32,4.828111319041176,tracking,0.19999511255147948,0.02324917230489395,4.814700937704094
43.767,6.954265862147846,1.6833200377118858,6.954686161683773,1.6776072677332727,0.005728210237800514,0.2,0.024527750281459537,32,4.836111254536212,tracking,0.19999594089119166,0.023781908172188858,4.834698138218421
43.827,6.966215706939231,1.6844156486697501,6.9666518444916665,1.6784876061592968,0.0059440646001188676,0.2,0.02674922770462434,32,4.8481112192823765,tracking,0.199997129955813,0.024678187155283703,4.84669616142241
43.887,6.978164040306373,1.6855288658984289,6.97861731236611,1.6793679287722512,0.006177588674624825,0.2,0.02804438358734069,32,4.8601112994008835,tracking,0.19999907222255567,0.026156215510750803,4.858693969112035
43.927,6.986128732382133,1.6862811198393552,6.986594171839101,1.67995480175107,0.006343416622157921,0.2,0.028863996709466468,32,4.868111437265528,tracking,0.20000082769371041,0.027547878458634274,4.866692388139888
43.987,6.998074405055416,1.687424675662364,6.998559213396328,1.680835092999042,0.006607392738756503,0.2,0.03004793080021797,32,4.8801117212428995,tracking,0.20000238108707138,0.02862588959368702,4.878689768360062
44.047,7.010018313739259,1.6885877287354991,7.010523927188651,1.6817153601327166,0.006890942981386294,0.2,0.030796767344571867,32,4.892112123198622,tracking,0.2000042714895404,0.03057013279280392,4.886687844687651
44.087,7.01797990838802,1.6893741921691736,7.018500209218788,1.6823021906279476,0.007091115480204794,0.2,0.03187566904924189,32,4.90011246782143,tracking,0.2000058479672258,0.030968439029475214,4.898684659953768
44.147,7.029920647899979,1.690571512378766,7.030464278427747,1.6831824103383772,0.007409073026634139,0.2,0.03255654192554269,32,4.912113085962873,tracking,0.2000074417120332,0.032757519620604095,4.906682311725003
44.207,7.0418593388732145,1.691790753748579,7.042427914226115,1.6840625981619517,0.007749042954006981,0.2,0.03353305415133985,32,4.92411387309007,tracking,0.20001140909004989,0.034103390302924703,4.918678448502019
44.247,7.049817532739362,1.6926163479124743,7.050553215924545,1.6846744023948586,0.00797594686251967,0.2,0.034147828276799165,32,4.932114776497476,tracking,0.2000203479127664,0.034766929274278414,4.926675627281757
44.307,7.061753800992346,1.6938748690340324,7.062503521084814,1.6857813904174672,0.008128128710462717,0.2,0.035051280415585376,33,4.944117208551881,tracking,0.20004486976665403,0.03601520082337736,4.9388264455794655
44.367,7.073688047528033,1.6951585910335876,7.074454136290588,1.6868884071604018,0.008305590484030352,0.2,0.0356017223300099,33,4.9561202990933495,tracking,0.20005275036300324,0.03668645054647456,4.946827528474177
44.407,7.081642738805065,1.6960289366179586,7.082421087132142,1.6876264066541413,0.008438503179540249,0.2,0.036388641492042906,33,4.964122462222724,tracking,0.2000533834740743,0.03740993920647287,4.958829281998274
44.467,7.0935724064854035,1.6973571750348009,7.094371251027339,1.6887333815909968,0.008660713940754412,0.2,0.03688481191246816,33,4.976125844590011,tracking,0.20005565616416351,0.037855091746104595,4.966830261135305
44.527,7.105498912232689,1.6987134356086637,7.106320853572016,1.6898403045284853,0.008911119050451633,0.2,0.037763322498800406,33,4.988129218369256,tracking,0.2000557602331173,0.0385503271678649,4.978831435662714
44.567,7.113447947391341,1.69963374636958,7.114286785443753,1.6905782096323856,0.009094305629175464,0.2,0.03892484963864909,33,4.996131351325546,tracking,0.20005471852014042,0.03951592942042335,4.986831850612634
44.627,7.125368466401436,1.7010392119923603,7.126234971399086,1.6916850013474982,0.009394258230398172,0.2,0.040621474594667806,33,5.008134438723663,tracking,0.2000529040115432,0.04094051501154926,4.99883186764287
44.687,7.137288545632681,1.702472822702684,7.13818530628906,1.692791992124047,0.00972227650126759,0.2,0.04170807335442313,33,5.020140417590374,tracking,0.20016849874451603,0.04211828324933867,5.018832722579169
44.727,7.145233074113292,1.703446784850054,7.146151697410278,1.693529939769428,0.009959301437094125,0.2,0.0442953987016726,33,5.028144425026887,tracking,0.20019024043276828,0.04339075563657611,5.026833219702694
44.787,7.157146860837658,1.7049348125956119,7.158100791235007,1.6946368155828573,0.01034208517068436,0.2,0.04576352457407837,33,5.0401507792064555,tracking,0.20020563538621627,0.044181406338994186,5.0388334704208475
44.847,7.169056655798576,1.7064561920229906,7.1700489904264755,1.6957436085240678,0.010758446599538509,0.2,0.04670222561990307,33,5.052157352879788,tracking,0.20025467814973885,0.0457557197150148,5.0468331319262525
44.887,7.1769941312245,1.707489027905607,7.178013795728683,1.696481409270886,0.011054744850449829,0.2,0.04805878093856561,33,5.060161743306146,tracking,0.20023151459750502,0.04628417093697056,5.058831727190853
44.947,7.188897047058748,1.7090665189204362,7.189960327861286,1.6975880477880736,0.011527613178864313,0.2,0.04892237026030501,33,5.072168736404297,tracking,0.20027187797061574,0.0478783626512684,5.066830297372518
45.007,7.200795581556113,1.7106779429746826,7.202245529818134,1.6988353203688638,0.01193105444402917,0.2,0.05016338227813676,33,5.084175893048049,tracking,0.2002692528629778,0.0494896816454922,5.078827164286036
45.047,7.208725524546322,1.7117713084784723,7.210190245345324,1.699808029443055,0.012052611845499769,0.2,0.051033715798089255,34,5.092180856755203,tracking,0.20025841284048732,0.05005769924643002,5.087180962453879
45.107,7.220616803606703,1.713440218888056,7.222107218443021,1.7012670807872283,0.012264037981274376,0.2,0.052154829468857106,34,5.104188678358102,tracking,0.20025663241096733,0.0518425255873065,5.099186946450427
45.167,7.232503540096434,1.7151443642504702,7.2340239663278885,1.7027261045575304,0.012510989957896639,0.2,0.052858462454559454,34,5.116196951164486,tracking,0.20022885528060805,0.0530325725823477,5.107190828358953
45.207,7.2404254315269565,1.716300236435614,7.241968289170288,1.7036987655534663,0.012695569231082109,0.2,0.053854352752242034,34,5.1242027243529655,tracking,0.20022995240094293,0.05411297036958349,5.119196431942464
45.267,7.252304004152301,1.7180646421008203,7.253884262751487,1.7051576945221103,0.013003326998882547,0.2,0.05457203524047948,34,5.136211621678157,tracking,0.20020738442316327,0.055306091698637594,5.127199992902104
45.327,7.264177323641201,1.7198668982983918,7.265799626556529,1.7066165488329774,0.013349293153747416,0.2,0.05666663584687922,34,5.148220944851724,tracking,0.20020355815858168,0.057628527307695514,5.139204768416904
45.367,7.272089848160914,1.7210901542151573,7.273742849090791,1.7075890751129874,0.013601895051691232,0.2,0.05800703250371829,34,5.156227467150011,tracking,0.2001985774225443,0.05919989954244124,5.147207554952691
45.427,7.283953901409512,1.7229590291231094,7.285657119489576,1.7090477955529582,0.014015112246127753,0.2,0.059931485051589635,34,5.168237814892984,tracking,0.20019155199705188,0.06139291360001451,5.159211315009804
45.487,7.295811834794564,1.724870271904524,7.29757047109675,1.710506403500929,0.014471127017587872,0.2,0.0611530793247219,34,5.180248786258108,tracking,0.2001825086189489,0.06288825868896686,5.167213328774252
45.527,7.3037135192207465,1.7261692102681008,7.305512142942402,1.7114787399228029,0.01480016777804156,0.2,0.06290435520172315,34,5.188256523619145,tracking,0.20019095422635674,0.0646101123394679,5.1872166146753615
45.587,7.315559957514499,1.7281556934729299,7.3174232452170385,1.7129370724743591,0.01533226226492922,0.2,0.0656110650354476,34,5.200268360105326,tracking,0.2001912330510737,0.06579175156309942,5.199216660143099
45.647,7.327398371292992,1.730189692477536,7.329332173154262,1.7143951388115088,0.015912495566304544,0.2,0.06711859898870927,34,5.212280237258443,tracking,0.20020319277721016,0.06727010358850945,5.211214515037102
45.687,7.335286003657504,1.7315730301341732,7.337270181262999,1.7153670266647547,0.01632701776874611,0.2,0.06806909911078673,34,5.22028825620135,tracking,0.20021732133801537,0.0686157521778774,5.219211798246644
45.747,7.347110368682268,1.7336894354781682,7.349884883160308,1.7170451764464036,0.01687392335247887,0.2,0.06966138072598237,35,5.232300532414414,tracking,0.20023039601075482,0.06937889029959929,5.231939818284496
45.807,7.358925964885439,1.7358573218618565,7.361732638980987,1.719020137902725,0.017069510337213947,0.2,0.07052713231783296,35,5.24431336076618,tracking,0.20028310523862528,0.07116046337185572,5.23994740344353
45.847,7.366797750740884,1.7373313101235028,7.3696306670615614,1.720336699560153,0.01722910917836102,0.2,0.07177095269352626,35,5.252321959516863,tracking,0.20027078173305934,0.07128605597456449,5.251958062620185
45.907,7.378598444932028,1.739586158998207,7.381478028052406,1.7223115952003216,0.017512925322583136,0.2,0.07256047136690372,35,5.264336148080418,tracking,0.20034531616721302,0.07244405771923326,5.259965407885195
45.967,7.390389879271483,1.7418939386145151,7.393324964283529,1.7242864200351757,0.017850474350832257,0.2,0.07369755273764954,35,5.276351295625876,tracking,0.20037201958059098,0.07338592028227459,5.2719758742651885
46.007,7.398245183348568,1.7434619462990417,7.4012222050296845,1.7256028504479062,0.018105522989129225,0.2,0.07496313655449051,35,5.284361567171972,tracking,0.2004038026196827,0.07406246865254994,5.279982550112615
46.067,7.410019594094822,1.74585897164506,7.4130670525232185,1.7275773271006831,0.01853390218275016,0.2,0.07745836230696182,35,5.296377493225797,tracking,0.20042802331015386,0.07655876102118254,5.2919912386646155
46.127,7.421783494186487,1.7483103149138257,7.424910483255237,1.7295515675864233,0.01901758822588746,0.2,0.07905668573939571,35,5.3083940829744725,tracking,0.2004203012440865,0.07833564673402438,5.299996330686108
46.187,7.433536544307249,1.7508163416856781,7.436752226375998,1.7315255267558332,0.019556997515590258,0.2,0.08136814166755833,35,5.320411335460894,tracking,0.2004232659576054,0.08076473963160466,5.312002534466491
46.227,7.441365378617037,1.7525178983674239,7.444645373065143,1.7328412747097994,0.019948129790619305,0.2,0.082838732747507,35,5.328422948394087,tracking,0.2004202952168756,0.08239256303032855,5.320005792772014
46.287,7.453098562218422,1.7551176599572642,7.456482989460639,1.734814545974811,0.020583264686204403,0.2,0.08495473250032394,35,5.3404407001700145,tracking,0.20041001327001814,0.0847978920635224,5.332008479482994
46.347,7.464818873557404,1.7577752479554969,7.468317460370203,1.7367872929030985,0.021277555474447336,0.2,0.08629463565888804,35,5.352458539903138,tracking,0.20037430597482794,0.08668032395414672,5.340008809027696
46.387,7.472624958216267,1.7595801451472775,7.476205233080905,1.738102145041819,0.021774362370375645,0.2,0.0882110771436241,35,5.360470569082704,tracking,0.20036957322755317,0.08877397842993388,5.352006576826431
46.447,7.484321319155262,1.7623377766292692,7.488032626987535,1.7400737122692218,0.02257127306232914,0.2,0.08941859155448234,35,5.3724876149179215,tracking,0.20032048207002812,0.0906449002698429,5.371993781408343
46.487,7.492110719315908,1.7642107502966962,7.497323201227198,1.7418281874624855,0.02298149444015582,0.2,0.09277404508760329,36,5.380499030849051,tracking,0.20031887210589766,0.09251933077829715,5.381452846686958
46.547,7.5037821865969185,1.7670729907410399,7.509026516512056,1.7445536715670669,0.023121910222083094,0.2,0.09429371835953831,36,5.392516333743333,tracking,0.20030606010169005,0.09451777843431765,5.393469329211437
46.607,7.515437667597271,1.770000182275472,7.520729015676402,1.747278965612385,0.023329210255502903,0.2,0.0952400874732174,36,5.4045337663988064,tracking,0.20031214185506513,0.09653740570451322,5.401479819277968
46.647,7.523198952714061,1.771988580929594,7.528530270621038,1.7490957325566119,0.023505434632305998,0.2,0.09657827526468497,36,5.412545712221878,tracking,0.20029588859786104,0.09735210972642402,5.41349498132008
46.707,7.534826378696852,1.775027779095182,7.540230900408874,1.751820591258966,0.02382818545758635,0.2,0.09741380638160808,36,5.424563771985209,tracking,0.2003105225905034,0.09895090790828058,5.421504292988473
46.767,7.546435986047581,1.778136208603279,7.551929921500198,1.7545450753258716,0.024222404836636794,0.2,0.09958846374139117,36,5.436582312530754,tracking,0.20034000287293086,0.10125837823489718,5.433516924416372
46.807,7.554165252634909,1.7802479608447048,7.559728054009197,1.7563611151130074,0.024526030215664595,0.2,0.10122011680841281,36,5.444594868896056,tracking,0.2003175071014535,0.10160658781517987,5.4415243242196984
46.867,7.565742974430107,1.783475598898921,7.571423163154062,1.7590846881604596,0.025043583421534246,0.2,0.10357838222533595,36,5.456614073918686,tracking,0.20039585265135162,0.10481769064362319,5.453533079221923
46.927,7.577301018683226,1.7867770819502884,7.5831159194829905,1.761807713280912,0.02563752022053492,0.2,0.10508372424359783,36,5.468634397429122,tracking,0.20039255200690526,0.10642790581038329,5.4615378565435755
46.987,7.588838985640894,1.7901534217909538,7.594806167313401,1.7645301542187908,0.02630891670493787,0.2,0.10725306033786496,36,5.480656225586101,tracking,0.2004458541306697,0.10810861261243941,5.473542527904763
47.027,7.596519536603192,1.7924466504741934,7.602598178653705,1.766344768499771,0.026800338277434763,0.2,0.108640656566379,36,5.488671820441012,tracking,0.20047656316049345,0.10920075937116769,5.48154434468538
47.087,7.6080219257286075,1.7959510061168715,7.6142829577378235,1.769065935868518,0.027604483767666024,0.2,0.11064174790635838,36,5.50069619003209,tracking,0.20051373885511012,0.11079149369666381,5.493544523697225
47.127,7.615677387329238,1.7983305239800276,7.622070231780296,1.770879446921086,0.028185636268698556,0.2,0.11191710281405116,36,5.508712934856506,tracking,0.20053484859583479,0.11185009952247583,5.501542311592316
47.187,7.627140582905754,1.801965554499616,7.633746699800005,1.7735986787977616,0.029125940628672825,0.2,0.11374854455880103,36,5.520738669748969,tracking,0.20056276942304838,0.11339069961459791,5.513534939540516
47.247,7.638579281220555,1.8056801727075735,7.64777217926144,1.777632383113418,0.029515891914494552,0.2,0.11491012171070002,36,5.532765398629588,tracking,0.20057615126370326,0.11445901493193907,5.521526880977863
47.287,7.646190868491002,1.8082015662658986,7.655391648668465,1.7801297280521087,0.02954119930834234,0.2,0.11773597627329999,37,5.540783733010966,tracking,0.20060778574609425,0.11702904559805498,5.548162116156694
47.347,7.657586767610385,1.8120502068565685,7.666821151324393,1.7838758433108974,0.029649091112227417,0.2,0.12022459803965133,37,5.552811972746493,tracking,0.20060149653960196,0.11880226349736236,5.556180657964689
47.407,7.668955669189272,1.815978534666349,7.67824985989826,1.7876216983026378,0.029841115084616582,0.2,0.1215683436585982,37,5.5648404257846655,tracking,0.20059067434884775,0.120010878681733,5.568207578155891
47.447,7.67651945491235,1.8186424274228803,7.685868339404695,1.7901187187931158,0.030016721927067575,0.2,0.12259497101377594,37,5.5728596014956056,tracking,0.20059136785373305,0.12145778793543105,5.57622483088484
47.507,7.687841569536085,1.822705289294297,7.697294616854202,1.7938637769634775,0.030351160391776977,0.2,0.12479606822419739,37,5.584888613347757,tracking,0.20057280606992056,0.12284895256222768,5.58824919269961
47.567,7.699134613241273,1.826850448246145,7.708719000396808,1.7976082143899845,0.030772856839194635,0.2,0.12618916364267074,37,5.59691837555918,tracking,0.2005962310632542,0.1262659308234984,5.596264402983695
47.627,7.710397307416479,1.8310781791153419,7.720140416794384,1.8013516793098467,0.03128247066706704,0.2,0.12818039879831858,37,5.608948420795445,tracking,0.20057129704908064,0.12894205694981822,5.608284698193436
47.667,7.717888340243517,1.8339436231977746,7.727752852770191,1.8038467189825254,0.031672263113500326,0.2,0.12943040938939993,37,5.616968791273504,tracking,0.2005710531481333,0.1301855635351908,5.61629644238361
47.727,7.7290975789947325,1.8383135580334724,7.739168086465488,1.8075881574699137,0.032333656776023345,0.2,0.13120899005104297,37,5.628999724896876,tracking,0.20055345052563775,0.13252050342874383,5.6283106396466165
47.767,7.736551648640404,1.841275338952938,7.746775657124764,1.8100816024943343,0.032826506724552396,0.2,0.1323212495245575,37,5.637020653801774,tracking,0.20055661002668815,0.1335648758600962,5.636317598902195
47.827,7.747703248093817,1.8457918143856977,7.758182213587295,1.8138201969459806,0.03364510424304146,0.2,0.13389842173351926,37,5.649052142516978,tracking,0.20054821609513687,0.13550359274733972,5.648323392193598
47.887,7.758818531990888,1.8503982348836148,7.769582597799608,1.8175567683909026,0.034560483707934325,0.2,0.1348820113842529,37,5.6610841268053695,tracking,0.2005422305328537,0.1366401129462094,5.65632366599472
47.927,7.766207772785037,1.8535196408575798,7.7771788716250505,1.8200465107833828,0.035225210385765655,0.2,0.1362714655712297,37,5.669105601405979,tracking,0.20055774044201458,0.13789800895029064,5.668318366120844
47.987,7.777259381436076,1.858279268785456,7.791955739473025,1.8262489190223135,0.03524097395787205,0.2,0.1390354801238469,38,5.68113856080039,tracking,0.20058540399440986,0.14043475879502937,5.680341672217147
48.047,7.788271064941258,1.8631327698147686,7.802892016151243,1.8312667673706062,0.03506015296681025,0.2,0.14021404363269252,38,5.693172414956886,tracking,0.20059236023379193,0.14159859428029872,5.692372347695827
48.087,7.795589107607906,1.8664212770244226,7.810183829360725,1.8346124410350386,0.03499725632162814,0.2,0.14092843243037484,38,5.701195383742744,tracking,0.2006108880743983,0.1421216691299874,5.70039430675498
48.147,7.806530292388761,1.8714344547756872,7.8211223902706415,1.8396313374482798,0.03499096443848366,0.2,0.14192649230186524,38,5.713230394152983,tracking,0.2006449142733804,0.14270524353454717,5.712428601158327
48.207,7.817427708512751,1.8765438287031073,7.832061255720578,1.8446503735924078,0.035090357404590766,0.2,0.14254143630227953,38,5.725266148392316,tracking,0.20067319653341137,0.14293857956283942,5.732487381592919
48.247,7.824667688596779,1.8800037656278985,7.839353559488966,1.8479962723380323,0.035215826421693,0.2,0.1451501864062127,38,5.733290391356026,tracking,0.20070557651732082,0.14407774197970494,5.740510643564611
48.307,7.835490002869536,1.885273641580679,7.850291219388014,1.8530147553440388,0.035492418227775956,0.2,0.1467144327515911,38,5.745327586991888,tracking,0.20073054571065876,0.14487467894711023,5.752544661004719
48.367,7.8462655904617655,1.8906395680815167,7.86122668503456,1.858032231569894,0.0358757960914918,0.2,0.14769713814750973,38,5.757365296706372,tracking,0.20078074091183343,0.14659957063866288,5.760566056176089
48.407,7.853423079045665,1.8942699722243566,7.868515455858806,1.8613765093088042,0.036190602930134375,0.2,0.14908964408500433,38,5.765390848218201,tracking,0.20076579298645422,0.14707790806047014,5.772595639143219
48.467,7.86411903546838,1.8997950799802317,7.879445473714371,1.8663914859463826,0.03675186802988913,0.2,0.14995620220204756,38,5.777429548293816,tracking,0.2008086775511942,0.14872378629746533,5.7806131652
48.527,7.874764166287581,1.9054142694187282,7.89036916497412,1.8714035597771557,0.03741983904735894,0.2,0.15117176538666213,38,5.7894667448155825,tracking,0.20085655378298045,0.14976603982548525,5.792634616618163
48.567,7.881834647564541,1.9092158554716265,7.897650943280695,1.8747446291669831,0.03792651649079789,0.2,0.15193470229627032,38,5.797494432029558,tracking,0.20073153937389504,0.15047248218322523,5.800645972735272
48.627,7.892398378250926,1.914995657038157,7.908568267772231,1.8797537817588095,0.03877441295927381,0.2,0.1529745038551276,38,5.80953596482912,tracking,0.20067924407875812,0.15235159678843682,5.81266027465534
48.687,7.9029099542849925,1.9208695204057007,7.923756274980023,1.887837661957367,0.03905986122697833,0.2,0.15360058768949414,38,5.821577372619762,tracking,0.20064457257583332,0.1535297461090767,5.820665366451786
48.727,7.909887910288826,1.9248380758502377,7.930537802490975,1.892117466483552,0.038691812122044866,0.2,0.15691598340283547,39,5.8296049066313875,tracking,0.2006749196155731,0.15639621821966232,5.837915380714642
48.787,7.920309276329109,1.9308716362685374,7.94071394046878,1.8985396009224604,0.03823232700572547,0.2,0.15737589020610246,39,5.841646863343934,tracking,0.20061176027780822,0.15798631220872125,5.84593583767673
48.847,7.930674485737496,1.937000353254896,7.950892865028545,1.9049634939660591,0.03788328410063546,0.2,0.15794932354273034,39,5.853688405520026,tracking,0.20057806840102843,0.15902282605954615,5.85797021553911
48.887,7.937552449764023,1.9411398355329268,7.957680027665718,1.9092468548058719,0.03771314905765754,0.2,0.15827170699460652,39,5.861715964469066,tracking,0.20056319791294844,0.15955380680870715,5.865994873201955
48.947,7.9478200060097635,1.9474303146163854,7.967862123598306,1.915672749294682,0.03755302161737763,0.2,0.15903086585574389,39,5.873757261673225,tracking,0.20055544555145788,0.16049668593270272,5.878033834644183
49.007,7.958026987950459,1.953818828774889,7.978045145936457,1.9220992284356537,0.037508128383501385,0.2,0.1597730259331666,39,5.885798673280303,tracking,0.2005507666762839,0.16138427228836655,5.8860608614931165
49.047,7.96479723467944,1.958132674429027,7.984833969881061,1.9263836377223023,0.03754293661056394,0.2,0.16080466714430966,39,5.8938264690611515,tracking,0.20056010785133332,0.1623902650549184,5.906129909730499
49.107,7.97490013386333,1.964685850217709,7.99501687405539,1.9328100422903913,0.03769284238385451,0.2,0.16229164414979308,39,5.905868590337621,tracking,0.20056461836603412,0.1630390328386598,5.918171097923379
49.167,7.984938461394114,1.9713384276147488,8.005198462649743,1.9392356165993483,0.037961271395576326,0.2,0.16280801229158257,39,5.9179112148704585,tracking,0.2005841870324305,0.16373444318414743,5.926197730681979
49.207,7.991594164202581,1.975828862149201,8.011985070210853,1.9435186271320894,0.0382065483222335,0.2,0.16350456845415265,39,5.92594006174799,tracking,0.2006023241471592,0.16406848169860855,5.938235829919647
49.267,8.001521710756338,1.9826476842588843,8.022162464830503,1.949941554634426,0.03867468996336007,0.2,0.16391475966106128,39,5.937983836718509,tracking,0.20064609837225242,0.16462097574844964,5.946259361873495
49.327,8.011380805493424,1.989566343032355,8.032335965280046,1.9563620245360493,0.03926379360794062,0.2,0.16445860516113614,39,5.950028320445866,tracking,0.2007704293198243,0.16515574061604826,5.958291163025339
49.367,8.017913903236725,1.9942301740679051,8.03911315059157,1.9606390887113712,0.039721141774146734,0.2,0.16476489251657356,39,5.958055317770625,tracking,0.2007609659329134,0.16515996622726725,5.966307818377274
49.427,8.027653800750594,2.0013104695414405,8.053545655339784,1.9723978370568398,0.0388114474254357,0.2,0.1682289578752848,40,5.970096754045971,tracking,0.20086038322143349,0.1674840490241258,5.984988797667321
49.487,8.03732151600852,2.0084912027721065,8.062479392122057,1.9803981813294662,0.037711226237298875,0.2,0.16836780883245506,40,5.982139496592349,tracking,0.20083159135458603,0.16809881038673058,5.992979594879839
49.527,8.043726325969228,2.0133321306138052,8.068439556758586,1.9857356308397736,0.0370447104972651,0.2,0.16847457480973474,40,5.990167956781035,tracking,0.20083555575051398,0.168136326509521,6.004975568445311
49.587,8.053271853883361,2.0206744286153633,8.077385778421792,1.993747155578995,0.03614636067186147,0.2,0.1685003713555185,40,6.002210649299869,tracking,0.20084096371836155,0.1680699537916867,6.01297852398915
49.627,8.0595940670007,2.0256227503428925,8.08335347741212,1.9990913522574507,0.035614950055649616,0.2,0.16867078083494103,40,6.010239115318991,tracking,0.20084384681033532,0.16820350216046018,6.024990623446806
49.687,8.069014705088366,2.0331244949753655,8.092309631553189,2.0071117717340394,0.034918696559741995,0.2,0.16912762628331313,40,6.022281731085908,tracking,0.20083996561722633,0.1687391406473607,6.033003216405152
49.747,8.078359534608916,2.040720289109628,8.101270455444093,2.015136373067252,0.034343078685218166,0.2,0.1697403406812263,40,6.034324236111784,tracking,0.20082610595823344,0.16959588727011496,6.045027916888298
49.787,8.084546908909568,2.0458358579381386,8.107246442306108,2.0204879917045586,0.034026212528227746,0.2,0.1700924006265595,40,6.04235247658997,tracking,0.20081254305060448,0.17017362439335593,6.061069692474186
49.847,8.093763374019582,2.053586383946997,8.116212927349197,2.0285176627155086,0.03365149668114783,0.2,0.17077789066208085,40,6.054394647595985,tracking,0.20078752386551232,0.17087442986182821,6.073106032057799
49.907,8.102901128064406,2.0614291118785797,8.125181553201012,2.0365492508645184,0.03339797641095759,0.2,0.1710523887488503,40,6.066436529940225,tracking,0.20076449137387864,0.17162769846261697,6.085145245398592
49.967,8.111958909329365,2.0693637605619233,8.134151479936351,2.0445820039813714,0.03326628397287247,0.2,0.17117776724844627,40,6.078478209688995,tracking,0.20074963862808334,0.17227397387509483,6.093172428024732
50.027,8.12093536113385,2.077389958692296,8.14312177013459,2.0526150825866942,0.03325704783043813,0.2,0.17128306984799008,40,6.090519660740518,tracking,0.20072370515091642,0.1727726727563168,6.1052138604940325
50.087,8.129829077022297,2.0855073495277625,8.152091465989665,2.0606476289455418,0.03337094050158734,0.2,0.1712906256552744,40,6.102560849065602,tracking,0.20070533731042875,0.1730441592246703,6.117254921433386
50.127,8.135711543625005,2.0909695967311337,8.160889335754865,2.0706824803758406,0.03233401160616522,0.2,0.17365325881597482,41,6.110588274421388,tracking,0.20075579506882793,0.17459483608302495,6.130674194774019
50.187,8.144463708087883,2.099240286922932,8.168375450743838,2.0799732954799506,0.03070811612763827,0.2,0.17347995400063404,41,6.1226300641153655,tracking,0.20070514053455155,0.1754072511634026,6.138622622787171
50.247,8.153129222054528,2.1076011816684534,8.175871525310693,2.089276471147151,0.029206289957557977,0.2,0.17311813983983124,41,6.134671479864844,tracking,0.2006973559575932,0.1751199387338688,6.150559563449558
50.287,8.158857047351171,2.11322563206067,8.180874228944004,2.095485191497587,0.028275068818025256,0.2,0.17268039237935862,41,6.142699083793998,tracking,0.20069995500052976,0.17461369669669832,6.162512116280391
50.347,8.167374142715268,2.1217378870397607,8.188385825725646,2.1048076313662865,0.02698377994458598,0.2,0.1723532757332669,41,6.154740653387293,tracking,0.20071897627946939,0.17400931531710903,6.170488773739059
50.407,8.17580073899998,2.130340304142728,8.195905846321761,2.114140525803589,0.025819530566173254,0.2,0.17260118144184255,41,6.166782626022993,tracking,0.20074650290524979,0.17388002251529322,6.190457310809297
50.467,8.18413600048336,2.139031899478782,8.20343348105126,2.123482869936167,0.024782354125175068,0.2,0.17295452980641113,41,6.17882506819566,tracking,0.20077131156571135,0.17368940821442752,6.202455005525877
50.507,8.189641609465589,2.144875390841896,8.208455721848381,2.129715837332889,0.024161599436808286,0.2,0.173039149507893,41,6.186853649737626,tracking,0.20079089115196985,0.17360535583691092,6.210459553307786
50.567,8.197822588894018,2.1537135361167365,8.215994220462713,2.139071664339488,0.02333650794377299,0.2,0.1731072926540819,41,6.1988969564391745,tracking,0.2008195010567108,0.17328396104695112,6.222474563101194
50.627,8.205909987724045,2.162638117240862,8.223538109307867,2.1484341810159644,0.022638517505680144,0.2,0.17311308191908725,41,6.210940800014919,tracking,0.20084620456502558,0.17297645999549596,6.230489432566561
50.667,8.211249359249194,2.168635110017207,8.228569903843566,2.154679005299576,0.022243518695005935,0.2,0.17306158672009384,41,6.2189702963031745,tracking,0.2008601604420636,0.1727774931458058,6.242517938673685
50.727,8.21917987353441,2.177700229687252,8.236120695144958,2.164050088428047,0.02175586801846054,0.2,0.17298618972587315,41,6.231014774351651,tracking,0.20087171931224737,0.1725033566468154,6.250540420236814
50.787,8.227016000786506,2.1868472796819867,8.243674357992417,2.1734247353547755,0.0213931194783665,0.2,0.1728081620782251,41,6.243059416891686,tracking,0.20087380866699558,0.17227539802068573,6.262578238996764
50.827,8.23218756707322,2.1929899211831736,8.250065241838184,2.1820513354509328,0.02095862382942694,0.2,0.17264527161315038,41,6.251089182920032,tracking,0.20086645275072343,0.17225605524605614,6.270605528662991
50.887,8.239865962936706,2.2022697930068356,8.256288105688864,2.192221785155523,0.019252252708508433,0.2,0.17346276370462935,42,6.263133840827171,tracking,0.20087564782770806,0.17300074845792598,6.285293835155058
50.947,8.247449057483546,2.2116276955744434,8.26251974868467,2.2024065832141995,0.017667898755649863,0.2,0.17314626109321757,42,6.275178493722591,tracking,0.20084243899177445,0.1731718499975374,6.293248482434925
50.987,8.25244672734722,2.217904710166904,8.266675554102681,2.209198698709595,0.01668095160150445,0.2,0.17259873546330248,42,6.2832020600281835,tracking,0.20059779878605927,0.17205614997422047,6.305190497121842
51.047,8.259864422683473,2.2273841667177727,8.272916258197299,2.2193983059384452,0.015301123575305577,0.2,0.17219813087714053,42,6.2952387664132905,tracking,0.20056548619920594,0.1719606274137503,6.313157304381056
51.107,8.267184845971776,2.2369379171761143,8.279163541015407,2.2296086652226155,0.014043043443148983,0.2,0.1719127379685056,42,6.307274660436595,tracking,0.20058540236055983,0.1719381028871024,6.325118766972784
51.147,8.272010836209061,2.243348283073959,8.283331948852782,2.236421377709264,0.013272136580944912,0.2,0.17210319848776476,42,6.315298560530353,tracking,0.20058851956944593,0.17226989273384577,6.333100177113843
51.207,8.279167677024965,2.2530250059973476,8.28958941913324,2.2466483870561595,0.012217773025085117,0.2,0.1723212198700802,42,6.327334312978797,tracking,0.2005915856559965,0.17272131095462076,6.345082255316001
51.267,8.28622500262627,2.262774450994016,8.295852157346125,2.256884006143377,0.011286250419800447,0.2,0.17241643462783907,42,6.339369990042673,tracking,0.20059365894972972,0.17301793004778918,6.3530764393941705
51.307,8.290873969157287,2.269314211622181,8.300029950477112,2.2637120576538146,0.010733877352302556,0.2,0.17248573160018804,42,6.347393789571588,tracking,0.20059590928813764,0.17317071542173057,6.365076013887533
51.367,8.297762602133833,2.2791836840044364,8.306300173056,2.2739599089495153,0.010008893199322574,0.2,0.17248363742662207,42,6.35942955915187,tracking,0.20060062530903464,0.17321772657874354,6.385094692388335
51.427,8.304548376929628,2.289124468040059,8.312574125058196,2.284213855495425,0.009408865425052136,0.2,0.17231639232386967,42,6.3714655853574795,tracking,0.20060753973519793,0.1730948647371317,6.393108005921134
51.467,8.309014535967828,2.2957909628211013,8.316758543550662,2.291052735284824,0.009078571122623731,0.2,0.17210979732471282,42,6.3794898441531664,tracking,0.20061331571161659,0.17291739495117675,6.40513321093469
51.527,8.315626506321243,2.305849102097305,8.323037397876954,2.301314694032485,0.008688047545266865,0.2,0.17193042052794913,42,6.391526634325548,tracking,0.20062359875457644,0.17251297403674087,6.413153000583434
51.587,8.32213296151563,2.315976594193554,8.329125218591443,2.312683659513329,0.007728847121174687,0.2,0.1719926571875078,43,6.403564078213523,tracking,0.20063674602422063,0.17210419281544245,6.426099026509367
51.627,8.326411546978678,2.3227664301893785,8.332519049927622,2.3198901617610153,0.006750889744572065,0.2,0.1716976963405946,43,6.411589548069849,tracking,0.20064724161162353,0.17189525574969852,6.434061008885044
51.687,8.332740568918886,2.3330073764280232,8.337615326738598,2.3307116571905606,0.005388282715123484,0.2,0.17119891479122706,43,6.423628381010897,tracking,0.20065948575201947,0.17090991618745918,6.446017387762328
51.727,8.33690051126761,2.339871536090373,8.341016269622386,2.337933260183906,0.004549327458482833,0.2,0.1706410638809852,43,6.431654700728858,tracking,0.20066920252895196,0.17055218597263633,6.457988570883323
51.787,8.343051423950003,2.3502224969287653,8.346122620546357,2.3487761471060584,0.003394727727388257,0.2,0.1702400697808445,43,6.443695303583548,tracking,0.20083387682184664,0.16935283090381334,6.465976862647269
51.847,8.349097646339619,2.3606403610637448,8.351235755604446,2.3596334395401333,0.002363345548803825,0.2,0.17050874715647146,43,6.455740580596534,tracking,0.200860458240363,0.16999133196095934,6.477973493008476
51.887,8.353067360383026,2.3676198230126353,8.354646610842389,2.3668760905454205,0.0017456145038890361,0.2,0.17094692079301016,43,6.46376999643347,tracking,0.20087503300168144,0.17021201971738223,6.485977041506308
51.947,8.358931967738416,2.378139519053346,8.359766029585556,2.377746725831912,0.0009219249859176444,0.2,0.1715367441238943,43,6.475813983490165,tracking,0.200870464155522,0.1709098146091176,6.497989955337129
52.007,8.364689305898835,2.388718358840041,8.36488877338767,2.38862442158853,0.0002204801268212181,0.2,0.17187724713663546,43,6.487858019106436,tracking,0.2008573706803648,0.1714723135619549,6.5060032161357135
52.047,8.368467761018895,2.3958031233268713,8.368305499466782,2.3958795388085146,0.00017935478005574851,0.2,0.17231122606937518,43,6.495887378416378,tracking,0.2008501087654241,0.17205714540821662,6.518029070779023
52.107,8.374045213571009,2.4064776795777836,8.37343248367495,2.406766238694313,0.0006772771140796912,0.2,0.17254531298402886,43,6.507931220333514,tracking,0.2008269029991226,0.17265587116151587,6.526049759934758
52.167,8.379513693108342,2.4172081176707607,8.378561226346315,2.417656672521996,0.0010528031094802584,0.2,0.17281557462844568,43,6.519974748475942,tracking,0.20080343389120694,0.17330000861207312,6.538084826542708
52.207,8.383098369459427,2.424392321171324,8.38198110574013,2.424918485528318,0.0012349603835872765,0.2,0.1729398950762997,43,6.528003614179112,tracking,0.20078679791150292,0.17368323924387563,6.558150901030271
52.267,8.388383173722973,2.4352137902560367,8.38711159487004,2.4358126278070684,0.0014055316402526777,0.2,0.1730594048040683,43,6.54004659343075,tracking,0.2007626302842645,0.17415566046733624,6.566178910636912
52.327,8.393556395247346,2.4460886673110256,8.391664190213811,2.4467579106780746,0.0020070691500976203,0.2,0.17292223906875856,44,6.5520892331704985,tracking,0.20074102444195613,0.17449210913447524,6.578048033957933
52.387,8.398617008421231,2.4570160244357764,8.395661977463073,2.4580611727326698,0.0031344126923836544,0.2,0.17281716195167154,44,6.564131531100194,tracking,0.20072118933790173,0.17455473759169324,6.5860397086909215
52.427,8.401927657542364,2.4643297006884386,8.398329198628144,2.465602419404043,0.0038168991978284987,0.2,0.1725896862357169,44,6.572159622899122,tracking,0.20071608749540817,0.17460196375638762,6.598036476775877
52.487,8.406798329300301,2.4753427061596422,8.40233279180725,2.4769220970261543,0.004736612778248077,0.2,0.17239378791116663,44,6.584201621607074,tracking,0.2007047785246641,0.17437395470601505,6.60603997777734
52.547,8.411553844368393,2.486405831551527,8.406339337079793,2.4882501213369768,0.005531047918395411,0.2,0.1720342746524764,44,6.596243534536481,tracking,0.2007042557116118,0.17393953571386717,6.618052830696387
52.587,8.414659755525904,2.4938085320758216,8.409011780287477,2.495806132705027,0.005990829038428806,0.2,0.1729283625350786,44,6.604271402196747,tracking,0.20073412586184694,0.17420145270508922,6.6260659423204915
52.647,8.419220618041471,2.5049536166527977,8.413022447959811,2.5071458126048634,0.006574422822837083,0.2,0.17445026825456375,44,6.616313593737901,tracking,0.20075455804533232,0.1757951765807313,6.6380916832303765
52.707,8.423663253801914,2.5161472988802496,8.417035247841298,2.5184915210693313,0.007030351391342063,0.2,0.17540886590259663,44,6.6283566637081845,tracking,0.200764203410072,0.17667749361751753,6.646112572704956
52.747,8.426558533571223,2.5236360291447704,8.419711316473705,2.5260577828892354,0.007262869486598561,0.2,0.17677081561488972,44,6.63638559426694,tracking,0.20079287967723428,0.17771455938706168,6.658148719376057
52.807,8.430800492046062,2.5349084428360937,8.423726554232049,2.537410384156957,0.007503353021787555,0.2,0.17762232660574814,44,6.648429743142249,tracking,0.2008118194171738,0.1783440150319207,6.666175283494039
52.867,8.434920174241647,2.546226911994436,8.427742674794649,2.5487654814474134,0.00761320124384264,0.2,0.17882592412282283,44,6.660474639384266,tracking,0.20084512418359549,0.179146036047293,6.678218032753675
52.907,8.437598231531448,2.5537977155989213,8.43042039229099,2.5563364052315385,0.007613561664070495,0.2,0.1795744649956093,44,6.668505147342368,tracking,0.2008662861478643,0.1796446639061475,6.686247856249429
52.967,8.441512023978836,2.5651905378760107,8.434436994808843,2.5676928651924387,0.0075045106272690325,0.2,0.1806246602393897,44,6.680551481671058,tracking,0.20089430392503904,0.18035991469173382,6.698293648803227
53.027,8.445301562584138,2.576625876483369,8.438453147693165,2.5790480538686715,0.007264139990719502,0.2,0.18127106700365914,44,6.692598372220325,tracking,0.20090850435489743,0.1808486578110005,6.706324204918545
53.067,8.44775861190099,2.5842723915445727,8.440546830980255,2.586058400425238,0.007429644121390043,0.2,0.18216354331937187,45,6.700629952633087,tracking,0.20092006657254588,0.18163955115717897,6.725693654150798
53.127,8.451340474023382,2.5957749171436846,8.443437821574475,2.5977320214442288,0.008141386428086065,0.2,0.18304909925455676,45,6.7126772689907686,tracking,0.20091348342402351,0.18190936699938717,6.737719927651384
53.187,8.454797234482335,2.607315670529503,8.44633050299199,2.6094124698912915,0.008722505929673115,0.2,0.18348264307754591,45,6.7247245998811715,tracking,0.2009158682191868,0.182892744224195,6.745741443099003
53.227,8.457032163057097,2.615030034112055,8.44825972654551,2.617202541802869,0.009037446100335054,0.2,0.18404970709875315,45,6.732756181992941,tracking,0.2008970411689333,0.1834101298690144,6.757778639738303
53.287,8.460279727337712,2.62663127029026,8.451154432198825,2.6288911639747563,0.009400964356756985,0.2,0.18436885366909433,45,6.7448033955553885,tracking,0.20089711602454743,0.18434799305888144,6.765806030164447
53.347,8.463400652844811,2.638267184548571,8.45404991155994,2.6405829103254814,0.009633221083855736,0.2,0.18646686127495443,45,6.7568505809796955,tracking,0.20089482483279,0.1866305330569007,6.777849973720851
53.387,8.465409924295173,2.6460435047939757,8.455980552031921,2.6483787036562765,0.009714227452838425,0.2,0.1880186806898245,45,6.76488228866364,tracking,0.20094980384366062,0.18742609648243988,6.785880865251926
53.447,8.46831102788686,2.65773016493651,8.458875169582898,2.6600669700769877,0.00972090943261109,0.2,0.19026108275677678,45,6.776923651847964,tracking,0.20064990325824372,0.19020771475057574,6.79792489979218
53.507,8.471076926666768,2.669448650122787,8.4617694001059,2.6717536737053726,0.009588700871209279,0.2,0.1916885569180433,45,6.788964129044557,tracking,0.20064950517093014,0.19221651767190107,6.805951522468003
53.547,8.472846666085534,2.677278047170759,8.46369858367413,2.6795435841591115,0.009424440017922841,0.2,0.19373327427356793,45,6.796991048487602,tracking,0.20066652603701243,0.19418629174992352,6.81799050402982
53.607,8.475388446588175,2.6890475878549034,8.46659177635793,2.6912260970642343,0.009062411903837537,0.2,0.1950284220740333,45,6.809031926198107,tracking,0.2006785911320422,0.1960089259401963,6.826015225968878
53.647,8.477006855772897,2.69691019142354,8.468519963410651,2.699011983656945,0.008743275848373306,0.2,0.19687857467679523,45,6.817059365588518,tracking,0.20068829705961644,0.19761920108806053,6.838049242475043
53.707,8.479318212446334,2.708728121668847,8.47141113180444,2.710686322618345,0.008145948393897174,0.2,0.19804637455523877,45,6.829101202863401,tracking,0.20070326331856342,0.1990589163967037,6.846069221701088
53.767,8.481488502863158,2.720573602672439,8.474300577090228,2.722353703788254,0.007405068325119106,0.2,0.19971051935068526,45,6.841143859576096,tracking,0.20072278803195312,0.20059570566820603,6.858093986021387
53.807,8.482855968897978,2.728485413602843,8.475834926626458,2.7294630636286605,0.007088782275641235,0.2,0.20126478136857698,45,6.849172976311756,tracking,0.20073899293466818,0.2019978979478685,6.870111120669829
53.867,8.484786954264806,2.7403742606652477,8.47749563803459,2.741389545180715,0.007361663875534875,0.2,0.20177797346424697,46,6.861217617815767,tracking,0.2007552576185316,0.20234882769759355,6.877400934936574
53.927,8.48657239562137,2.752287040054156,8.479156850200772,2.7533196229516137,0.007487091646632037,0.2,0.20319036053986117,46,6.873263451685057,tracking,0.20078163736682478,0.2033920512078636,6.889443789815993
53.987,8.488211047292452,2.7642224322192948,8.480818359184706,2.765251832333964,0.007464013803208907,0.2,0.20407771316457182,46,6.885310806807024,tracking,0.20080468777278573,0.20394507047931412,6.909521621513977
54.027,8.489221312283389,2.77219113881239,8.481926077838203,2.773206968922488,0.007365619893994677,0.2,0.20618591676602677,46,6.893343298333241,tracking,0.20082540631429605,0.2049127093339026,6.917553510380077
54.087,8.490613176455675,2.784160383253156,8.48358751690826,2.7851386762148405,0.00709344409966403,0.2,0.20830602756901728,46,6.9053931986795885,tracking,0.20084745254969472,0.20545694345660298,6.9296003364639
54.127,8.491457962782844,2.792150137924229,8.4846949631711,2.7930918566163165,0.006828249983962626,0.2,0.20966375888641786,46,6.9134274904120625,tracking,0.20087200153544882,0.20729991703719078,6.937630250269383
54.187,8.492600447507169,2.8041484359972086,8.486355627545771,2.805018000395254,0.006305070863409251,0.2,0.2116248446853477,46,6.9254800597644195,tracking,0.2008898616700595,0.20856699068480355,6.949671459162232
54.247,8.493592159276629,2.8161613715154012,8.488015423566425,2.816937908046619,0.005630540841320142,0.2,0.21286757606635656,46,6.937533860492735,tracking,0.20091077369146013,0.21127940154779404,6.957695594763933
54.287,8.494169281117296,2.8241770048018875,8.489121313643667,2.8248799126238415,0.005096670974369948,0.2,0.2146471822865184,46,6.945570243174166,tracking,0.200916289328225,0.21185462072545097,6.9697250019157755
54.347,8.494907981566714,2.8362094824802773,8.490778966648413,2.836784430099928,0.004168852235434533,0.2,0.21576438461458428,46,6.957625374755153,tracking,0.20092934750797667,0.21452473798575483,6.977739188320678
54.407,8.495493543241398,2.8482508473580688,8.492434920832542,2.848676747411272,0.003088132428390371,0.2,0.21734870579707355,46,6.969680968916992,tracking,0.20093834544118974,0.21674745680586444,6.989750589873717
54.447,8.495798233750378,2.8562823939712616,8.493537802825747,2.8565971492834166,0.002282239880371257,0.2,0.21833284057840907,46,6.977718292931001,tracking,0.20093881328306054,0.21767358982607427,6.997750708598429
54.507,8.496125840291354,2.868334019365861,8.495190252113513,2.868464296007255,0.0009446148642745325,0.2,0.21971285139312527,46,6.989774370265583,tracking,0.20094366224227397,0.21967752552524744,7.009737940656017
54.567,8.496296907758135,2.8803891214139705,8.496209933497733,2.880390357585717,8.698304485939853e-05,0.2,0.22056093481425113,46,7.001830686015784,tracking,0.20094446830269663,0.22095670407831683,7.017719873743062
54.607,8.49632342420687,2.888426682164082,8.496324154239787,2.888426671788069,7.301066497005324e-07,0.2,0.22177449756663103,47,7.009868290505542,tracking,0.20094706597535733,0.2222961740200372,7.029740727632223
54.667,8.496230723383979,2.900482900436562,8.496495456850935,2.9004791377597576,0.0002647602052109257,0.2,0.22253211327119893,47,7.021924865163224,tracking,0.2009481641822431,0.22338925604849819,7.0377774708376934
54.727,8.49597803069315,2.9125369738042237,8.496666696668873,2.9125271857425834,0.0006887355314407184,0.2,0.22357645037438578,47,7.033981586871423,tracking,0.2009514824099327,0.22460161408898752,7.049829888909928
54.767,8.495720060285956,2.92057080834467,8.49678080700271,2.920555731871293,0.0010608538528713968,0.2,0.22420611472494933,47,7.042019562123579,tracking,0.2009534922176913,0.2253134045164092,7.057862150679215
54.827,8.495197924355868,2.9326166526529827,8.496951875464381,2.9325917236131147,0.0017541282587327782,0.2,0.22526592046220803,47,7.054076717303372,tracking,0.2009596216085156,0.22637973189439237,7.069904886968707
54.887,8.494512559077194,2.9446547565814245,8.49712280096612,2.944617657015879,0.0026105055250784897,0.2,0.2262004578234893,47,7.066134315395744,tracking,0.20096581551724524,0.22726927728967763,7.089955863111282
54.927,8.493964302197442,2.9526747898173245,8.497236656551218,2.9526282795971985,0.0032726848637243196,0.2,0.2283362076690319,47,7.074173066462367,tracking,0.20097516305180524,0.2284519554177509,7.0979672947707675
54.987,8.493004382741395,2.964695065088699,8.497407273252179,2.9646324864725995,0.00440333520563049,0.2,0.22947360779787757,47,7.086231609614909,tracking,0.20098228813888253,0.22909963018772325,7.109972714078983
55.047,8.491878390941205,2.9767015290228476,8.497577660149453,2.9766205248781934,0.005699844838198705,0.2,0.2301692274924405,47,7.098290756920424,tracking,0.20099309779243932,0.2301136003049374,7.117967488535445
55.087,8.491035140207142,2.984696988947025,8.497691106962632,2.9846023871877163,0.006656639012523877,0.2,0.23112523195714946,47,7.106330561097121,tracking,0.20100005207694566,0.23039986010338998,7.1299446317672475
55.147,8.489630954731135,2.996675112138175,8.49786103494516,2.9965581373851298,0.008230911457556491,0.2,0.23170061550166696,47,7.118390709190464,tracking,0.20101051165247505,0.23110732292694577,7.13791832800594
55.207,8.488059406271242,3.0086329446459845,8.498030640790494,3.0084912227350054,0.009972241620517328,0.2,0.2324754318284002,47,7.130451369323584,tracking,0.20102068290630087,0.23183291387741642,7.149860465554829
55.267,8.486320289674042,3.0205680045925476,8.498199889189205,3.020399158945431,0.011880799362552064,0.2,0.23292944552611364,47,7.14251247136555,tracking,0.20102689711777777,0.23203860804338758,7.157808530253929
55.307,8.485067263784764,3.028510709849734,8.497325822813766,3.0304420674956036,0.012409770820759843,0.2,0.23482646318469527,48,7.150553406676926,tracking,0.20103667938599848,0.23353281902685477,7.171840872425594
55.367,8.48304663015029,3.04040215969149,8.495448740556713,3.0423561341106446,0.012555092933301015,0.2,0.23520044575937585,48,7.162615311154403,tracking,0.2010374122015186,0.23403340378891302,7.179881934111585
55.427,8.480859991975398,3.0522638187726536,8.493572217351959,3.054266652353579,0.012869033233982754,0.2,0.23566122921733265,48,7.174676834385971,tracking,0.20102935994760351,0.23457002165673313,7.191942068853506
55.467,8.479310481526763,3.060153820600068,8.49232171155522,3.062203762892484,0.013171726168413325,0.2,0.2359049530187724,48,7.182717550241355,tracking,0.20102095178430146,0.23492755350957853,7.19997983137365
55.527,8.476849789937146,3.0719603915350557,8.490447019426096,3.0741026590784104,0.013764954050140095,0.2,0.2361743944150828,48,7.1947778205676,tracking,0.20100328186586186,0.2354340889143204,7.2120310820898474
55.587,8.474226236117493,3.083730730936476,8.48857395263664,3.0859912390381594,0.014524698488835525,0.2,0.23648507065481214,48,7.206837004796611,tracking,0.20098421718539072,0.23607075497840488,7.220060519231972
55.627,8.472386425192111,3.091556280705884,8.487326323957292,3.0939100881672985,0.015124185422008017,0.2,0.2370665586916877,48,7.214875918494036,tracking,0.20097414029681576,0.2368624983929871,7.240112276943464
55.687,8.46949001256937,3.1032607469058315,8.485456775226085,3.105776338588661,0.016163715886224887,0.2,0.23776273511269955,48,7.226933436277846,tracking,0.20095705347694728,0.23753991915176653,7.252124899950986
55.747,8.466429296013585,3.1149223240738775,8.483589840409463,3.1176259981800962,0.017372223163301382,0.2,0.238012842393894,48,7.238989985032823,tracking,0.20094108744499778,0.23821892595709762,7.264120727477355
55.807,8.463204148421628,3.1265385553714475,8.481725894132508,3.129456689151195,0.018750215170365014,0.2,0.23810864794841527,48,7.251045622989753,tracking,0.20092623059401102,0.23878300457366894,7.2721074297528725
55.847,8.46096270696901,3.13425630000729,8.48048511092278,3.1373320892621823,0.019763216733990865,0.2,0.23814982967639423,48,7.2590822666952795,tracking,0.2009167446757183,0.23892730042518634,7.284069897157344
55.907,8.4574635728092,3.1457915091693107,8.478626984319423,3.149125842065718,0.021424466448784606,0.2,0.23810909194013136,48,7.271136518653818,tracking,0.20090427977142894,0.23904494722539607,7.29203211303192
55.967,8.453800285047986,3.1572749178287296,8.476772845282671,3.1608942853049142,0.023255931386721045,0.2,0.23794697552735114,48,7.283190080436987,tracking,0.20089339321665,0.23890542389993247,7.303954527602522
56.007,8.451267078637835,3.1649005798041694,8.473676784682917,3.1749091257863378,0.02454314400609969,0.2,0.23777318137400924,48,7.2912254930138305,tracking,0.20088768990285105,0.23875601814981487,7.311887830982465
56.067,8.447330611579806,3.17629242498346,8.468780457666721,3.1858722816062754,0.023491903925949326,0.2,0.2410755336996807,49,7.30327828976346,tracking,0.20089613553693317,0.24159737509686696,7.330367860158888
56.127,8.443229409409781,3.1876266873757997,8.463878176597591,3.196848768890771,0.02261456110220021,0.2,0.24074060177968523,49,7.315331727580856,tracking,0.20089191251179395,0.24134822776865034,7.338377655826778
56.167,8.440404483837302,3.195149096027684,8.460607463819883,3.204172081591427,0.022126334279769736,0.2,0.2401333273450593,49,7.32336707675908,tracking,0.2008856609228818,0.24066265089833622,7.3504030341719355
56.227,8.43602997688726,3.2063801021202534,8.45569818035765,3.2151642476339894,0.021540646233554717,0.2,0.23967753351023335,49,7.335419952304248,tracking,0.2008977132980073,0.2399008833874061,7.35842570086615
56.287,8.431487793552689,3.2175456942942744,8.45078536961183,3.226164311465949,0.021134734531340522,0.2,0.23912592888619139,49,7.347474075169119,tracking,0.20092464428579856,0.23894032709236632,7.370467408808531
56.347,8.426780747368912,3.2286440434663985,8.445870180513829,3.237169700564269,0.02090677609639291,0.2,0.2388663108644007,49,7.359529349455612,tracking,0.20094205429657788,0.23823985577815207,7.390552892426817
56.387,8.423553114921772,3.236004742079969,8.442592711321996,3.2445081412620125,0.020852194818115035,0.2,0.2380399010761235,49,7.367566606157601,tracking,0.20094734944704212,0.23756037576306013,7.398589963795028
56.447,8.418579107833397,3.2469870660627786,8.437676329237128,3.2555162015260635,0.02091530580924397,0.2,0.23741666937370276,49,7.379622815619061,tracking,0.20095518736407933,0.23695872235825013,7.410646008070884
56.507,8.413448438579591,3.2578973106068676,8.432760733368479,3.2665225014070924,0.02115085450645396,0.2,0.2369478255236808,49,7.391679233121941,tracking,0.20095571988826522,0.2360660292774965,7.418682460819889
56.547,8.409942194429997,3.2651298566568094,8.429484649289654,3.27385784075771,0.021402926164599708,0.2,0.23615595953249816,49,7.399716861528448,tracking,0.20095466337144768,0.23586091540141998,7.430733799140729
56.607,8.40455610395673,3.2759159618986224,8.424572800694614,3.284855750279122,0.021922316588000094,0.2,0.2355711408832843,49,7.411772981836146,tracking,0.20094697757101718,0.23501361139331142,7.43876461398875
56.667,8.399019873620542,3.2866252403298475,8.419664590613262,3.2958455129605917,0.022610125322402804,0.2,0.234599627759686,49,7.423828623289541,tracking,0.2009348502558444,0.2341496421371922,7.4508038611314795
56.707,8.395246701212123,3.293721177306753,8.416394983304336,3.3031663504535125,0.023161630582151996,0.2,0.23389222056856396,49,7.431865360911479,tracking,0.2009304818892799,0.2340959740497259,7.458824288207837
56.767,8.389464148440252,3.304298361632131,8.405032051099605,3.3181422585137947,0.020832980441626944,0.2,0.23617104224173407,50,7.443920017472845,tracking,0.20093080500931387,0.2358630686283169,7.477880550264008
56.827,8.383533888685697,3.3147939253697953,8.397201495679699,3.3269479673100815,0.01829000318285144,0.2,0.2351732396912285,50,7.455975092708108,tracking,0.20092209517835233,0.23558958656509932,7.485724374401217
56.867,8.379499998325297,3.3217444372899396,8.39196873508905,3.3328323731396865,0.01668567403169114,0.2,0.23357240924673578,50,7.464011378379474,tracking,0.20090828480075865,0.2344642607607332,7.497519558665609
56.927,8.373329438867756,3.3320987114580007,8.384102228023023,3.341678510706285,0.014416155514604541,0.2,0.23246477722210374,50,7.476064875696287,tracking,0.2008959827507264,0.23349700900908277,7.505401116557387
56.987,8.367015736331027,3.3423656532620427,8.376215878329058,3.3505469619395414,0.012311637765157346,0.2,0.23084960546957345,50,7.4881177979033655,tracking,0.20088638994246222,0.2320737749914676,7.517249293708642
57.027,8.362727670391216,3.3491609195333156,8.370947968972054,3.356470893675609,0.011000410479574061,0.2,0.2299472253121514,50,7.496152917890128,tracking,0.20088437299069772,0.23121195218333412,7.525164311650663
57.087,8.356178415194272,3.359278723288288,8.363031661218722,3.365373033700112,0.009171019598022143,0.2,0.22853070589915844,50,7.508205415409681,tracking,0.20088130642535962,0.22984894715265716,7.537059879320342
57.147,8.349489973822797,3.3693049518040654,8.35509936505515,3.3742931532007994,0.007506492068335014,0.2,0.22754863585563634,50,7.52025782206687,tracking,0.2008840350521014,0.22878886444434918,7.545004573359171
57.187,8.344954697709198,3.3759375913862177,8.349803047994314,3.3802490303039705,0.006488066432204058,0.2,0.22601298726704291,50,7.5282927854926305,tracking,0.2008802997835627,0.22723049543259083,7.564911644534987
57.247,8.338038376348523,3.3858080057107713,8.341847497115973,3.3891953004715534,0.005097368616986468,0.2,0.22330412714268,50,7.540345195214445,tracking,0.20088490912032558,0.2259430234764281,7.576883550802964
57.307,8.330987892633361,3.395583162703679,8.333880004707282,3.398154999270085,0.0038702268114956862,0.2,0.2221714031634888,50,7.552397705942661,tracking,0.20088808521259285,0.2240147703994061,7.58487494083944
57.347,8.326213904876916,3.4020463889003585,8.328562402872773,3.404134811778691,0.003142761994693338,0.2,0.22041652321526597,50,7.56043289430188,tracking,0.20089250853574048,0.2226471382989761,7.596875617408165
57.407,8.318943948317633,3.4116601068365195,8.32057816138768,3.4131133454467175,0.0021869053057871324,0.2,0.21921627484275366,50,7.572485937109815,tracking,0.20089922348413608,0.22048265706415227,7.6048841990305265
57.467,8.311545175122903,3.4211756528002644,8.311949038524482,3.4216845057345626,0.0006496437145683997,0.2,0.2174799749114663,51,7.584539461896167,tracking,0.20090392752057518,0.21757486574515578,7.617187257471406
57.507,8.30654259106125,3.4274644342929803,8.305817550027372,3.426550909432512,0.0011662813432014602,0.2,0.2161286798380378,51,7.592575295391022,tracking,0.20090935109921032,0.21684958007478455,7.62500710877735
57.567,8.298935576923558,3.4368148797929092,8.296597322284361,3.4338687655135733,0.0037612529966265396,0.2,0.2140650697692018,51,7.604629236453521,tracking,0.20090659184383144,0.2136674415322443,7.636766889489267
57.627,8.291208500556273,3.446065881055305,8.28735185652483,3.441206652355025,0.006203692992636414,0.2,0.2119641122723322,51,7.616682814077724,tracking,0.20089580874393853,0.21093866331877864,7.648560075318592
57.667,8.285991917519299,3.452177821127833,8.281175185085475,3.4461089165846115,0.007748065158075636,0.2,0.2105523987543726,51,7.624718269885071,tracking,0.2008923204097968,0.20975798469439672,7.6564391680293165
57.727,8.278071934728882,3.4612628764420132,8.271892171794535,3.453476603929773,0.009940599054362235,0.2,0.2085607802138164,51,7.636770836311448,tracking,0.20087474154962884,0.20754947170888774,7.668281709908179
57.787,8.270040759156464,3.4702483168812215,8.262589445228075,3.4608599371914077,0.011985981497545673,0.2,0.20738558223470732,51,7.648822305971268,tracking,0.20085949784784776,0.20649822448100794,7.676191249774089
57.827,8.264626088813444,3.4761832033088695,8.25637745643518,3.4657902318902596,0.013268526331879566,0.2,0.20556654173366531,51,7.656856080416238,tracking,0.20084267392528732,0.2049464042075238,7.688075890164429
57.887,8.256415477684149,3.48500213802514,8.247045719662408,3.473196589801674,0.015071938635841097,0.2,0.20432591419214707,51,7.668905468145344,tracking,0.20082243778938957,0.2039380732874055,7.696011367456859
57.947,8.248100198877603,3.493720586896404,8.237698697056768,3.48061507968294,0.016731573729060898,0.2,0.20240563501056302,51,7.680953505842473,tracking,0.20079843052303434,0.20235192540118163,7.707931841414455
57.987,8.242499521014729,3.4994767828149635,8.231459599248439,3.4855668901055874,0.017758518738683247,0.2,0.20109834167531612,51,7.688984781206731,tracking,0.20078386440529655,0.20122104800885157,7.715889311943449
58.047,8.234014167719828,3.5080265963060997,8.222090346727425,3.493003023295233,0.019180335061507504,0.2,0.1990793749242357,51,7.70103054939612,tracking,0.20076139488208403,0.19947312571674886,7.727840157607806
58.107,8.225429041300726,3.5164744639546144,8.21270952224942,3.500448340847586,0.020460273378871335,0.2,0.1977083008362711,51,7.713075086059636,tracking,0.20074631901136963,0.19822121468816764,7.74779255795349
58.147,8.219651304595736,3.5220496988986794,8.206449911268766,3.505416432044096,0.021235403269755523,0.2,0.19416548711784007,51,7.721104126233512,tracking,0.20072895003397748,0.1962669109817827,7.755784094712211
58.207,8.210903959681504,3.530326839619511,8.198441952562373,3.511772141572083,0.02235125144300649,0.2,0.19136568388213218,52,7.733146846090794,tracking,0.2007178777520844,0.1948295663985496,7.766007716685241
58.267,8.202062188346083,3.5385013859850494,8.188946635820317,3.517783070744261,0.024520732135742067,0.2,0.18966199379312038,52,7.745188446010664,tracking,0.2006983847421767,0.19127231621824345,7.773295292699188
58.307,8.196115859834448,3.5438938567668976,8.182264470584887,3.5220131583798904,0.025896446591106733,0.2,0.1873877237820796,52,7.753215747169919,tracking,0.20069289463292356,0.1902466807594772,7.785154239826262
58.367,8.187120118047284,3.5518969108317,8.172225497000479,3.528368244873211,0.02784686441799306,0.2,0.1858627444537674,52,7.765256189216018,tracking,0.20068292587279796,0.18711379626550678,7.7930727400925255
58.427,8.178034453818139,3.5597971767223835,8.162168780480375,3.5347345633804466,0.029662336017044762,0.2,0.18354300703633958,52,7.7772962679378645,tracking,0.20067209334306504,0.18392929130686428,7.804968359579983
58.467,8.171928475899753,3.5650069315379516,8.155455215714744,3.5389845282205137,0.030798275528646186,0.2,0.18198999225071183,52,7.78532275606021,tracking,0.20067432475851535,0.18281255582083003,7.8129098265403645
58.527,8.162697379531858,3.572736147548026,8.145371977189766,3.5453676362564326,0.032391433692157565,0.2,0.1801271094706372,52,7.797362437130892,tracking,0.20066972491650842,0.17989111987733047,7.824837674338798
58.567,8.156496070248066,3.5778320415217997,8.138641812122035,3.549628109775975,0.03338017823730207,0.2,0.17887576395542207,52,7.805388916572415,tracking,0.2006759716734609,0.1791592479693252,7.832799295978935
58.627,8.147124723249036,3.5853910006088676,8.128535392346071,3.55602589250486,0.03475446442372494,0.2,0.17696521026260226,52,7.817428850420082,tracking,0.20067485316016476,0.17618585237709852,7.844755418490885
58.687,8.137672506625323,3.5928485902593876,8.11841705133503,3.5624312218698018,0.03599984525222682,0.2,0.17567930149637934,52,7.829468785739556,tracking,0.2006764322136414,0.17441822306351373,7.852734431361811
58.727,8.131327085790863,3.5977641287160886,8.111665512565539,3.566705225828709,0.036759120096412475,0.2,0.17371893628856747,52,7.837495421640462,tracking,0.20067318354258284,0.1725151522841782,7.86471420679567
58.787,8.12174554641882,3.6050540895250514,8.101530604085106,3.5731210430886597,0.03779369455695142,0.2,0.1723990589129648,52,7.849534916037413,tracking,0.20066449648444867,0.17090320149330276,7.872707317618045
58.847,8.112089889437058,3.612244713432931,8.091387676114339,3.5795419370184796,0.038704692501982024,0.2,0.1703847793829748,52,7.86157388542578,tracking,0.20065341407226728,0.16898257681928827,7.88470565950179
58.887,8.105612895017773,3.6169838948915034,8.084621907529126,3.583824949040704,0.039244582373682606,0.2,0.16902619132386637,52,7.869599550358029,tracking,0.20064824452085878,0.16774599751108304,7.892709584393095
58.947,8.095839417041981,3.624011661043866,8.074468467067057,3.5902524978133643,0.039954957200007114,0.2,0.16694820915729036,52,7.881637422629971,tracking,0.20063327829059047,0.1659905438090906,7.904722026660941
59.007,8.085998140143001,3.630942592048432,8.066700785372246,3.5946032667927845,0.041145284798918665,0.2,0.1655439312313869,53,7.8936743880113465,tracking,0.2006212209828769,0.1648799597071342,7.921642481432041
59.047,8.079400998339398,3.6355099761881746,8.059662873190593,3.598340625350197,0.042085083178087956,0.2,0.16110853052007756,53,7.901698307119664,tracking,0.2005985663565606,0.16225791720014537,7.929611173725218
59.107,8.069451562313159,3.6422810656365496,8.04909723127539,3.603951322273821,0.04339894028945562,0.2,0.15893132145760366,53,7.913733211754023,tracking,0.20058729107545775,0.16107341515329565,7.941574146142181
59.167,8.059439180360325,3.6489571001648935,8.038521863352784,3.609567184021338,0.04459932336471376,0.2,0.15746277881589532,53,7.925767214803427,tracking,0.20057128244388805,0.15924679590753332,7.949555655866975
59.207,8.052730115859326,3.6533552266968967,8.03146675809389,3.613313672657771,0.04533714187428623,0.2,0.1552308989541924,53,7.933789375576565,tracking,0.20056140281687324,0.15799033840349266,7.961536290047971
59.267,8.04261626602354,3.659873829041604,8.020877453839654,3.6189369350472593,0.046350892602737,0.2,0.1540895106255456,53,7.945821920404209,tracking,0.20054703746341088,0.1560320644601936,7.969528528364721
59.327,8.032442871352652,3.6662981890112647,8.010280739970215,3.624564132181608,0.04725348206083271,0.2,0.15240129073967482,53,7.9578539759289075,tracking,0.20053985968661622,0.15378575776877054,7.981523885755218
59.367,8.025628324004732,3.6705288573583057,8.003212719574073,3.628317479172829,0.04779393026639592,0.2,0.15125660483533374,53,7.965874986477442,tracking,0.20053416077298422,0.15344210852166057,7.989525181409132
59.427,8.015358397849159,3.6767965035347157,7.992605622357825,3.6339501901995153,0.04851283705347706,0.2,0.1495065358081253,53,7.97790639420196,tracking,0.20052632689039465,0.1510369610493792,8.001532850870063
59.487,8.0050324658893,3.6829702778574602,7.981993722612413,3.639585451524217,0.049122569637021385,0.2,0.1477250058939973,53,7.989937202995545,tracking,0.20051346836357148,0.14886962188725456,8.013546542067726
59.527,7.99811779010082,3.6870339386824287,7.974916777023357,3.6433435380809867,0.04946855680667358,0.2,0.1465320233446682,53,7.997957557137363,tracking,0.20051365772947768,0.14779376615978998,8.021558398435184
59.587,7.987700600108735,3.69305125750363,7.96429850041329,3.64898218572667,0.04989730811815818,0.2,0.14471157888080788,53,8.009987767988681,tracking,0.20050384792231307,0.14557140588468595,8.033579802252419
59.647,7.977230465698401,3.6989751497960355,7.953677624795547,3.654622213529328,0.05021871434110801,0.2,0.14349267779331806,53,8.022017573243234,tracking,0.20050348492799863,0.14400205013433945,8.041595898086525
59.687,7.970221430255392,3.702872539011207,7.946595949031242,3.658382811961848,0.05037359602012842,0.2,0.1416366544323928,53,8.030037312673908,tracking,0.20049096517259882,0.14207965879629628,8.053622299289026
59.747,7.95966297207759,3.7086458800049433,7.938641700450597,3.6624789269221716,0.0507275213051325,0.2,0.14039484969202615,53,8.042071119441609,tracking,0.20064105076868977,0.14076700285253155,8.061642425087957
59.807,7.949055551896041,3.714327647836887,7.9277130041027775,3.6674551074824207,0.05150280949219027,0.2,0.1377828968208787,54,8.054104400316085,tracking,0.20065506100201508,0.1377743451432498,8.070583241662625
59.847,7.941957586411936,3.718065644157875,7.920424179808489,3.6707739393545817,0.051963380790237775,0.2,0.1365484827130729,54,8.062126478008881,tracking,0.20066742434253998,0.13625954111462482,8.078589432269753
59.907,7.931272568448077,3.723599240665923,7.909487092444165,3.6757539406096225,0.052571662539760464,0.2,0.13468931507726992,54,8.074159362085522,tracking,0.20067368414092934,0.13417951058823077,8.098615777095027
59.967,7.920543569124549,3.729046159372089,7.898546266059773,3.6807356443585735,0.0530828334115156,0.2,0.13157065125689388,54,8.086191832732727,tracking,0.20067706258190912,0.13280118017692,8.110637384899963
60.007,7.913367580355767,3.7326304592916917,7.8912507820447715,3.6840575086118794,0.05337119359048222,0.2,0.1308109585552161,54,8.094213180544868,tracking,0.20065885544559228,0.1310668677239064,8.118653547892976
60.067,7.9025693044187255,3.7379363760357256,7.880305753014242,3.6890411259583304,0.05372533109503459,0.2,0.12974240178024987,54,8.106244619183165,tracking,0.20065087024788925,0.1303793464153144,8.130679773499331
60.127,7.891731270630096,3.7431592586614415,7.869359109014725,3.69402547865116,0.05398742403044482,0.2,0.12900802569234004,54,8.118275474486321,tracking,0.20060672037666588,0.12923448911178326,8.138698272510254
60.167,7.884484180954251,3.7465953359065676,7.862060634556234,3.697348704547821,0.05411142331567647,0.2,0.12786205109208293,54,8.126295881932593,tracking,0.20060910608639257,0.12910572220911637,8.150727222453432
60.227,7.873581868982743,3.7516810780051464,7.8511124716886735,3.702333748829234,0.05422206849203187,0.2,0.12707452574529957,54,8.138326059779049,tracking,0.2005633153987906,0.12798478217941903,8.158746889567807
60.287,7.862642028685819,3.7566849263084636,7.840164110453668,3.7073188834336093,0.054242630809845746,0.2,0.12584903719229648,54,8.150355964332485,tracking,0.20053807015226557,0.12684180950671178,8.17077678757464
60.327,7.855328485262319,3.759975354552448,7.8328655240469995,3.710642160303811,0.054206537256448264,0.2,0.1250098527872521,54,8.15837561740704,tracking,0.20051679405176825,0.12653474178265597,8.178796568595665
60.387,7.8443284013272425,3.764842846112476,7.821918690064559,3.715626599501864,0.05407803703273066,0.2,0.12371057458408191,54,8.170404512645826,tracking,0.20048960963428605,0.1252744927690705,8.190825385743455
60.447,7.83329329106974,3.769628701354163,7.810973632959097,3.7206102296317187,0.053860725098907374,0.2,0.12282418423609145,54,8.182432732330785,tracking,0.20047972558446917,0.12448821083557655,8.198843543405152
60.487,7.825917342729275,3.7727738217938067,7.804380657396378,3.7236122196024573,0.053672077891103606,0.2,0.12145920984417034,54,8.190451235713654,tracking,0.20044968908052316,0.12341000431407818,8.210869109647561
60.547,7.81482559832664,3.77742380917894,7.79517326541332,3.7272161891258735,0.053916781249709674,0.2,0.1198623158229428,55,8.202478254320743,tracking,0.20044206070538675,0.12182436931391268,8.215976812076729
60.607,7.8037002576333245,3.781992556916905,7.783975271389756,3.7315993227275026,0.05411610790122392,0.2,0.11847475933403681,55,8.214505168365314,tracking,0.20045148294622142,0.12026968923078293,8.228000931089191
60.647,7.796264878700034,3.7849933109666867,7.776509213001879,3.7345216971565987,0.054200277930762826,0.2,0.11754480945718941,55,8.222523234513014,tracking,0.20045872407718163,0.11919968141803974,8.236017937055239
60.707,7.785084865564486,3.7894273268473637,7.765309540602546,3.738905487710287,0.05425421372707349,0.2,0.1161312177580856,55,8.2345504199918,tracking,0.20047116110364382,0.1175417437043644,8.24804451933655
60.747,7.7776140769482565,3.792338704133264,7.7578431130609085,3.7418280066340355,0.05424224898447153,0.2,0.11518270198228446,55,8.2425684496905,tracking,0.2004816831254942,0.11637404340731256,8.256062625942231
60.807,7.7663818339525745,3.7966390062251203,7.746643534805333,3.74621176033785,0.05415263226290289,0.2,0.11491230650969508,55,8.254595747009319,tracking,0.20051159648851105,0.11564681554731787,8.276107610155991
60.867,7.7551189360713115,3.8008592667356558,7.735444541955235,3.7505952849014803,0.05397730683964365,0.2,0.11570322894965399,55,8.266623359717606,tracking,0.2005410652870932,0.11555768036230381,8.288133944944965
61.187,7.69514324630643,3.8218730803958603,7.67630448418547,3.773743964376348,0.05168472469762962,0.2,0.11864627350633414,55,8.330173841441344,tracking,0.1815825821767114,0.01650690085920139,8.35164306078231
61.287,7.676849080987601,3.8278654195431794,7.660740144535119,3.7795738868443656,0.05090746471816023,0.2,0.1203781676605939,56,8.349424415800804,tracking,0.20091222895942687,0.11376868038374123,8.364259051651958
61.347,7.665393679519813,3.8315376035083837,7.649329490963335,3.7833802165050034,0.050766052406814303,0.2,0.12039831122401876,56,8.36145401088387,tracking,0.20057208752814376,0.12073413478353141,8.380296643107343
61.407,7.653920996451301,3.835137010793109,7.637925131983947,3.787184446435456,0.050550134604497476,0.2,0.1202905840411468,56,8.373478077982478,tracking,0.20031291205647833,0.12112837513438467,8.388312704378375
61.467,7.642423630600076,3.8386512325089615,7.6265241323480595,3.790987555766749,0.05024559806840803,0.2,0.12005130618160954,56,8.38550052265006,tracking,0.20035227542442327,0.12087635169789984,8.400331362123623
61.527,7.630900666650929,3.84208213340868,7.6151251086396945,3.7947900059744,0.049853922090704224,0.2,0.12027876731384052,56,8.397523408291912,tracking,0.2003724943113667,0.12087792274286996,8.412348624796776
61.567,7.62320482561985,3.844322993338382,7.607527213100969,3.7973244878921575,0.049544394723025464,0.2,0.121602961750181,56,8.40553885727498,tracking,0.20037668000464498,0.12158995220129692,8.42035877313245
61.627,7.611640203311413,3.847614089902224,7.596132668153281,3.801125444089014,0.04900691620809057,0.2,0.12351486467492337,56,8.417562658908794,tracking,0.20039780200287466,0.12410977252951186,8.43237154667543
61.687,7.600050785782527,3.850819774904473,7.584741449207344,3.804925290808746,0.048380569000221196,0.2,0.12471931886181711,56,8.429587259317644,tracking,0.20040897407050617,0.125551980372941,8.440378337735055
61.727,7.5923110762684045,3.8529089049997944,7.577149623348402,3.8074577480219545,0.04791322703878035,0.2,0.12643587330340253,56,8.437603964870313,tracking,0.20042046931836713,0.12713497539376187,8.452385175644512
61.787,7.5806811294597125,3.855968838763669,7.565765684299288,3.811255166336773,0.047135793259829625,0.2,0.1275138314174635,56,8.44962972295088,tracking,0.20043233555881487,0.1283957300180116,8.460387247294722
61.847,7.569027184506361,3.858938714768842,7.554387183188811,3.815050770681252,0.04626533556360842,0.2,0.12904376629601302,56,8.461656135402723,tracking,0.20044366491368004,0.12982616095451643,8.472386032642033
61.887,7.561244646658238,3.8608674794344893,7.546804955199201,3.8175800262676223,0.045632316302220394,0.2,0.13000066725618833,56,8.469674116974971,tracking,0.20045352453105164,0.13068035031877975,8.480381935770065
61.947,7.549551202635246,3.863683301772355,7.535437153223107,3.821372061628757,0.04460322222998599,0.2,0.1313543441776994,56,8.481701813701996,tracking,0.20047078182337266,0.1317777279553664,8.492370214980431
62.007,7.537834610964439,3.866405384873847,7.524076659609536,3.8251616590894804,0.043477881066812656,0.2,0.1321986520564999,56,8.493730456883661,tracking,0.2004848007341209,0.13236156562747797,8.500358480890384
62.047,7.530010912563034,3.868167407642937,7.518678260105895,3.8266665659685226,0.04302033090759653,0.2,0.13339011469810638,57,8.50175011902835,tracking,0.2004990627166986,0.13329763005858822,8.517939347396233
62.107,7.518257304623103,3.8707314048533195,7.50708870407742,3.8298313309541014,0.04239756694800453,0.2,0.13413262256283193,57,8.513780139032509,tracking,0.20050520541752154,0.13271426380433504,8.52995323712234
62.167,7.506482457174984,3.8731997770272573,7.495503682767623,3.832994857642126,0.04167696042482741,0.2,0.1348204599410109,57,8.525810928433689,tracking,0.2005221688810483,0.13344067981761573,8.537959915177984
62.207,7.498621097367018,3.874792150734833,7.487783190284817,3.835103095802499,0.041142208391677954,0.2,0.13578063059082554,57,8.533831940343347,tracking,0.20053052829645499,0.13396621653784954,8.549965592491292
62.267,7.486812703389608,3.877100910095741,7.476207511347404,3.8382640713649296,0.04025878960991105,0.2,0.13700054922334093,57,8.545863920151854,tracking,0.20053939930181905,0.1348010085372162,8.561965097038078
62.327,7.4749821439629125,3.8793171227823184,7.464634723164173,3.8414242575478887,0.0392802539816233,0.2,0.13839338979519766,57,8.55790027072089,tracking,0.2007497306779659,0.13729048909834227,8.569963809452293
62.387,7.463134830686919,3.881437490017157,7.4530707000974035,3.844582050236774,0.03820484479654761,0.2,0.1403980982533265,57,8.569935834233666,tracking,0.20073887073223712,0.13965543081554632,8.581954211369451
62.427,7.45522697428012,3.8827970718612765,7.445366094913301,3.846685950045744,0.03743327477877369,0.2,0.14165789311713606,57,8.577959714575584,tracking,0.20073877194322973,0.14092021678606667,8.589942940873119
62.487,7.443351203075204,3.8847542820115555,7.43381705038076,3.849839652539927,0.03619297471529596,0.2,0.14345020889744275,57,8.589995686214131,tracking,0.20071659181431667,0.1432596449563658,8.601918180448413
62.527,7.435424981801174,3.88600378912551,7.42612332705056,3.851940580836432,0.03531038006089292,0.2,0.14456804514979113,57,8.59801979063224,tracking,0.20071208536225446,0.14445653231119962,8.60989598218633
62.587,7.423522414354917,3.887793905332323,7.414591807869853,3.8550894976753494,0.033901829041875935,0.2,0.14614689972088843,57,8.610056219830577,tracking,0.20068715058369763,0.14660533032546427,8.621853429824993
62.647,7.411604797140224,3.8894816253653657,7.4030723043128575,3.858235133402798,0.0323905340156021,0.2,0.14712500006516793,57,8.622092747526963,tracking,0.20065899592320252,0.14806443980194944,8.629818609286966
62.707,7.3996729818800455,3.8910653482518973,7.391566015840108,3.86137716048158,0.030775174921652586,0.2,0.14849531136463617,57,8.634129208534434,tracking,0.2006450506822346,0.14974790606263338,8.641755474570372
62.747,7.39171076508243,3.892062590109023,7.383902900785823,3.8634697305631844,0.02963974294561768,0.2,0.14933770928755602,57,8.642153632978207,tracking,0.2006371965857318,0.1507745006088398,8.649705610201758
62.807,7.379756478617423,3.8934693154803366,7.37408384037318,3.8657840728260906,0.02826042259900812,0.2,0.15050804994710665,57,8.654190403357248,tracking,0.20063047397601777,0.15213118963454025,8.661618629855232
62.867,7.367789879246013,3.8947683191553812,7.362343954031375,3.868189546712568,0.027130964708433597,0.2,0.15031717813398224,58,8.666227301257605,tracking,0.20061674481068661,0.15212764237716792,8.667742618902926
62.907,7.35980572653205,3.8955733162181665,7.354523198217016,3.8697920003766186,0.02631694039816918,0.2,0.15137622117427302,58,8.674251933014325,tracking,0.20062886492219928,0.1530778978592656,8.687709646844304
62.967,7.34782031787747,3.8966890811561314,7.342801292863463,3.8721937900027523,0.025004197663193246,0.2,0.15292399324100614,58,8.68628916492262,tracking,0.20063442905202686,0.15368748375824134,8.699675082838278
63.027,7.335824571894046,3.8976935247723827,7.331091357126115,3.8745931270839145,0.023580324327810785,0.2,0.15346443604728627,58,8.698326890151128,tracking,0.2006641713601069,0.15468970246992836,8.707645334372392
63.067,7.3278222942548625,3.89830087542943,7.3232920722358985,3.876191181408325,0.022569038110827652,0.2,0.1548656888312393,58,8.70635218280842,tracking,0.20066222681874255,0.1547926762848707,8.719589620933455
63.127,7.315811528533244,3.8991172801924456,7.311604698249611,3.878585895642091,0.020957938176019042,0.2,0.15575676160215224,58,8.71839066319245,tracking,0.20071286682058218,0.15624182369207723,8.72754478293698
63.187,7.303793092786539,3.899819556698968,7.299932405674817,3.880977519731671,0.019233493235800977,0.2,0.15701364299722673,58,8.730429599610975,tracking,0.20073657618898672,0.15747635532157245,8.739464820448733
63.227,7.295776884009944,3.900223891399176,7.292159672401641,3.882570133694943,0.018020526654318563,0.2,0.15779297378298965,58,8.738455999158703,tracking,0.200762255420938,0.15772096153514925,8.747402665795365
63.287,7.283747443096629,3.9007341261104593,7.280514581542815,3.8849561842197096,0.016105739478024704,0.2,0.15888359807688976,58,8.750496256138831,tracking,0.20078768403121627,0.15871627153905846,8.759295427937834
63.347,7.271712976870127,3.9011284235269916,7.268887465980879,3.8873385516502785,0.01407636594300607,0.2,0.15955453744640608,58,8.76253718001574,tracking,0.2008041463446494,0.15918907949490035,8.767214160790335
63.387,7.2636878274382175,3.90132693834484,7.261146625102405,3.8889246309401813,0.012659973865344155,0.2,0.1604818812462292,58,8.77056478436183,tracking,0.20082591953641332,0.15986282811571742,8.779076427622421
63.447,7.251647775658945,3.9015280394067093,7.2495521395409765,3.891300312563762,0.010440214897830244,0.2,0.1610430479115809,58,8.78260651548674,tracking,0.2008296342753649,0.16041384500010775,8.78697362083841
63.487,7.243620177950155,3.901597904202926,7.241834247018271,3.892881689791913,0.008897299756230208,0.2,0.16180220294582567,58,8.790634417209104,tracking,0.2008394177544781,0.16108348158363375,8.798801916528884
63.547,7.2315852424617955,3.901604288080229,7.230837601389632,3.894920442002157,0.0067255308763057775,0.2,0.1622554751679221,58,8.802669354390613,tracking,0.2006107806265653,0.1612193132630758,8.806671454477103
63.607,7.21954965386019,3.9014965467520684,7.218962646234956,3.8962487497010536,0.005280525716320494,0.2,0.16258230695306689,59,8.814705425227098,tracking,0.20058526840160848,0.1618689330709495,8.81791619475131
63.647,7.211526552622493,3.901360288614291,7.211053744253554,3.8971334229697,0.004253227119630943,0.2,0.16297422273878218,59,8.822729683432717,tracking,0.20059590412283682,0.1623652454975611,8.8258804031222
63.707,7.199493817930284,3.901059223144908,7.199202965345362,3.8984590263641237,0.0026164132939878538,0.2,0.16348135452255141,59,8.834766183945323,tracking,0.20060292455879022,0.16313993501416887,8.83781526307131
63.767,7.187464535457754,3.9006421139947105,7.187368415993452,3.8997828143542552,0.0008646587902197091,0.2,0.16376005774745864,59,8.84680269576757,tracking,0.20060515797496706,0.16376325710809217,8.857671675470536
63.827,7.175439897887823,3.9001085626711647,7.175551318165786,3.9011046502533087,0.0010022998302119009,0.2,0.1644435569156723,59,8.858839164755736,tracking,0.20060697264436228,0.16442095187641928,8.865600896122162
63.867,7.167426584595743,3.8996878517815827,7.167683508269045,3.9019847270471297,0.0023112000690949366,0.2,0.16487800385756005,59,8.866863514422196,tracking,0.2006090044784927,0.16494871953307064,8.877479351044048
63.927,7.155412099430476,3.898958797893008,7.15589803565417,3.9033030254158865,0.004371320942693648,0.2,0.16510793706637228,59,8.878900099210203,tracking,0.20061233924412405,0.16561604137441693,8.885387571135425
63.967,7.14740659910598,3.8984071410427616,7.148052408511971,3.904180620893083,0.005809487014438703,0.2,0.16536740867175345,59,8.88692458428564,tracking,0.20061481481704072,0.16595868392707355,8.89723288306885
64.027,7.135405425139879,3.8974807227276673,7.136301886559662,3.9054950097536723,0.008064269316704967,0.2,0.1655267607120387,59,8.898961462097564,tracking,0.2006196023002729,0.16631143473393462,8.909056688895594
64.087,7.123413751386969,3.896435033006146,7.1245739240036166,3.90680687516728,0.01043652769439591,0.2,0.16557875214963605,59,8.910998642265275,tracking,0.2006257071920689,0.16650842884179884,8.916926690667564
64.127,7.115425156487755,3.895671422603816,7.11676840907689,3.9076799837757736,0.01208345434628959,0.2,0.16558074109183848,59,8.91902365001046,tracking,0.2006303227328274,0.16646869356831107,8.928711989810289
64.187,7.1034518959207595,3.8944260351971924,7.105080693890179,3.90898734720265,0.014652125789299881,0.2,0.16553309212486242,59,8.931061505234617,tracking,0.20063850178648354,0.16627854429500866,8.936555209926926
64.247,7.091491228575485,3.8930605416727664,7.093418685101444,3.910291835165501,0.01733875901246177,0.2,0.16539090913213922,59,8.943099866248872,tracking,0.20064718846427554,0.1658924634567813,8.94829870347593
64.307,7.07954434456268,3.891574966171513,7.077597518203888,3.910526473843136,0.01905124079683185,0.2,0.16525146268325866,59,8.95513876039183,tracking,0.20065666671220886,0.16543860785477527,8.956112962751762
64.347,7.071587935908866,3.8905176994763098,7.069616719618243,3.909706632523914,0.019289915634078253,0.2,0.16678693619819296,60,8.963165107726157,tracking,0.2006718581099309,0.166597171974253,8.972131736624553
64.407,7.059666176197025,3.8888312847358644,7.0576480230667755,3.9084771274982177,0.01974922985587661,0.2,0.16661292537147854,60,8.975205554117537,tracking,0.20068158186409,0.1661969633375488,8.980154010419724
64.467,7.047761606198725,3.8870250629038585,7.045684157854376,3.9072481187801715,0.02032948057870434,0.2,0.16627837189097014,60,8.987246369046387,tracking,0.20068741075313654,0.16557814158197,8.99218423539064
64.507,7.039835366936981,3.8857545199129655,7.037711533226966,3.9064291171449277,0.02078339819018185,0.2,0.1660161384926959,60,8.995273793809417,tracking,0.2006914269852347,0.16512898917351404,9.00020151303889
64.567,7.02796214112086,3.8837491932268415,7.0257584450787185,3.905201215519411,0.021564914483648077,0.2,0.1655139722031369,60,9.00731517356419,tracking,0.2006964012594662,0.16443339271301458,9.012222261866194
64.627,7.01610934078293,3.8816253439811397,7.013813520822257,3.903974152543779,0.02246642013008157,0.2,0.1651022883647894,60,9.019356752010113,tracking,0.2006998775850424,0.16395002041246506,9.032239870670798
64.667,7.008219386925406,3.880144403304197,7.005855414920443,3.903156642369699,0.023133341964533517,0.2,0.16392859196724247,60,9.027384488749847,tracking,0.20069722597957307,0.16333320555090458,9.040239856447613
64.727,6.996403104834787,3.8778268167864876,6.99392693339883,3.901931268502404,0.024231302431053956,0.2,0.1631235280549955,60,9.039425906013282,tracking,0.20069372955927012,0.16298969978373973,9.052231112116894
64.787,6.984610109659463,3.87539561565346,6.982009946237457,3.900707075413118,0.02544466240660178,0.2,0.16254626542203016,60,9.05146689742406,tracking,0.2006843210005526,0.16231071261223753,9.0602189366129
64.827,6.9767615300816574,3.873712702581559,6.9740722512602344,3.8998916619865205,0.0263167273061446,0.2,0.161614703886926,60,9.059493876793457,tracking,0.20067505782464304,0.16208626690385294,9.072190280375224
64.887,6.96500951217158,3.8710962376551667,6.962176980650938,3.8986696997675554,0.0277185686441195,0.2,0.16095356749529507,60,9.071533636494955,tracking,0.20066074553780266,0.1615050655001625,9.080163764334213
64.947,6.953283550814863,3.8683685101542356,6.950296184212116,3.8974492244327523,0.029233752789676857,0.2,0.15989743594334105,60,9.083572684092609,tracking,0.20064773530788857,0.16040059928037612,9.092112032843419
64.987,6.945481276430328,3.866488405687722,6.94238426558935,3.8966364589266878,0.03030670866736686,0.2,0.1591537157663696,60,9.091598285526555,tracking,0.20063992713235554,0.16033603388186263,9.100069133400101
65.047,6.933801087591996,3.8635758820072916,6.923049806493715,3.890582248422687,0.029067746252794433,0.2,0.16075669029248985,61,9.103636126092377,tracking,0.20063337069260107,0.160977067129498,9.120481966536707
65.107,6.922149299500065,3.860551791543281,6.9119528273383715,3.886164521861262,0.02756773474346067,0.2,0.15940304233892685,61,9.115673953507397,tracking,0.20062462505786616,0.16032499134176198,9.132421187396393
65.147,6.914398104918159,3.8584745027919327,6.904548185125725,3.8832167210117934,0.026630776976209174,0.2,0.158461725046358,61,9.123698674437314,tracking,0.20061538273937066,0.15971680180841555,9.140388211357578
65.207,6.902797101853498,3.855266577222197,6.893431870332872,3.878791296899692,0.02532034749642354,0.2,0.15700041751225596,61,9.135735038446732,tracking,0.20060013978657582,0.1581441952637835,9.152349090195527
65.267,6.891227941760776,3.851948864399098,6.882305314990219,3.874361796007034,0.02412369730677031,0.2,0.1557755099519632,61,9.147770514491642,tracking,0.2005873535677576,0.15679962051238594,9.160329412434837
65.307,6.883533209563773,3.8496765090103686,6.874882378211382,3.871406712059178,0.023388856484018516,0.2,0.15357831382426967,61,9.155793762125628,tracking,0.2005752875894093,0.154608289914123,9.172308741149033
65.367,6.872018907146124,3.846178423464701,6.86374119253909,3.866971386807031,0.022380077829868585,0.2,0.15210773398755367,61,9.167827704233261,tracking,0.20056237714784278,0.15282795077363182,9.18030023267601
65.427,6.86053831890528,3.8425740093617122,6.852592570080338,3.862533100957353,0.021482557150214902,0.2,0.149878077355942,61,9.179860813032803,tracking,0.2005475182175037,0.15032168893360776,9.192294669850124
65.467,6.852903623158784,3.84011285417725,6.845156577392835,3.8595728194297156,0.0209453327910272,0.2,0.14839188509675152,61,9.18788240040586,tracking,0.2005391328554365,0.14858342931110524,9.20029519474972
65.527,6.841480412283133,3.8363351757801687,6.83399794233177,3.8551305475457704,0.020230011279784927,0.2,0.14614461856990651,61,9.199914050366749,tracking,0.2005245452045013,0.14598115903664105,9.212301631915578
65.587,6.83009219344254,3.832455995845149,6.822834632283532,3.850686414541359,0.019621935679638543,0.2,0.14464970295683638,61,9.211944826124341,tracking,0.20051531632686606,0.14403234187486466,9.232324538185974
65.627,6.8225195811332675,3.829814735497044,6.8153903384617776,3.8477228283178437,0.01927500686244684,0.2,0.1408926424314132,61,9.219964845663782,tracking,0.20050281688816798,0.1416150815582847,9.240337050514128
65.687,6.811190291117628,3.8257705595920743,6.80422119635214,3.84327637355972,0.018842022304417432,0.2,0.13862661574725876,61,9.231994316600145,tracking,0.20049674079811033,0.13974440385185175,9.25235872657786
65.747,6.799896449295247,3.8216309839912483,6.790904132737458,3.836421692493151,0.01730973180218973,0.2,0.13770121292341378,62,9.24402290543109,tracking,0.20047800808433452,0.13690595724699126,9.263452094402414
65.787,6.792386873612975,3.8188192732570627,6.784173099765264,3.8323294220492365,0.015811078432796062,0.2,0.13535333810442443,62,9.252041598852122,tracking,0.20047528424553987,0.13635807936081676,9.275265189320782
65.847,6.781151932207984,3.8145269127474606,6.774064831298193,3.826183891570063,0.013642292863597456,0.2,0.13378813355760516,62,9.264068579650226,tracking,0.20044569078859908,0.13344916223970646,9.283149913234396
65.907,6.769952348991253,3.8101467433935188,6.763943400857721,3.8200303589974576,0.011566906028748655,0.2,0.13142708657763677,62,9.276094241702593,tracking,0.20042251118149457,0.1306919459689548,9.294990162822314
65.947,6.762505668583529,3.8071786879951417,6.757188888747865,3.8159238139271228,0.010234518815612808,0.2,0.12985583921059127,62,9.28411062504813,tracking,0.20041152914305363,0.12994805858318084,9.302891843446956
66.007,6.751365070024042,3.8026558084670254,6.74704717620673,3.809757950432737,0.0083117162799689,0.2,0.12610163215491524,62,9.296134325621976,tracking,0.200385600604544,0.1260459336674571,9.314756253142187
66.047,6.743957764344382,3.799594600862434,6.740280062810373,3.805643744150146,0.0070793801344838,0.2,0.1233579655596726,62,9.30414925977207,tracking,0.2003869211093103,0.1248283968412398,9.322673129020108
66.107,6.732876038036555,3.7949353044406284,6.730120779651823,3.7994671982361927,0.005303726062016167,0.2,0.11926399109855673,62,9.31617064492969,tracking,0.20034262648436887,0.11987836063619493,9.334558683758774
66.167,6.7218292160646085,3.790197516517444,6.719952139069325,3.7932849632831855,0.003613273526528296,0.2,0.11657067377669378,62,9.328190582953031,tracking,0.20032893673817276,0.11700322490521771,9.342488770006348
66.227,6.710816890253886,3.7853833338428533,6.709774773780361,3.787097423964779,0.0020060188659320956,0.2,0.11256289544114957,62,9.34020922158583,tracking,0.20030843623952907,0.1132292144763717,9.354392931693468
66.267,6.703494214564937,3.7821327425214717,6.7029853844502405,3.782969674568415,0.0009794709474114564,0.2,0.10992960970470494,62,9.348220958175618,tracking,0.2002920458690676,0.11070150870427846,9.362334383414147
66.327,6.692538267114837,3.777196960460911,6.692795205103466,3.776774344679042,0.0004945919824315459,0.2,0.10601490108943784,62,9.360237393964933,tracking,0.20026899851725052,0.10693734122329167,9.374254541342623
66.367,6.685252827086103,3.7738675242674287,6.685998003648443,3.772641845740078,0.0014344253070373558,0.2,0.10344391175060064,62,9.368247561365104,tracking,0.20024901495840736,0.10443438773780821,9.382205762792363
66.427,6.674351712603723,3.7688167457723254,6.6757968129283665,3.7664398212589987,0.0027817413773277466,0.2,0.09962913134610525,62,9.380261913630813,tracking,0.20022935689733778,0.10061887895874973,9.394139463336638
66.487,6.663482514377551,3.763699939699656,6.666202790418182,3.7600162547183533,0.004579239759906042,0.2,0.0971279050120467,63,9.392275288446623,tracking,0.2002313211818257,0.09780735278048465,9.413656702048334
66.527,6.656253645483606,3.7602533982074218,6.65987792138661,3.755345554109034,0.006101008893222598,0.2,0.09101184516600738,63,9.400283733598059,tracking,0.20020726719791992,0.09418601212873727,9.421519234238948
66.587,6.645435536198166,3.755031903422915,6.650382223690554,3.7483333044018083,0.008327121110739057,0.2,0.08743170759036603,63,9.412296039633802,tracking,0.20021688708394264,0.09129640341101729,9.433323467407238
66.647,6.634646870206459,3.7497507811759747,6.640877084943173,3.741314082799362,0.01048777646422294,0.2,0.08509086809855097,63,9.424307932326785,tracking,0.2002086050084727,0.08738914037860866,9.441199414024025
66.687,6.627470531045112,3.7461980695630395,6.634535473043667,3.736631018151661,0.011892933958906353,0.2,0.08163766628835062,63,9.432315528942711,tracking,0.20019831858693016,0.08479899089503515,9.4530227823584
66.747,6.616730331678994,3.7408230061753343,6.625016805998834,3.7296018063617766,0.013949228720942194,0.2,0.07738208584040344,63,9.44432565753677,tracking,0.20014144423083677,0.08081234759120147,9.460910416742523
66.807,6.606018866838323,3.7353964932621206,6.615492147232601,3.722568169889473,0.015947066249998296,0.2,0.07044887800491437,63,9.456333260188016,tracking,0.2001184694140691,0.07151982488927937,9.472748049339925
66.847,6.5988931767626084,3.7317531074850643,6.609139980513926,3.7178773108668888,0.017249194732131257,0.2,0.06593892438796585,63,9.464336367020714,tracking,0.20007953393671915,0.06939493274473961,9.480643599005562
66.907,6.588223642252987,3.7262509240884465,6.599606294725268,3.7108370082456226,0.019161252018445457,0.2,0.059334825764064715,63,9.476341073963493,tracking,0.20004343940231412,0.05991087453677612,9.492491335965628
66.967,6.577573033920568,3.720708580259683,6.590065664839379,3.703791577644788,0.021029759978326304,0.2,0.05293029607795134,63,9.488347448643921,tracking,0.20005059398059075,0.05244550932573127,9.504350199661483
67.007,6.5704847001772535,3.716995143611451,6.583704196654861,3.6990938498061126,0.022253345973730184,0.2,0.048794131194750706,63,9.49634957879764,tracking,0.2000540587847799,0.049088478334024924,9.512257442119392
67.067,6.559865938052863,3.711399852063564,6.57415887270889,3.692044952801597,0.024060343025865922,0.2,0.04270812999128863,63,9.508352303345019,tracking,0.20002996325697348,0.04241564293914526,9.524121875293515
67.127,6.5492622458873315,3.705778016513859,6.5646106161352025,3.684993890151281,0.025837035006388478,0.2,0.0387700821082001,63,9.520354108312993,tracking,0.20001766564498047,0.03837651572075435,9.532033837495502
67.167,6.54220016545718,3.7020169914088505,6.558243395696026,3.680291914468231,0.027006743686947544,0.2,0.03297772176765162,63,9.528355251346488,tracking,0.2000153980381755,0.033032953220765736,9.543904662985538
67.227,6.5316165960776855,3.6963593205802243,6.549531470923008,3.6738009310082287,0.028806660354950803,0.2,0.029226872932575816,63,9.540356133814692,tracking,0.20000185619600472,0.02921622794421365,9.551820386728803
67.287,6.521042604412913,3.690684566094366,6.5402834274579424,3.6664565440912464,0.030938751132419444,0.2,0.02410633646122725,64,9.552356639562428,tracking,0.19999425085524417,0.024325643772093553,9.562663610342433
67.327,6.5139977996167895,3.6868935395709226,6.534117012463396,3.661559450151138,0.03235117945758212,0.2,0.020551039224346306,64,9.56035671185691,tracking,0.1999896987806272,0.020914474788493582,9.570537002998213
67.387,6.503435890321958,3.68119770893695,6.524866114137331,3.654212796029871,0.03445925154990477,0.2,0.015322180726587864,64,9.572356562462778,tracking,0.19998297074736832,0.015914686751947075,9.582348902311914
67.447,6.49287960601386,3.6754927771336154,6.51561423293543,3.6468653613521047,0.03655669836829478,0.2,0.011939664299632396,64,9.584355786824132,tracking,0.1999759129667398,0.012484137205330315,9.602039123553947
67.487,6.485843736806153,3.67168653565594,6.5094458877960815,3.6419667345763984,0.037951654872467586,0.2,0.002130823901264181,64,9.59235521990994,tracking,0.19997102242723985,0.007769636008664175,9.609915990065817
67.547,6.475292533026153,3.6659736796049796,6.500193263004856,3.634618709372892,0.04003973665906615,0.2,-0.005047550148121637,64,9.604353745880495,tracking,0.19996333479542383,0.00276083151323825,9.621731426575678
67.607,6.464741690510727,3.660261180610687,6.490941033644893,3.627270998203399,0.0421278733848262,0.2,-0.00968445434608915,64,9.616351784159527,tracking,0.19996146420403937,-0.006057673330791647,9.629608138484409
67.647,6.457707527965633,3.656454892917607,6.484773712591781,3.622373184711668,0.04352173232365071,0.2,-0.016474900757779905,64,9.624349738192484,tracking,0.1999564712188447,-0.009051681258303676,9.641421916898928
67.707,6.447152840781776,3.650754592455488,6.475525066310062,3.615028319064373,0.045621812676006304,0.2,-0.02086160141695783,64,9.636345356013484,tracking,0.1997939739408036,-0.01717962121749835,9.649295904098071
67.767,6.436594729573159,3.6450646427954876,6.466279361202826,3.6076857891677125,0.047732128105875134,0.2,-0.027269882682413305,64,9.648339072677924,tracking,0.19984944429883697,-0.026443020028251576,9.661103787726905
67.807,6.429552888774589,3.6412797567338315,6.46011775430334,3.6027925136039554,0.04914752169264313,0.2,-0.031402633852041666,64,9.656333626094602,tracking,0.19979257514945858,-0.028641421727624787,9.66897322393858
67.867,6.41898397045828,3.635617311259174,6.450878816603923,3.5954553580831434,0.051286096493766066,0.2,-0.037437275144674854,64,9.668323843904563,tracking,0.19982833491587174,-0.03720334454657971,9.68077311366878
67.927,6.408406089916652,3.629977271660392,6.441645294750475,3.588122503587563,0.05344779086562091,0.2,-0.04133115273719656,64,9.680311404266403,tracking,0.19987053908397454,-0.04217950132359417,9.688636106903804
67.967,6.401348053440383,3.6262308933737346,6.435492509608598,3.5832362338733574,0.05490341184823133,0.2,-0.04701283668963787,64,9.68830210067955,tracking,0.1998040925183531,-0.047270528682117736,9.700424996784381
68.027,6.390749916619762,3.6206367821382432,6.425643441049468,3.5755719548056972,0.056994707733601796,0.2,-0.05108394238337583,65,9.700286030944019,tracking,0.19984255854961608,-0.052390490987903465,9.708964127329152
68.067,6.383676169928406,3.6169250237739328,6.419424290134111,3.57075648990231,0.05839059528808293,0.2,-0.05643892298697918,65,9.708274462730577,tracking,0.19977824586693693,-0.057134570946064354,9.720766254561417
68.127,6.373051233554633,3.6113885201933424,6.410101684650635,3.56353803192874,0.0605178085655628,0.2,-0.05989276127544336,65,9.720255370243976,tracking,0.19981071123430538,-0.06144050508292886,9.728629720223433
68.187,6.362407245009638,3.605891692390045,6.400786374184253,3.5563252224591637,0.06268805705723174,0.2,-0.06493135652844857,65,9.732234919820028,tracking,0.19978702515099364,-0.0663961556391154,9.74041735953884
68.227,6.355299694048047,3.602251218574306,6.394580596586752,3.551520112464937,0.0641610039769898,0.2,-0.06818483765902225,65,9.740220552561063,tracking,0.19976575016500306,-0.06959393330294751,9.748270483951545
68.287,6.344619688641071,3.5968294483408547,6.385279102594803,3.544318001038973,0.06641264970470007,0.2,-0.07357781261109651,65,9.752197952444066,tracking,0.19973144587803107,-0.07468447498745509,9.760041688662733
68.347,6.333915526366193,3.5914572507391553,6.375986503085248,3.5371227765769024,0.06871828115271694,0.2,-0.0772301358389963,65,9.764174579560187,tracking,0.1997105608089716,-0.07822264951212833,9.779635552648879
68.387,6.326765144471076,3.587905283766997,6.3697967923980015,3.5323301071301856,0.07028743117741376,0.2,-0.08603876234182202,65,9.772158590495632,tracking,0.19966993213456724,-0.08318027030535641,9.787463847406825
68.447,6.316017594741841,3.582623607835585,6.360520887201088,3.5251478090109076,0.07269119953782589,0.2,-0.09109989030226971,65,9.784133811822473,tracking,0.1996493255591611,-0.08650860833564554,9.799195335952458
68.507,6.305242113487116,3.577400630795982,6.351255934441968,3.517973991322563,0.07515848054590299,0.2,-0.09437782008853332,65,9.796108388450778,tracking,0.1996140012692296,-0.0912525262889136,9.807008679886486
68.547,6.298042525530671,3.573952795024793,6.3450858684260965,3.5131965326701864,0.07684009061732257,0.2,-0.0991665427390675,65,9.804090971882705,tracking,0.19959152141712636,-0.09433982880265243,9.818716422263332
68.607,6.287218360285254,3.5688343190413327,6.3358410657654245,3.506038317126442,0.07941980448670415,0.2,-0.10226607805628486,65,9.81606433188119,tracking,0.19956023169823972,-0.09888247067784284,9.82651296370504
68.667,6.276364174344899,3.563782132819186,6.32660958398893,3.49889041589266,0.08207031202553612,0.2,-0.10678997446642899,65,9.82803671418594,tracking,0.19945213764955155,-0.10510404288932713,9.838194061229228
68.707,6.269110781138992,3.5604524871790715,6.320463092905135,3.4941312112205396,0.08387831405372254,0.2,-0.11115645570990192,65,9.8360178327221,tracking,0.1995174361650177,-0.10630832040966688,9.84985751338638
68.767,6.258204884577746,3.555517679633892,6.305801048893653,3.483842087394424,0.08603944084235625,0.2,-0.11789058508222751,66,9.847988250647658,tracking,0.19935631111557023,-0.11525529364644643,9.86384358062891
68.827,6.247266997332962,3.5506588033151756,6.295971211908921,3.4773145858879038,0.08804245991270367,0.2,-0.12199405111408053,66,9.859956795106372,tracking,0.19943476202495472,-0.12145201537466906,9.875648730865015
68.867,6.239957354716911,3.54746237981496,6.2894254279246695,3.4729678591939686,0.08942328482805478,0.2,-0.12460386775251958,66,9.86793476467056,tracking,0.19940866822121567,-0.12379462634593072,9.883509798410737
68.927,6.228965504915977,3.542735124741827,6.2796187980090785,3.466455768337596,0.0915658031943112,0.2,-0.12840388352319768,66,9.87990003535587,tracking,0.19942684628437057,-0.1284855489913909,9.895287616332384
68.987,6.217939822593491,3.538091566122984,6.269827259464084,3.4599536989031914,0.09379676113095656,0.2,-0.13095577708132367,66,9.891863659694799,tracking,0.19944043505281028,-0.13152861835195004,9.903129554363764
69.027,6.210570453826667,3.535043684142218,6.2633084802269146,3.4556249047067675,0.09533436922542661,0.2,-0.13507449027203738,66,9.899838443741412,tracking,0.1994114854082839,-0.13564418871629097,9.914877082641787
69.087,6.199487641587773,3.5305464534340825,6.253544728051102,3.44914128680589,0.0977188300721391,0.2,-0.13772257199099763,66,9.911798954230717,tracking,0.1994253183249251,-0.1388114534407622,9.922697652614326
69.147,6.188369967201821,3.5261410507957365,6.243799100061335,3.4426697042675434,0.10019907415134845,0.2,-0.14158276219642885,66,9.923757643797638,tracking,0.1994164880712694,-0.142939330133273,9.934411045410803
69.187,6.18093849931132,3.5232567258036944,6.237312598469441,3.4383623440357405,0.10190728684276135,0.2,-0.1440604980510851,66,9.93172922116145,tracking,0.19940937340312495,-0.1456074470647714,9.94220757842364
69.247,6.169761557907453,3.5190117615191947,6.227599776367011,3.431912546241062,0.10455397083153815,0.2,-0.14766687678501458,66,9.943685129362928,tracking,0.19939643423527723,-0.14934447535877043,9.953883222523359
69.307,6.158548376980756,3.514867211499469,6.217908079421496,3.4254767766030856,0.10730435277665915,0.2,-0.14998033383181472,66,9.955639740245799,tracking,0.1993897857586225,-0.1518308317355013,9.973287181243622
69.347,6.151052647108341,3.5121618913468255,6.211459473446292,3.421194580948826,0.1091972354470082,0.2,-0.15549980557081977,66,9.96360872534106,tracking,0.1993667792747502,-0.15503942151420644,9.98102809324705
69.407,6.139778526500089,3.508191930339125,6.2018059427498144,3.414784155601755,0.11212677088012468,0.2,-0.1586313520460187,66,9.975561398092044,tracking,0.1993536504777262,-0.1571752933469618,9.99261619956509
69.467,6.128467640504388,3.5043307513188,6.1728203106087784,3.3999021402275895,0.11345701459067303,0.2,-0.17393710041276486,67,9.987513169736228,tracking,0.19902424144573586,-0.16280576103043,10.021359686028726
69.507,6.120905588242619,3.50182339695051,6.165511704124972,3.3967980463503293,0.11410534537347862,0.2,-0.17677279416953814,67,9.995480067522564,tracking,0.19921921917185867,-0.17437986744905806,10.033272460195102
69.567,6.109532858798776,3.4981594695589555,6.154558613903455,3.3921460760507887,0.115178809795309,0.2,-0.17848455173117594,67,10.007428428871863,tracking,0.19917682675893947,-0.17853866251133615,10.041207314884305
69.627,6.0981234094241294,3.4946179581767423,6.1436184620905685,3.387499600921237,0.11637930347892686,0.2,-0.18107348408081778,67,10.019374885999522,tracking,0.19916846934241328,-0.18162924602344754,10.053098019296518
69.667,6.090495802488587,3.492326964907354,6.136332168406355,3.384404983682889,0.11725240497303777,0.2,-0.1829866375634813,67,10.027339120910893,tracking,0.19912670700174148,-0.18241260459288322,10.061017341548274
69.727,6.079022986378852,3.488997345342231,6.125414574868886,3.3797680894501556,0.11867270042164375,0.2,-0.18576956985017684,67,10.039285328507292,tracking,0.19910957285570594,-0.1854296736141057,10.07288419741914
69.787,6.067513239442206,3.4857976818231906,6.114512454074315,3.375137766763804,0.12022704760986894,0.2,-0.1875554655740338,67,10.051231546368218,tracking,0.1991043958819871,-0.18709451171984828,10.080786393670799
69.827,6.05982033226253,3.483737151541511,6.107253762777322,3.372054872745383,0.12133780007688338,0.2,-0.19014097097562177,67,10.059195628607675,tracking,0.19906470037266885,-0.18921879486894788,10.092625123985327
69.887,6.048252500534845,3.4807567105129094,6.096381312691632,3.3674371517315898,0.12311663154105616,0.2,-0.19179164460311182,67,10.071141245360485,tracking,0.19906795645113168,-0.19101260534846146,10.100506929933047
69.947,6.036651918936497,3.4779092380743806,6.085528961328079,3.3628279669990246,0.1250306531426119,0.2,-0.19416700960196268,67,10.083086185406719,tracking,0.19905585819772648,-0.19341472900793633,10.11231229905832
69.987,6.028900842812887,3.476085502644728,6.078306192207258,3.359760329761408,0.12638209681404278,0.2,-0.1956742823641304,67,10.091048923126333,tracking,0.19904989372835336,-0.19505290441822942,10.12017013241046
70.047,6.017249837484396,3.4734716071845457,6.018235619019861,3.3491529567905327,0.12432255869722314,0.2,-0.22929358948826165,68,10.102989541813876,tracking,0.19872279071079782,-0.22597547057300485,10.182406623535273
70.107,6.005571626731381,3.471011231731686,6.006538634249264,3.3490602058511447,0.12195485975087716,0.2,-0.23017069655543304,68,10.114924115696544,tracking,0.19889120911676073,-0.23014399751274067,10.190190550099352
70.147,5.9977724610581395,3.4694537400808425,5.998727609616474,3.3489982685325552,0.12045925840170499,0.2,-0.2310053811757451,68,10.12287727641673,tracking,0.19891906832079076,-0.23194455036030234,10.20188790259726
70.207,5.986050143442766,3.467250925640422,5.986988562951638,3.348905184064461,0.11834946210413813,0.2,-0.23176096023015938,68,10.134804770777853,tracking,0.1989328068810184,-0.23321812594751645,10.221438588505857
70.267,5.974299262866411,3.4652121294980596,5.975222255618747,3.3488118834336014,0.11640390543056228,0.2,-0.23345571214780272,68,10.146731207128662,tracking,0.19893007888510222,-0.23435244579575432,10.229280042281623
70.307,5.9664500419284465,3.4639450256439015,5.967363481346121,3.348749567485473,0.11519907964866734,0.2,-0.23435217583729404,68,10.154682044915347,tracking,0.1989265984414757,-0.2349994726683981,10.241064287080503
70.367,5.954654908396715,3.4621834539478873,5.955555121946047,3.34865593340383,0.1135310895980291,0.2,-0.2348984983708472,68,10.166607996025073,tracking,0.1989215493909293,-0.23588819729942437,10.248934202227877
70.407,5.946778253438257,3.4611022143267993,5.947670389090762,3.3485934116177893,0.11251233973674798,0.2,-0.2356416679052036,68,10.1745585162881,tracking,0.19891848788680305,-0.23642877493514206,10.260757998443095
70.467,5.934945063553479,3.459620771959189,5.9358261968689785,3.34849949340071,0.11112477196552896,0.2,-0.23608340474311873,68,10.186484079349766,tracking,0.19891405902498704,-0.2371473790228118,10.26865221442914
70.527,5.923092051269876,3.458308681578157,5.88849713496895,3.354146463556916,0.10975689453046973,0.2,-0.23666612242298088,68,10.198409492607311,tracking,0.19889868983587694,-0.2379612094005348,10.280509372644033
70.567,5.915180040670932,3.4575285765923893,5.881604522309951,3.3564356751593816,0.10652272130091484,0.2,-0.25880404719509537,69,10.206359868416456,tracking,0.19890451839353945,-0.23801540533668736,10.324511293752632
70.627,5.90330044538572,3.4565136561269165,5.871208738397057,3.359888378847736,0.1018151357447641,0.2,-0.258089976082165,69,10.218282739198767,tracking,0.19877551774759308,-0.25862409183951324,10.335441560061593
70.687,5.891409584691571,3.455676817972415,5.860749538647624,3.363362144544934,0.09727300423776078,0.2,-0.25736397233609326,69,10.230203010426573,tracking,0.19879909539973553,-0.25870425311002215,10.342766985411934
70.727,5.883476356134358,3.455221309208487,5.853740719776481,3.365689951179832,0.09434019366136125,0.2,-0.2565091570684104,69,10.238149305385546,tracking,0.19881069745768074,-0.2579412979136514,10.353810463607756
70.787,5.871567729798712,3.4546938628649686,5.843172971233491,3.369199768686401,0.0900860835722755,0.2,-0.25598684324446835,69,10.25006960659178,tracking,0.19878952658519458,-0.2567206757064976,10.364922954219926
70.847,5.859650289538511,3.4543539116011686,5.832541199152799,3.372730850034794,0.08600713319840902,0.2,-0.25563442876804354,69,10.261991894510516,tracking,0.19877189702026238,-0.25570442693941375,10.37236926208243
70.887,5.851701909717374,3.4542309662888746,5.825419254815911,3.3750962285080544,0.08338515858537762,0.2,-0.25508890891535163,69,10.269941225132076,tracking,0.19876615738613784,-0.25480464102548644,10.38359390632444
70.947,5.839776554502696,3.454200938438218,5.814687646960775,3.3786604678510286,0.07959783902959351,0.2,-0.2547140686020802,69,10.281866618151513,tracking,0.1987541606245055,-0.25397474942787096,10.39111226105988
71.007,5.827850928384721,3.454354676667988,5.803900825306325,3.3822430450981127,0.07598483299405999,0.2,-0.2541222382438249,69,10.293793235180202,tracking,0.19875154620298496,-0.25317096266409345,10.402440091722676
71.047,5.819902033747813,3.4545583920437806,5.796680703533139,3.3846410307897665,0.073672705812012,0.2,-0.25370683270738453,69,10.30174473981159,tracking,0.19875397754452157,-0.2527336536907902,10.410023842355908
71.107,5.807983379315342,3.4550145709694227,5.785809692079729,3.38825156960587,0.07034892150340705,0.2,-0.25303859749457513,69,10.313672121028473,tracking,0.19876323909176194,-0.2522095371491509,10.42908667184638
71.167,5.796073192712892,3.455650332532629,5.774892588771139,3.391877416696916,0.06719823492865194,0.2,-0.25178884120044165,69,10.325599263924843,tracking,0.19877583920103012,-0.25199942488790317,10.44059014574682
71.207,5.788139160632526,3.4561732905664524,5.759220289091226,3.397971606177699,0.06499028540412999,0.2,-0.2564570422440907,70,10.333550512264408,tracking,0.19879013199993348,-0.2514998733226269,10.457443798544345
71.267,5.776250010286968,3.4571086768493524,5.749312449502666,3.4028945485860245,0.0605376237092317,0.2,-0.25509087834900435,70,10.345476401893174,tracking,0.19877032436022593,-0.2562599539017305,10.468507281145602
71.327,5.764377672123105,3.4582225667610436,5.739346960945581,3.407846135236055,0.05625230088844806,0.2,-0.25411820293666937,70,10.357400879416844,tracking,0.19882985082361185,-0.25511600306765997,10.475918824712123
71.367,5.756473102970696,3.4590644322860973,5.732672021681911,3.4111627353162643,0.05348891514234534,0.2,-0.2526063098033398,70,10.365350153034445,tracking,0.19882153721016574,-0.25500336440244753,10.487088636044097
71.427,5.744633314833311,3.460475590662763,5.722614179022751,3.416160210267334,0.04948429328014536,0.2,-0.2515746861667317,70,10.377273741047379,tracking,0.19887112953078792,-0.25328450432813443,10.494569186104478
71.487,5.732816142924279,3.4620653332371782,5.712503310132767,3.4211840325444927,0.04564966508466075,0.2,-0.2506477617161412,70,10.389197366057438,tracking,0.19886429362935149,-0.2521235574841857,10.505839940568594
71.527,5.724951954279198,3.4632242348790663,5.705734419552117,3.4245473145394167,0.04318816745297428,0.2,-0.25021604315664747,70,10.397146486515766,tracking,0.19887361459442937,-0.2518951554101283,10.513385895080846
71.587,5.713178563290169,3.4651107583194802,5.695540398038036,3.429612453147535,0.039638800985172536,0.2,-0.24953003265322835,70,10.409070064253667,tracking,0.1988748192703608,-0.2511463223724334,10.524751006203681
71.647,5.701434819483914,3.467174455385469,5.685299551218879,3.4347008580063907,0.036261293533506614,0.2,-0.24904716975970825,70,10.42099375345488,tracking,0.19887388091242927,-0.25062958068749663,10.532357359937134
71.687,5.693623409024368,3.4686484889847504,5.67844741104875,3.4381055045117974,0.03410549537935208,0.2,-0.2482780910295526,70,10.428943024391218,tracking,0.19888152670414272,-0.2498920640696361,10.543809578879408
71.747,5.681934620035668,3.471006429406483,5.6681333842467145,3.4432302705609947,0.031015949276333343,0.2,-0.2477384663011972,70,10.440867271581494,tracking,0.19887480526328988,-0.24914983892344741,10.551471742477775
71.807,5.670281910679549,3.473540301122581,5.657778186022078,3.4483754935968567,0.028100011888192982,0.2,-0.24688284521479512,70,10.452792293225576,tracking,0.19887077875484593,-0.24805489156121266,10.563004352347958
71.847,5.662534703532724,3.4753269536678624,5.650852960627179,3.451816454209817,0.026252746562559826,0.2,-0.24628513137449157,70,10.460742849551606,tracking,0.19886680282737196,-0.24723024179468042,10.570718032781679
71.907,5.6509475000587885,3.4781523542317827,5.640434126081271,3.4569932964439807,0.023627034491418824,0.2,-0.24534232011254098,70,10.472669549543346,tracking,0.19885754274441525,-0.24589151424209377,10.582324493014328
71.967,5.639402750991177,3.4811512772992295,5.6282849652235765,3.4633640025440235,0.020975993506660247,0.2,-0.24468679293389,70,10.484597448377531,tracking,0.19884389853843645,-0.24474861104408718,10.590085090925399
72.007,5.631731121346772,3.4832464790268567,5.621826802632582,3.4674006224943614,0.018686537893378586,0.2,-0.2447775032568003,71,10.492550043657085,tracking,0.1988312949766963,-0.24449273747148134,10.603814586792836
72.067,5.620262693298925,3.486531459119508,5.612103712586944,3.473477957758711,0.015393598151010915,0.2,-0.24393495129577963,71,10.504479667963732,tracking,0.1988228806856264,-0.24331714538936108,10.622896647136919
72.127,5.608842744444935,3.489984934435984,5.602339752285747,3.4795808386309086,0.012269234554105028,0.2,-0.2417237478606347,71,10.516410373038843,tracking,0.19887566784808158,-0.2416796737427773,10.630567729706108
72.167,5.601257651646053,3.4923796434626264,5.595809202170472,3.48366270379156,0.010279622508485773,0.2,-0.24033285327976192,71,10.524364508069752,tracking,0.19882003998784725,-0.2407819250124379,10.642112268944869
72.227,5.58992369051229,3.496108246030995,5.5859834171268465,3.489804227696539,0.007434137576961631,0.2,-0.2397204475381024,71,10.536296027339924,tracking,0.19882545273187763,-0.23941041127979085,10.64983260418235
72.267,5.58239798711339,3.4986839069128215,5.579414243355404,3.493910234247074,0.00562944735591591,0.2,-0.23981931951398588,71,10.544250286615707,tracking,0.19883004372364355,-0.23888793780726672,10.661446346501982
72.327,5.571156540957965,3.502681005365636,5.56953430762937,3.5000856045784707,0.0030606774116887104,0.2,-0.23985634900266348,71,10.556181208948319,tracking,0.19883461033932667,-0.2392118356423378,10.669209800992432
72.387,5.559973788277118,3.5068367405624974,5.559625277380691,3.5062791601953727,0.0006575376116472699,0.2,-0.23985262181106956,71,10.568111175107006,tracking,0.19884491032045415,-0.2396229844685634,10.680884088096997
72.427,5.552552394130218,3.5096948306844933,5.553004171520773,3.5104176264589375,0.0008523711293629888,0.2,-0.23980750055276007,71,10.576063896039434,tracking,0.19885281916648753,-0.23989645786911848,10.688685187131622
72.487,5.541472651573802,3.514112918661275,5.543051298405448,3.5166385856891256,0.0029784425048401996,0.2,-0.23967229703177667,71,10.587992022316726,tracking,0.19886784319503611,-0.2401547929298683,10.700412458763434
72.547,5.530457766593815,3.518687735519491,5.533074620705819,3.5228744237735636,0.0049372344465603325,0.2,-0.2395364800922858,71,10.599919161135762,tracking,0.19887816040242778,-0.24035373865294468,10.708246777716212
72.587,5.52315165849133,3.521824523680472,5.526411152879585,3.527039368026178,0.006149707734275183,0.2,-0.23926237089248836,71,10.607870177144555,tracking,0.19888920820314565,-0.240344929771421,10.720020855969091
72.647,5.5122498400298054,3.5266596767879106,5.516398769939808,3.53329752336923,0.007827811101147142,0.2,-0.23890413242294817,71,10.619796129992878,tracking,0.19889622415957608,-0.240184082860826,10.731820195429652
72.707,5.501418856868832,3.531650436165675,5.506367385402333,3.539567555500342,0.009336418649901727,0.2,-0.23862053829389152,71,10.631721643625424,tracking,0.19890130198946546,-0.24003573673614617,10.739699431664539
72.747,5.494238431256611,3.535063736458667,5.500655724269971,3.5435945794984556,0.010675061245202762,0.2,-0.23763346074882236,72,10.63967206064988,tracking,0.19891250457906848,-0.2391679868051292,10.750685865852361
72.807,5.483529895671634,3.5403121997067464,5.491295667090123,3.550635645576537,0.012918232864858761,0.2,-0.2372109783381614,72,10.651597625661282,tracking,0.1989111107586703,-0.23868272767277576,10.758483438852794
72.867,5.47289754816411,3.5457142902319196,5.481910462655543,3.5576956285777572,0.01499283482825453,0.2,-0.2365191584547983,72,10.66352362228894,tracking,0.19891214027556192,-0.2378860940268965,10.770206876678358
72.907,5.465852537156125,3.549400547255414,5.475640492964591,3.5624121885360243,0.016282103295451916,0.2,-0.2360229932988395,72,10.671474765033595,tracking,0.19891192768720797,-0.2372677724837155,10.77803969565709
72.967,5.455351336969433,3.55505633651879,5.466217165060896,3.569500849766449,0.018075126087389034,0.2,-0.2352190795701368,72,10.68340217705602,tracking,0.19890931542215548,-0.23621381616326323,10.789813231363938
73.027,5.444931565247398,3.5608629275783277,5.456773393884713,3.5766048893679314,0.019698686922251775,0.2,-0.23496603975790692,72,10.695330636406332,tracking,0.19889989542769923,-0.23557110736436584,10.809494939576354
73.067,5.438031627934626,3.564817776399558,5.450467039771911,3.5813488193639595,0.02068610280003891,0.2,-0.23737836044761979,72,10.703283621010804,tracking,0.19888162737848744,-0.23664650937551965,10.817386388999829
73.127,5.427753219903158,3.5708743220674015,5.440993468194517,3.588475276199659,0.022024934987024583,0.2,-0.23877364597433273,72,10.715213726504388,tracking,0.19886737552999784,-0.23724825932846816,10.829241132584702
73.187,5.417562955121529,3.5770794029844732,5.43150483039636,3.5956130665404746,0.023192079919360516,0.2,-0.23966979554243192,72,10.727144549003576,tracking,0.1988292548603233,-0.23881950863327128,10.837154922738373
73.227,5.410819632046349,3.5812978960464275,5.425171838700467,3.6003770345532695,0.02387465941130437,0.2,-0.24096949637541087,72,10.735098673079174,tracking,0.19884221749268155,-0.23902844018941033,10.849039511603065
73.287,5.400781580872342,3.5877475928789693,5.415662894193746,3.6075301005354707,0.02475481963879649,0.2,-0.24179585725641128,72,10.747030188515348,tracking,0.1988119832495153,-0.24063800955127673,10.856970743561975
73.347,5.390838120641979,3.594341870028183,5.40614490104843,3.6146899733203486,0.025462577128012146,0.2,-0.24297973282428154,72,10.758961529281308,tracking,0.19881537786999867,-0.2420513349252888,10.868877705907922
73.387,5.384262744043595,3.5988176503973177,5.399795562646031,3.6194662380786062,0.025838587944546042,0.2,-0.24372192814484117,72,10.766915659486635,tracking,0.19880569276870935,-0.24262381073087003,10.876821064171297
73.447,5.374481832383938,3.605649484234087,5.3902672541696,3.626633870530611,0.026258789179872444,0.2,-0.24476676431477035,72,10.77884630014283,tracking,0.19882081293105697,-0.24418168036388826,10.888742395774837
73.487,5.368016943196546,3.610282273097761,5.3848952826713745,3.630674914891965,0.026471459777924443,0.2,-0.2454089650654231,72,10.786799760072988,tracking,0.19882007534512458,-0.24477691682862487,10.89669279315418
73.547,5.358405029336724,3.6173475867320795,5.3769416237789756,3.637861816439127,0.0276484891809668,0.2,-0.24463395770357219,73,10.798729032674448,tracking,0.19885872352730533,-0.2448887336680771,10.906201263440868
73.607,5.348897142613546,3.6245510904225027,5.368124083580814,3.6458293184592203,0.028678184170922962,0.2,-0.2451741689622372,73,10.810657585619325,tracking,0.19886259855234625,-0.24569980319660067,10.914118985570212
73.647,5.342617750872603,3.6294299908201944,5.362240227054116,3.6511459529977492,0.029268149664627527,0.2,-0.2459242393549004,73,10.818609593524679,tracking,0.19886206503550935,-0.24660173911281855,10.926007633254814
73.707,5.33328934866952,3.6368622413658716,5.353407707159123,3.659126990625516,0.030007789120677204,0.2,-0.2463706027688334,73,10.83053676568895,tracking,0.19887683176350335,-0.24745492345910802,10.933940312276253
73.767,5.324071953401663,3.6444303554582387,5.344568713811521,3.6671138776450167,0.030572199235533396,0.2,-0.2472429083205799,73,10.842463069661221,tracking,0.19888261712725652,-0.24860553375845035,10.945847710425731
73.807,5.317990336689114,3.6495509445903385,5.338673508918711,3.672440766532024,0.03085024411574783,0.2,-0.24870635703027558,73,10.850413320908707,tracking,0.19887656136720325,-0.2501561185756122,10.9537905270356
73.867,5.308965082142186,3.657344583925051,5.329828105843212,3.680433445361804,0.031118503826424043,0.2,-0.2508927698911006,73,10.86233791875167,tracking,0.19887140115847565,-0.25247162113085003,10.965709476854741
73.927,5.300059174880732,3.6652729307004517,5.3209813958823124,3.6884273050891863,0.031206800300137366,0.2,-0.2523258080854439,73,10.874261587094116,tracking,0.19887014190395316,-0.2540783519577406,10.973657494782024
73.967,5.29418992747815,3.670633500497304,5.315083726631255,3.693756420762676,0.03116440733672074,0.2,-0.25444670990335894,73,10.882210409247092,tracking,0.1988565790604958,-0.25612676426039294,10.993529545302245
74.027,5.285490325824606,3.6787863077122496,5.306238934575116,3.701748547477254,0.030947846776590432,0.2,-0.2578791451205088,73,10.894133132694963,tracking,0.1988490595463948,-0.2574926554479358,11.005450301819272
74.087,5.276919169009112,3.68707344571593,5.297398031317456,3.7097371602855693,0.030545503098462285,0.2,-0.2592129281133981,73,10.906055438908437,tracking,0.19874881364261926,-0.2594511375070675,11.013394764953574
74.127,5.27127795358694,3.692672567370368,5.291507230961169,3.715060069247013,0.03017323156972532,0.2,-0.2611764440733495,73,10.914003613210788,tracking,0.1988179221075194,-0.26045528079054775,11.025305268532815
74.187,5.262927896712334,3.7011822649981783,5.282677335626856,3.723038735329877,0.02945752251630883,0.2,-0.26245314309151224,73,10.925925794367183,tracking,0.19871617857745294,-0.2621581151077243,11.033240285413955
74.247,5.254714478897653,3.709824421551581,5.274086003257717,3.730801836656104,0.028553596980065994,0.2,-0.2643250668450571,73,10.937848340323985,tracking,0.19874343707633468,-0.264411639295664,11.045133018400062
74.287,5.24931616429609,3.715659004785445,5.270638463577908,3.734668769032685,0.02856591646349002,0.2,-0.26317104659069057,74,10.945797186910147,tracking,0.19882590681459875,-0.26433599546107917,11.049991682172472
74.347,5.241335234735879,3.724518069623982,5.2627036019315785,3.7435689054353465,0.02862763458132396,0.2,-0.2650318390716602,74,10.957721039746309,tracking,0.19871336752251628,-0.26440038850203185,11.0619146307491
74.407,5.233497860893804,3.733505113277051,5.254768743960718,3.7524690377154175,0.02849703311838643,0.2,-0.266258230436322,74,10.969645442555784,tracking,0.19871157482853322,-0.2655190225001721,11.069864085276839
74.447,5.2283533360191345,3.739565866328228,5.2494799719216125,3.7584011880979507,0.02830378226889221,0.2,-0.2680502265992855,74,10.977595213856485,tracking,0.19867718956009736,-0.2668558690492333,11.081787028462399
74.507,5.220759393851852,3.748758824498621,5.241550635271988,3.7672951273888664,0.027854447483827673,0.2,-0.2692029901171951,74,10.989519073867514,tracking,0.19868633729868176,-0.2683073732511243,11.089733184190566
74.567,5.213314562822374,3.758071578832461,5.233627827030814,3.776181744091402,0.027214091726678026,0.2,-0.27130316611410127,74,11.001441863068868,tracking,0.19867815610839845,-0.2705387179372169,11.101645751039872
74.607,5.208435669409387,3.7643455498791525,5.228350779692605,3.782100743464892,0.02668067684411013,0.2,-0.2734938715866379,74,11.009389586870688,tracking,0.19866426210911142,-0.27283782189267847,11.113547296731326
74.667,5.201245863692857,3.7738531716672012,5.220444114353615,3.7909692534835577,0.025720285480093565,0.2,-0.2749132359855198,74,11.021309661463828,tracking,0.19867359806841242,-0.2747275871794124,11.12147368494737
74.727,5.1942131057329615,3.7834751829080924,5.21255017779726,3.7998234862650477,0.02456654706185444,0.2,-0.2769980635379488,74,11.03322783182854,tracking,0.19867312190930078,-0.2771986247495902,11.133349046426169
74.767,5.189613336892755,3.7899527791918994,5.207295595536549,3.805717287687654,0.023689280252020224,0.2,-0.2783421140979729,74,11.041172460642986,tracking,0.19867306999971132,-0.27881520934306475,11.14125480127925
74.827,5.18284947979815,3.799762264904141,5.199427618943735,3.8145424024798413,0.02221006898429236,0.2,-0.2803045198280309,74,11.053087819333975,tracking,0.1986724538869159,-0.28112676322277225,11.153094828249777
74.887,5.176251384365505,3.809682050013124,5.191578261716619,3.823346632863224,0.020533728200288544,0.2,-0.2815621030017173,74,11.06500155090501,tracking,0.1986762324996868,-0.2827571427570575,11.172769237494622
74.927,5.171946666976473,3.816355927796891,5.186356845564046,3.8292032335254986,0.019305608289045453,0.2,-0.28454533056405235,74,11.07294329104632,tracking,0.1986687642535952,-0.2846772364880991,11.180615444091169
74.987,5.165632598560933,3.8264560442843587,5.178543695064273,3.8379668526384627,0.017297257640547455,0.2,-0.2862157807474255,74,11.084854622332811,tracking,0.19866912072814422,-0.2860688175008191,11.192356242219457
75.027,5.1615203231368305,3.8332484876027553,5.174722673921598,3.8422527004431304,0.015980548023106667,0.2,-0.2856784901161363,75,11.092794905413237,tracking,0.19865994627184397,-0.28774273222999147,11.198098079379944
75.087,5.155498310957302,3.843524148529684,5.168385464805133,3.8519478247926613,0.015396007796864107,0.2,-0.2871492822438692,75,11.10470514630818,tracking,0.1986673094335334,-0.28735381420942196,11.209680637626665
75.147,5.149655956605088,3.853902513186101,5.161883485673945,3.861895026318824,0.014607968144355497,0.2,-0.2882518857552511,75,11.116614955597939,tracking,0.19862832440847927,-0.2893400483456599,11.217604652724413
75.187,5.145861908504256,3.8608775134839695,5.1575533362502055,3.8685196044799155,0.013967499329840014,0.2,-0.28984054490267286,75,11.124555070845634,tracking,0.19864566761268426,-0.28961561674620906,11.229478589314487
75.247,5.140324422870557,3.8714223223686814,5.151066393802808,3.878443801791373,0.012833203528060196,0.2,-0.2908447509841268,75,11.136465433625942,tracking,0.1986065197567817,-0.29153678585151843,11.237384922186992
75.307,5.134973721297526,3.882063450446989,5.14459125432163,3.888349942064933,0.011489861545388646,0.2,-0.292490156810535,75,11.148376084913869,tracking,0.19859899806181772,-0.29313867992848286,11.249227156713602
75.347,5.13151181410149,3.8892097658475313,5.140282074915693,3.8949424387645357,0.010477643509993341,0.2,-0.2936264463369589,75,11.156316779168025,tracking,0.19856876884553018,-0.2935876749619925,11.25710892326687
75.407,5.1264787453596,3.9000057311197507,5.133831108864004,3.904811596763952,0.008783711840161853,0.2,-0.295269709984658,75,11.168228313373136,tracking,0.19856521735928262,-0.29520287046514604,11.268909109331688
75.467,5.121639513684503,3.9108909295049044,5.127397302386733,3.9146545027958664,0.0068787073390257835,0.2,-0.2963133861860124,75,11.180140731561288,tracking,0.19855827675421958,-0.29594875303984325,11.276759262204202
75.507,5.118522004551999,3.918195515514147,5.123118736306481,3.921200164998798,0.005491617370891682,0.2,-0.29780625686326734,75,11.188082761525829,tracking,0.19853651086229926,-0.2971002522754242,11.288507076531877
75.567,5.114010154738476,3.929221622813872,5.116718400497063,3.930991865163757,0.0032354834362473594,0.2,-0.2987427958623247,75,11.199996276159423,tracking,0.19853446352288626,-0.2979054419098717,11.296318687838163
75.627,5.109696786093846,3.9403270328176414,5.11034116238506,3.940748228787894,0.0007698226094604285,0.2,-0.30006192155054945,75,11.211909935564337,tracking,0.1985277141347396,-0.29915730980414645,11.308003068819447
75.667,5.1069320849577196,3.9477728053795267,5.106103551271823,3.947231235097572,0.000989831520493226,0.2,-0.30087386403620897,75,11.219852422669485,tracking,0.19852612533593483,-0.3000455100658136,11.315768586014544
75.727,5.1029525270549065,3.9590015446570948,5.099769759395973,3.9569211315033677,0.003802384628223984,0.2,-0.3019914417295006,75,11.231765502324446,tracking,0.19852887101144867,-0.3013885864332006,11.327378137370308
75.787,5.099175335837035,3.9702988900840626,5.092781305694886,3.968009295618752,0.006791602482057996,0.2,-0.30266040651390114,75,11.243677562901551,tracking,0.19853830087230606,-0.3024418687815629,11.335090007892912
75.827,5.096771038005304,3.977866672158053,5.090106141839847,3.97548008513343,0.007079310596549864,0.2,-0.30472802325173287,76,11.251618090187764,tracking,0.19853283887757675,-0.3046619352027701,11.35615586557922
75.887,5.093334983498419,3.9892703136858323,5.086096267192568,3.9866782513368335,0.007688810114555598,0.2,-0.3063601115637006,76,11.26352814940963,tracking,0.19856327009987623,-0.30596716242147054,11.368050318950685
75.947,5.09010476309047,4.000733152730436,5.082090997256986,3.9978635582038655,0.00851205119702847,0.2,-0.3069065182277693,76,11.275437431623367,tracking,0.1985505759771154,-0.3075278311725355,11.375972718332584
75.987,5.088068417765779,4.008406318578323,5.079424204101586,4.005310971305555,0.00918169944025933,0.2,-0.3076109164704292,76,11.28337620838119,tracking,0.19857393187563926,-0.3081214379106371,11.38784159681046
76.047,5.085191385748454,4.019960450033081,5.075430099323031,4.016465097825304,0.010368230308763621,0.2,-0.3081048027098061,76,11.295283150343867,tracking,0.19856543269154708,-0.30918978690130106,11.39574259477113
76.107,5.082529131261718,4.031564985327398,5.071444406680855,4.027595732213851,0.011773958098829486,0.2,-0.3088558252844236,76,11.307189150442522,tracking,0.1985637695526609,-0.310364707357132,11.407574084535247
76.147,5.080874591639021,4.0393275683253576,5.068792626246321,4.035001220078914,0.012833206025772158,0.2,-0.3092798383273785,76,11.315126101756679,tracking,0.19856310875316724,-0.3106299055864646,11.415446634555947
76.207,5.078574393747936,4.051008112516387,5.064823957423999,4.04608431294038,0.014605420273423493,0.2,-0.30980000108352357,76,11.327030975671876,tracking,0.19856078281188316,-0.31143053511103774,11.42722983440905
76.267,5.076493569781577,4.062729413396503,5.060867284999361,4.057133904092461,0.016597906508548848,0.2,-0.3100666038450845,76,11.338935542976117,tracking,0.19856079927585452,-0.3117034813099362,11.435066519762369
76.307,5.075228875222888,4.070564411342165,5.058236827238839,4.064479845246345,0.01804859106042949,0.2,-0.3103460209841563,76,11.346871955587323,tracking,0.19855356270473035,-0.31185292686417526,11.446790442067039
76.367,5.07351661273248,4.082345435153368,5.054303086868057,4.075465395256732,0.020408197498116967,0.2,-0.3104504459269719,76,11.358776759864428,tracking,0.19854828545167816,-0.3117732489334288,11.454583922059072
76.407,5.0724987151183925,4.090216827979125,5.0516891265344,4.082765264913569,0.02210350128723906,0.2,-0.31048376505857067,76,11.3667136950771,tracking,0.19854143887546655,-0.31159497307328266,11.466237642302783
76.467,5.071157940631417,4.102047144767478,5.0477819611484565,4.093676600360347,0.02482946697896537,0.2,-0.31042345493167767,76,11.378619746964175,tracking,0.1985299400493088,-0.3111440713517527,11.473980750881777
76.527,5.070040902314695,4.113901817269719,5.043461618186019,4.115564395526192,0.02663123187634753,0.2,-0.31020835807737523,76,11.390526931129056,tracking,0.19851654380536116,-0.3104660841435242,11.485553472944874
76.567,5.069421934404873,4.121816195792054,5.043952333804868,4.123409361505383,0.02551937953230605,0.2,-0.31740507830621045,77,11.398465476881785,tracking,0.19843059067903024,-0.3166370148316712,11.504446843940956
76.627,5.068683058218225,4.133701336238413,5.044689991780421,4.135202142293704,0.02403995956536652,0.2,-0.31694327814442336,77,11.410373562431062,tracking,0.19845631638263136,-0.3164001619466321,11.51624264982729
76.687,5.068170215368303,4.1455981361490934,5.045429257188212,4.147020620758481,0.02278540413099173,0.2,-0.3165180368311863,77,11.422281410931252,tracking,0.19845223919199434,-0.31586003347417496,11.524122971603491
76.727,5.06795425757248,4.153534078021952,5.045922887089225,4.154912176745321,0.02207442958406367,0.2,-0.31577552807862647,77,11.430220290649384,tracking,0.19845259275969815,-0.31503064723086643,11.547828274085935
76.787,5.0678187126389975,4.165441823032896,5.04666430496642,4.166765066279581,0.021195752797848622,0.2,-0.31457650815624044,77,11.442128807084048,tracking,0.19845120579150216,-0.3142198475102132,11.555747583586795
76.847,5.067908058419472,4.177350000917747,5.047406626317654,4.178632399460689,0.020541501022281267,0.2,-0.313746323774406,77,11.454037320140083,tracking,0.19845368865116578,-0.3138186282644568,11.567638110817324
76.887,5.068091670258109,4.1852866453026545,5.047901857297412,4.186549551552056,0.02022927283870368,0.2,-0.3131195515981017,77,11.461976088142725,tracking,0.19846265036960595,-0.3131883509786138,11.575570736546624
76.947,5.06855247258664,4.197185158580573,5.048645024204716,4.198430402457776,0.019946356393905493,0.2,-0.31205613473667176,77,11.473883520989933,tracking,0.19847341316992273,-0.31287931266492475,11.587474807921412
77.007,5.069234282785788,4.209072241880963,5.049388340303897,4.210313638462221,0.019884730283977067,0.2,-0.3112688129677901,77,11.485790141607811,tracking,0.19850761102006295,-0.31169907380719963,11.595412388348471
77.047,5.069810772972396,4.2169886138864285,5.049883839382686,4.2182350765956595,0.019965879684456515,0.2,-0.3099585718141165,77,11.493727476592815,tracking,0.19849942485639765,-0.31166728443560104,11.607318189204674
77.107,5.0708580450039396,4.228847941436874,5.05062685045329,4.230113436173284,0.020270735306695264,0.2,-0.30900539622435785,77,11.505632955527188,tracking,0.19853784846940803,-0.3100999875316797,11.615253298541147
77.167,5.072123937224937,4.240685066295586,5.051369330185066,4.241983301350341,0.020795170776813972,0.2,-0.30744413159923456,77,11.517537576816247,tracking,0.1985444940392934,-0.308607679150917,11.62714966567921
77.207,5.073088962131852,4.24856259162772,5.051863923109193,4.249890252982369,0.021266522193015776,0.2,-0.30632383134153074,77,11.525473991525004,tracking,0.19857153654478132,-0.30804953284675163,11.635074730303003
77.267,5.074718159323407,4.260354740704202,5.059636143398905,4.268497364889175,0.017139706326673446,0.2,-0.3095012820951321,78,11.53737815312215,tracking,0.19850457609030628,-0.31036405524647415,11.655815099499478
77.327,5.0765660780246,4.272114328988955,5.064969178659754,4.278375374840622,0.01317910353685071,0.2,-0.3078372179913695,78,11.54928204828941,tracking,0.198544694938972,-0.3092608403581632,11.663274265297193
77.367,5.077917984983191,4.279934115739427,5.068543274950428,4.28499542458713,0.010653733404315911,0.2,-0.3052304138161078,78,11.557217835411524,tracking,0.198576889605484,-0.3069901629230628,11.674523851691186
77.427,5.080125797910031,4.291631707429965,5.07393161954739,4.294975880171471,0.007039271049848779,0.2,-0.30345695497745817,78,11.569121956096332,tracking,0.19856976062091358,-0.3049517535596137,11.682062502477285
77.487,5.0825488338571665,4.303287950813232,5.079351253699794,4.305014291221116,0.003633836824448421,0.2,-0.30078860198482765,78,11.581027379776783,tracking,0.19857721441749704,-0.3020623595864478,11.693427030542441
77.527,5.08428282831195,4.311034310081037,5.082980889678085,4.311737213264571,0.0014795665215773122,0.2,-0.2990708597381701,78,11.588965441169536,tracking,0.19858167715662436,-0.30010490844439497,11.701039506136691
77.587,5.087059957948368,4.322614391524996,5.0884486023444016,4.3218646767985245,0.001578101843901275,0.2,-0.29643382794732975,78,11.600873872437601,tracking,0.1985852630894319,-0.29709681416718353,11.71250966575628
77.647,5.090046511164601,4.334144641732354,5.093942749463972,4.332041103029989,0.004427815257870105,0.2,-0.2946456253627363,78,11.61278463101788,tracking,0.19858077745365482,-0.29476989728327013,11.731753677217617
77.687,5.092152172536471,4.341802313533005,5.097619193984713,4.338850725278023,0.006212905660194977,0.2,-0.290041728624145,78,11.62072652923049,tracking,0.19859054883345137,-0.2918119124938837,11.739492359242032
77.747,5.0954809178762615,4.353242495474749,5.103152920103898,4.34910046093516,0.008718719419043239,0.2,-0.28719054693567697,78,11.632641155049095,tracking,0.19858601491961209,-0.28941825759162776,11.751140500973799
77.807,5.099010047729931,4.3646246257720005,5.108707604150986,4.3593890155031545,0.011020626816419845,0.2,-0.2852580246523981,78,11.644557851219917,tracking,0.1986393729238048,-0.2858273468606402,11.758930775342105
77.847,5.10147221092255,4.372179001042091,5.112421327365511,4.366267686480508,0.012442941401754976,0.2,-0.2822913683172162,78,11.652503342602357,tracking,0.19860015366052358,-0.2841885456007797,11.770649909116845
77.907,5.105326235735142,4.383458143773739,5.118006285753681,4.376612316102925,0.014410032094729516,0.2,-0.2802768503268305,78,11.664422762387604,tracking,0.19872509286803225,-0.2810457147855907,11.778483378692782
77.967,5.1093693946369685,4.394671819407932,5.122850240239188,4.385584435781836,0.016257728602690175,0.2,-0.27718028906919606,78,11.676343066709823,tracking,0.19868581172040883,-0.2768703466371215,11.790261352323329
78.007,5.112167706150842,4.402110076519481,5.126569993633896,4.3900130361920775,0.018808622209703568,0.2,-0.27353505199941935,79,11.684290281076265,tracking,0.19876504879590473,-0.2763239557950315,11.794634184027101
78.067,5.116516068253175,4.413209725312658,5.133835196487301,4.398662717212021,0.022617861248802194,0.2,-0.27012632474742637,79,11.69621129010675,tracking,0.1987525853516636,-0.27063027494790154,11.80590935556488
78.127,5.121042911437676,4.42423837347553,5.141139262917124,4.407358667764433,0.026244767243753235,0.2,-0.26784027408136396,79,11.708132841579502,tracking,0.198737993499258,-0.2680299015807261,11.81346055414568
78.167,5.124158602894688,4.431550032208637,5.146029014458028,4.413180224567321,0.028561595451389383,0.2,-0.26436392060341657,79,11.716080664343298,tracking,0.19880409362264678,-0.2654918291674944,11.824836319813393
78.227,5.1289754906262175,4.442455586560154,5.15339243856348,4.421946844166508,0.03188723664947942,0.2,-0.2620201591718895,79,11.72800264082088,tracking,0.19879199095260738,-0.2628689182284365,11.832451078059476
78.287,5.133962500986031,4.4532846752969775,5.160788577235913,4.430752412515619,0.0350334302204724,0.2,-0.2585163862628099,79,11.739924865244154,tracking,0.19881778616046128,-0.2596957403733523,11.843917176204492
78.327,5.137380206049965,4.460460712860877,5.165736467995056,4.436643187715111,0.03703177143437538,0.2,-0.25622080426877636,79,11.747873212432252,tracking,0.19883796223618072,-0.25755622877703294,11.851589085490273
78.387,5.142644355154246,4.471158855862226,5.173182758732283,4.445508465252213,0.03988153246229775,0.2,-0.2527333548509046,79,11.759796363419698,tracking,0.19886066321450702,-0.254274422324351,11.86313636589428
78.447,5.148071177127211,4.481776354351997,5.180656624302288,4.454406572362352,0.042554862633550974,0.2,-0.2503842542335153,79,11.771720359012892,tracking,0.1988722196449923,-0.25191608514554514,11.870859706324332
78.487,5.1517777728988055,4.488809348252785,5.185653570354162,4.4603557509737,0.04423999153884079,0.2,-0.24681848290309877,79,11.779670318473325,tracking,0.19889709441891548,-0.24850052169878142,11.882480161423079
78.547,5.15746866568711,4.499289809792948,5.193169182443238,4.469303559940889,0.046622977992023966,0.2,-0.24321276786648263,79,11.791596186778099,tracking,0.19891234306576852,-0.2448064255655357,11.894140476206971
78.607,5.163314634761217,4.509686371626406,5.200707623808927,4.478278548597977,0.04883325687794424,0.2,-0.24080812535172638,79,11.803523627927497,tracking,0.1989163624732854,-0.242109562987478,11.913655693986446
78.647,5.167296004988958,4.516570613843515,5.205744974676672,4.4842758316843145,0.05021231148589934,0.2,-0.23471564205261344,79,11.811476243836378,tracking,0.19893447076474108,-0.23842878292663786,11.921487827040886
78.707,5.173392924825871,4.526825215879311,5.213317310861881,4.49329117425622,0.052139126842819176,0.2,-0.2310172207492552,79,11.823406428009738,tracking,0.1989330737521932,-0.2355430490836629,11.933261385423577
78.767,5.179636147212455,4.53699405440143,5.2188623375395995,4.499892877330054,0.053992511959187105,0.2,-0.22855051769092738,79,11.835338867100607,tracking,0.19899796633881514,-0.22992992419382224,11.941126358535524
78.807,5.183878172304879,4.543724863903886,5.222726324541925,4.503637409298632,0.05582278163045115,0.2,-0.22309353763860165,80,11.843294907161033,tracking,0.1989413157633236,-0.22867341075941644,11.947263557261758
78.867,5.1903571901959165,4.553749702960812,5.231077479157246,4.5117303882379485,0.05851294508801672,0.2,-0.22063205597148872,80,11.85523119933866,tracking,0.19901401815538386,-0.22132051751343387,11.955012015312075
78.927,5.196972847026441,4.563687368183448,5.23945553253359,4.519849434363956,0.06104541759593025,0.2,-0.21693666519113877,80,11.86716954534539,tracking,0.19899310296675785,-0.21654148525354264,11.966666506653835
78.967,5.2014566858421025,4.5702641967996716,5.245054625170606,4.525275431232402,0.06264797954410453,0.2,-0.21448188314995195,80,11.875129412503329,tracking,0.19902411206307968,-0.21464112166192081,11.974456010830373
79.027,5.208289126930364,4.580057371367168,5.253472263666473,4.533432838705238,0.06492582607296836,0.2,-0.21077960934226034,80,11.887070455980933,tracking,0.19900887009953777,-0.21006764147004983,11.986167414314036
79.067,5.212913051227638,4.586538031457838,5.259095537304503,4.538882269019831,0.06636183928876321,0.2,-0.2083691106757458,80,11.895031588508264,tracking,0.199045410440397,-0.20841403009753443,11.993991796045199
79.127,5.219949449790066,4.596187235336253,5.2675464060499575,4.547071879430158,0.06839435964309051,0.2,-0.20476744048897186,80,11.906973868031729,tracking,0.1990396645090489,-0.20424850142331202,12.005751119192666
79.187,5.227102837132511,4.605750420902464,5.276014617518183,4.55527829641354,0.07028369377687525,0.2,-0.20236651254726626,80,11.918916458564977,tracking,0.19904028877768548,-0.20189925564807767,12.013604766701931
79.227,5.23193523180015,4.6120779525009885,5.281668872044939,4.560757749843683,0.0714646638051636,0.2,-0.1987323315294319,80,11.92687822309014,tracking,0.1990862616651901,-0.198791741593277,12.025404472919579
79.287,5.239276271016066,4.621497979995262,5.29016231113312,4.568988614535962,0.0731206027035659,0.2,-0.19630764164871403,80,11.938820910173142,tracking,0.19908739357904037,-0.19644963442530808,12.033282759707278
79.347,5.246726152560136,4.630832145020872,5.298668969732355,4.577232290058536,0.07463913656902801,0.2,-0.19264121500427048,80,11.95076358038319,tracking,0.19911595456567988,-0.19317799792426085,12.045116444451043
79.387,5.251751853314394,4.637007317131014,5.30434676929519,4.582734560630725,0.07557616876480765,0.2,-0.19019507880038689,80,11.958725390394816,tracking,0.19913565456744317,-0.19092542273934793,12.053015587183571
79.447,5.259377305378924,4.646199056998451,5.312872791481601,4.590997001115801,0.0768702413618751,0.2,-0.18650177338697338,80,11.970668405130596,tracking,0.19916200082646943,-0.18754761614648865,12.064877942518226
79.507,5.267105109606968,4.655305522871899,5.321408980317492,4.5992692939487165,0.0780318481523834,0.2,-0.18404207889345864,80,11.982611883639441,tracking,0.1991757003593237,-0.18517136857381722,12.08468161980321
79.547,5.272312361088229,4.661329604391677,5.32612312136923,4.603837697481647,0.07874590327230345,0.2,-0.17759629176488329,81,11.99057461094521,tracking,0.1992029615631179,-0.18170141673087828,12.091246178942663
79.607,5.280205134735928,4.670295017878301,5.332562043044447,4.609371198774115,0.08033030301116956,0.2,-0.17325768286457008,81,12.002519254717209,tracking,0.1992141329663238,-0.17892474870167244,12.099736134707761
79.667,5.288193429038897,4.679176728121548,5.341547221023433,4.61709291002759,0.08185980447235845,0.2,-0.17082535312317954,81,12.014464865740337,tracking,0.1993120004014943,-0.17413023483136808,12.107632437534843
79.707,5.293571143510097,4.685051562781994,5.347544466787166,4.622246842449628,0.0828103406682869,0.2,-0.16718589459175914,81,12.02242938049149,tracking,0.19924494244167054,-0.1720629486930884,12.119491013124629
79.767,5.301714065577609,4.693794921422264,5.356550196911646,4.6299862158722345,0.08413413221549353,0.2,-0.1647750944405159,81,12.034377330110983,tracking,0.19933183152226877,-0.1677842706463527,12.12740565449794
79.827,5.309946569608892,4.702456183296283,5.365566872648491,4.6377349957705265,0.08533727336258719,0.2,-0.16117298825210852,81,12.04632687319327,tracking,0.1993162347824585,-0.16255235534285664,12.139289738228175
79.867,5.315483442280187,4.708185319812123,5.371583644950264,4.642905708971852,0.08607357510340183,0.2,-0.15883852366238743,81,12.054294304661143,tracking,0.19937891426979187,-0.16158435753996728,12.147220151490663
79.927,5.323859942926847,4.716711598631538,5.380616422962441,4.650668326895492,0.08708049016646624,0.2,-0.15534822883736674,81,12.066246843872118,tracking,0.19932818830244237,-0.1562027917125997,12.159126279783369
79.987,5.332319255211715,4.725158303512494,5.389657499393988,4.658438076341556,0.08797308088073066,0.2,-0.15304218246582527,81,12.078201206576958,tracking,0.19929154645960123,-0.15293101450808388,12.167070145824805
80.027,5.338003880371599,4.730745488388,5.395689089667546,4.663621523859302,0.08850542348109046,0.2,-0.14959957436907215,81,12.086171877693086,tracking,0.19933790992376618,-0.14989249118390788,12.178994493099017
80.087,5.3465954475039865,4.7390620945741935,5.404741928967242,4.671401382116963,0.08921314542586604,0.2,-0.14732608682324794,81,12.098129342484862,tracking,0.19929923596478863,-0.1466206626777491,12.186949431963335
80.147,5.355262443616892,4.747302553851418,5.413800514241604,4.679186178368879,0.08981395393446392,0.2,-0.14393545970476673,81,12.110088522670841,tracking,0.1993069153141902,-0.14304022448629858,12.1988885404343
80.187,5.361080558126574,4.752754920427208,5.419842244499845,4.684378340019392,0.09015704372758257,0.2,-0.14057585963535021,81,12.11806215156392,tracking,0.1993326185840249,-0.13974227774294912,12.210834792206445
80.247,5.369865590855029,4.7608728289566855,5.428908145430913,4.692169423223981,0.09058797497526326,0.2,-0.13836922088070755,81,12.130023641393077,tracking,0.19933412309681448,-0.13742223824412225,12.218802303065361
80.307,5.37871725097508,4.76891922084202,5.437977018504414,4.699963060637927,0.09092124107007797,0.2,-0.13505977938509542,81,12.141985928350564,tracking,0.19936026402042623,-0.13435094208288495,12.230757478015464
80.347,5.384653950799902,4.774244476859563,5.441347431351694,4.702731023266902,0.09125965582789626,0.2,-0.1328752138801562,81,12.149961061983452,tracking,0.1993793695673505,-0.13234855969466233,12.238729668683906
80.407,5.393610720373693,4.7821752012643985,5.450708303552515,4.710152010499429,0.09191014096839237,0.2,-0.12922752904708196,82,12.161924343756588,tracking,0.1994145457644843,-0.1291157701863109,12.247073052051899
80.447,5.399615363035276,4.787424718997698,5.456951113881528,4.715101102288401,0.09229352013558102,0.2,-0.12708019910319396,82,12.169900130233517,tracking,0.19943809827216485,-0.12719742796837583,12.266988089989697
80.507,5.408671369222562,4.7952448806440895,5.466319100786908,4.722527729821379,0.09279571637897825,0.2,-0.12173473748307274,82,12.18186533713686,tracking,0.19949984454576558,-0.1245535448710147,12.274958665628422
80.567,5.417784520193837,4.803000258085157,5.475690640717642,4.72995717407434,0.09321164581707989,0.2,-0.11854120914472449,82,12.193831765170266,tracking,0.19952520720214054,-0.1227168674734411,12.286917863033816
80.607,5.423890666170717,4.808134414204829,5.4819396215139475,4.734911157603954,0.09344156742947901,0.2,-0.11645766128304391,82,12.20180952035278,tracking,0.19954995777998163,-0.11982772037823944,12.294892304318587
80.667,5.43309562250279,4.815781396182797,5.491314767910317,4.742343460942571,0.0937155228568368,0.2,-0.11333734661693366,82,12.213776456236571,tracking,0.19956374801892232,-0.11786394052284385,12.306856104002241
80.727,5.442353627468645,4.823364598998279,5.500691441278359,4.749776974813395,0.09390654371912886,0.2,-0.11128202960662237,82,12.225743729145991,tracking,0.19962471376576624,-0.113567183911666,12.314833022201675
80.767,5.448554589575157,4.82838495017421,5.506943243951113,4.75473319543253,0.09398838192225419,0.2,-0.10820877308328296,82,12.233722191214339,tracking,0.19959371458053912,-0.11286950295710137,12.326799894617102
80.827,5.4578982375745015,4.835863756581606,5.5163216864814055,4.762168111836172,0.0940443907770304,0.2,-0.10618861114098645,82,12.245690328212843,tracking,0.1996502490307477,-0.10860777727985114,12.334778521156803
80.887,5.4672917395543355,4.843281450448757,5.5257009923922755,4.769603712699138,0.09402153932471007,0.2,-0.10317310918301874,82,12.257659457744765,tracking,0.19964439156520775,-0.1048917202153238,12.346747260119713
80.927,5.4735811566867625,4.848193318200138,5.531954301369785,4.774561127466436,0.0939634159257177,0.2,-0.10119419960206208,82,12.265639633975447,tracking,0.19967050593245902,-0.10350452099303219,12.354726916128703
80.987,5.4830547481446805,4.855511860668497,5.541334519516266,4.7819974515193655,0.09381311264247805,0.2,-0.09824780469453194,82,12.277610849409674,tracking,0.19965698811553703,-0.09961618317464109,12.36669710619547
81.047,5.492574505311252,4.862772777012028,5.550715033422856,4.789434010041042,0.09358897237346292,0.2,-0.09631740025514977,82,12.289583596907981,tracking,0.19963853886480984,-0.09714488335069403,12.374677418727991
81.087,5.498946065315045,4.867581773380715,5.556486487836979,4.794009426583591,0.0934012335959173,0.2,-0.09345118598442882,82,12.297566279599657,tracking,0.19966092734642246,-0.0942483634214383,12.3866480838327
81.147,5.508539335040364,4.874749385687014,5.564520719848566,4.800028746532806,0.09336535417732514,0.2,-0.09148287291010708,83,12.309541482737647,tracking,0.19963974629993192,-0.09168300027313532,12.39207834652703
81.207,5.518174724492889,4.88186314894351,5.574105648174988,4.807209862313856,0.09328119547123108,0.2,-0.08871578532864488,83,12.321518392087361,tracking,0.19963842412015392,-0.08856127324523969,12.40405399536415
81.247,5.52462061301558,4.88657656048227,5.580495917812635,4.811997510648541,0.09318843469157319,0.2,-0.08690680767773086,83,12.329503736612219,tracking,0.19964085024087178,-0.08653321106266455,12.412038547404226
81.307,5.534321709886107,4.893604628360487,5.590081809211298,4.819179347972105,0.09299629582754634,0.2,-0.08422585870202293,83,12.341483094633087,tracking,0.1996440586762875,-0.08364994065918994,12.424015865322117
81.367,5.5440590834749965,4.900583584776869,5.599667368814457,4.826360936711449,0.09274310154527968,0.2,-0.08246973113162001,83,12.353463172974708,tracking,0.19964369509647253,-0.08170955391443094,12.432001170187347
81.407,5.550569919601421,4.90521010387537,5.606057540454186,4.8311485116252,0.09254185817526397,0.2,-0.07985862778668895,83,12.361450391892076,tracking,0.19965941435487988,-0.0792147219044398,12.451963255932567
81.467,5.56036355216316,4.9121117521787285,5.615642036228635,4.838329303334364,0.09219306133353097,0.2,-0.07559263172844337,83,12.373431543258185,tracking,0.19966602301976627,-0.0775358540620233,12.463939329112906
81.527,5.570188369152667,4.91896927501905,5.625225331237905,4.8455091954192975,0.09179025269806124,0.2,-0.073916988854324,83,12.385412889108416,tracking,0.19974417510662812,-0.0746586080228053,12.471922581318063
81.567,5.576754719252648,4.923517019945143,5.631613258386998,4.85029508874018,0.09149268017354914,0.2,-0.07142396877721795,83,12.393400312819997,tracking,0.199696829670878,-0.07372044184398799,12.483895780641417
81.627,5.58662818990479,4.930303947361499,5.641193839610031,4.857472947631695,0.0910042012733352,0.2,-0.06978498467864148,83,12.4053814566082,tracking,0.19977588162613938,-0.07099254127391438,12.491876813482438
81.667,5.593225818348057,4.934805806936396,5.647579781649155,4.8622573536900715,0.09065115219880633,0.2,-0.06734559249863797,83,12.413368661420117,tracking,0.19973154916422148,-0.07010790807307177,12.503846360778656
81.727,5.603144591597318,4.941525417673571,5.657157076107151,4.869432750107225,0.09008163630705504,0.2,-0.06574203997287646,83,12.425349280403685,tracking,0.19977868087245107,-0.06760443892234584,12.511824797342019
81.787,5.613089359109633,4.948206012314576,5.666732297342444,4.876606593247008,0.08946530966280936,0.2,-0.06335559512256689,83,12.437329628713789,tracking,0.1998073765464719,-0.06465590057928555,12.52379007405166
81.827,5.619733273567003,4.95263873013131,5.673114706702661,4.881388352590104,0.08902917332751752,0.2,-0.06178758998514592,83,12.445316529649673,tracking,0.19981126998116316,-0.0640626299487286,12.53176561693635
81.887,5.629719925006264,4.959256687134602,5.681373314061288,4.8874148942175495,0.08848342110478302,0.2,-0.05947988411817448,84,12.457296953760142,tracking,0.19983409440375263,-0.06108034571904734,12.54198668695065
81.947,5.639731075094954,4.965838508882202,5.691092462045097,4.894402845265356,0.08798321490955821,0.2,-0.057955839109016624,84,12.46927791797908,tracking,0.19982321777191578,-0.059337424605037346,12.549967366149986
81.987,5.646418401541676,4.970206297583898,5.697571089882532,4.8990609011217305,0.08762570948218165,0.2,-0.055695983129102,84,12.477265277564555,tracking,0.19985810055158945,-0.05748092065020515,12.561937365953176
82.047,5.656468801138396,4.976729221951306,5.707288196259215,4.906047384278455,0.087054770674887,0.2,-0.054215573732154396,84,12.489246891577562,tracking,0.19983541340116168,-0.055492506838713714,12.569916466502912
82.107,5.666542372627958,4.983218130652479,5.717004455561686,4.913033258398962,0.08644268683499484,0.2,-0.0520290350975168,84,12.5012294947458,tracking,0.19983547174846067,-0.05311460801557637,12.581883983417605
82.147,5.673270531111445,4.987525673512637,5.723481445894757,4.917690136909302,0.08601243012526055,0.2,-0.050581251442015314,84,12.509218427219606,tracking,0.1998364027050178,-0.051477090193068564,12.589861881904596
82.207,5.683380702210187,4.993960110226411,5.733196014233017,4.924674795246784,0.08533475366905255,0.2,-0.048406382796837434,84,12.521202480601888,tracking,0.19983200922375877,-0.04899323229529302,12.601827638508261
82.267,5.6935118437473795,5.000363505074414,5.742909693750325,4.931658814532642,0.08461963180819336,0.2,-0.046988996363192516,84,12.533187616997694,tracking,0.19982063543188533,-0.047131553119869225,12.609804097237562
82.307,5.700277213045962,5.004615941440279,5.74938509530033,4.936314550726978,0.08412291051122636,0.2,-0.04490599974714855,84,12.541178451546847,tracking,0.19982428420010498,-0.04487702486498866,12.62176787988145
82.367,5.710441335015073,5.010970811338126,5.759097516744433,4.9432976654732625,0.08334913731843639,0.2,-0.041562681587207065,84,12.553165684205869,tracking,0.19981349234662688,-0.04308903496916073,12.641705494194767
82.427,5.720623937500215,5.017298757292308,5.768809359737869,4.9502803643204425,0.08254271568559161,0.2,-0.03962872897227229,84,12.565154357750906,tracking,0.19981272675913533,-0.040819459014448535,12.653667014897401
82.467,5.727421714752784,5.021503258579851,5.775283405408049,4.954935125653417,0.0819881561793633,0.2,-0.03837847735270712,84,12.573147330079927,tracking,0.19982055874959045,-0.03880920824195715,12.661640726104018
82.527,5.737631969764421,5.0277899142779745,5.784993907103722,4.961916860123563,0.08113206747126493,0.2,-0.03653195852459504,84,12.585137799097835,tracking,0.19982286600752583,-0.03740144222752715,12.67360059480703
82.587,5.747857000095296,5.034054260439452,5.794703574905255,4.968897995033805,0.08024923982840075,0.2,-0.03533127767273065,84,12.597129182591749,tracking,0.19986141296799667,-0.034833659890229,12.681573300292392
82.627,5.754681050236104,5.03821865614662,5.800347631633199,4.9728963925850636,0.07970216291483583,0.2,-0.03360410168396502,85,12.605123546351933,tracking,0.19984606151787132,-0.034502786819634444,12.692476419041038
82.687,5.764927036037212,5.0444486426323305,5.810155513343262,4.979753050698627,0.07893753717387048,0.2,-0.03244480586917788,85,12.617114916442487,tracking,0.19988493087646395,-0.03229373105651352,12.70045457369282
82.747,5.77518452964078,5.05065984939959,5.819962306185197,4.986608947588033,0.07815092638693014,0.2,-0.030724935019233318,85,12.629106382763705,tracking,0.19989491937882406,-0.03051761607792368,12.712420745917598
82.787,5.782028815126811,5.054790748896855,5.8264995177657255,4.991179090881842,0.07761498842760807,0.2,-0.02960157513539388,85,12.63710066662599,tracking,0.19991675533482411,-0.02992727830409711,12.720397311848739
82.847,5.7923036680171345,5.0609729174214415,5.836304334936021,4.99803360658565,0.07679463221991005,0.2,-0.027933460151877275,85,12.6490919888877,tracking,0.19992969062440125,-0.028268959533330928,12.732361071632427
82.907,5.802588330259077,5.067138984556641,5.846108180089154,5.00488744275543,0.07595545922355008,0.2,-0.026800771434831956,85,12.661083430058243,tracking,0.19994227679398702,-0.027387423180116024,12.740336040136098
82.947,5.809449970641033,5.071240990500741,5.85264348099353,5.009456250301771,0.07538589694382801,0.2,-0.025069609776828594,85,12.669077713109068,tracking,0.19996705262502146,-0.02597166646269689,12.752297606188328
83.007,5.819749761881933,5.0773815935259705,5.862445530746526,5.016308831313171,0.07451718569054992,0.2,-0.023939068429703208,85,12.681069072711699,tracking,0.1999747338822358,-0.024994885591591447,12.76027130961773
83.067,5.830058300326536,5.083507642407006,5.8722466215982845,5.023160741959843,0.07363153431314638,0.2,-0.022264981981289712,85,12.693060504642736,tracking,0.19998892150772346,-0.023505169255893868,12.772230727200412
83.107,5.836935278437045,5.087583737877318,5.878780057700105,5.0277282458288015,0.07303194835100726,0.2,-0.02117449004882868,85,12.701054713935438,tracking,0.1999958671580174,-0.022455716458273732,12.780203094437232
83.167,5.847257933491575,5.093686614217272,5.888579749218729,5.034579178206243,0.07211921690358808,0.2,-0.019563902294736566,85,12.713046473897828,tracking,0.20000182954129714,-0.02085117712892059,12.792160509713536
83.227,5.8575888463298424,5.099776177265006,5.898378735780091,5.041429617750363,0.07119084272966064,0.2,-0.018516978699074697,85,12.725038577057166,tracking,0.1999982621143542,-0.019628970478528816,12.800131760829613
83.267,5.864480557140147,5.103828973393998,5.90491112683869,5.045996391033013,0.07056371977644699,0.2,-0.016978434227996386,85,12.733033627673393,tracking,0.20000057297544155,-0.018006666511349398,12.820058291980256
83.327,5.874824654866001,5.109897916202685,5.914709286756464,5.052846252673296,0.06961089119174095,0.2,-0.014524852010022059,85,12.745026643331563,tracking,0.19999046463124154,-0.016685218510586207,12.83201339726065
83.387,5.885176208472385,5.115955663649367,5.924066788489858,5.059335844572132,0.06868974542414844,0.2,-0.013625953675656872,86,12.757020431982095,tracking,0.20001029225039382,-0.01458277883347757,12.839413656832866
83.427,5.892081089070199,5.119988254641397,5.930640234932693,5.063850962229553,0.06810435616741359,0.2,-0.012252853485980158,86,12.765016628964354,tracking,0.19997461983231685,-0.013743990380364555,12.851375843161343
83.487,5.902443668983172,5.126029100535045,5.9405002253295605,5.070623515581902,0.06721666701753232,0.2,-0.01136852926410111,86,12.777011414563253,tracking,0.1999761669063361,-0.011785458062607345,12.859350430516782
83.527,5.9093554683817375,5.130051541619136,5.947073635837391,5.075138608556569,0.06661899409137573,0.2,-0.010080561356478921,86,12.785008476723885,tracking,0.19995744451443728,-0.01087721113813589,12.871312433263421
83.587,5.919727465270756,5.136078827528507,5.956933696216726,5.081911209977929,0.06571479599230746,0.2,-0.009252398295282427,86,12.797004580045344,tracking,0.19996032554611873,-0.00907606509228369,12.879287066833818
83.647,5.930104153881492,5.142099704251732,5.966793953247226,5.088683946473509,0.06480265856058375,0.2,-0.008328740397337577,86,12.809001522282449,tracking,0.19995451454551008,-0.007436066625116552,12.891249187300913
83.687,5.937024040374616,5.1461106417498925,5.973367489860469,5.0931991260664775,0.06419092468914164,0.2,-0.007921296651291636,86,12.81699980014033,tracking,0.19996794155378084,-0.0071747569127183315,12.89922405060943
83.747,5.947406323584625,5.15212319690227,5.983227664504103,5.0999718059728085,0.06326876038889162,0.2,-0.007329528668724944,86,12.828997409240197,tracking,0.1999506859377857,-0.006281714441936255,12.911186232917203
83.807,5.957790808619166,5.158132060725538,5.99308761245367,5.1067443301692865,0.06234230676397284,0.2,-0.006945602888859306,86,12.840995074591389,tracking,0.19995276820461816,-0.005940285895243754,12.919160913553283
83.847,5.964714680633342,5.162136167479663,5.999660669157738,5.111259180125981,0.061722685911534084,0.2,-0.006378807696516645,86,12.84899337907216,tracking,0.19996521156421926,-0.005594749588610692,12.931122626531135
83.907,5.975101541779582,5.168140240866615,6.009519995888427,5.118031277624478,0.060790938308636744,0.2,-0.006007213674198409,86,12.860990703011572,tracking,0.19997338359413558,-0.005398299671339979,12.939096801186523
83.967,5.985489365165739,5.174142030853057,6.019378910764834,5.124803092231716,0.05985676373805736,0.2,-0.005454830987188832,86,12.87298771754617,tracking,0.19998902802958973,-0.005164649843395661,12.951057728236512
84.007,5.992415053573846,5.178142145228301,6.025951338399536,5.129317510098147,0.059232823632699,0.2,-0.00509078056870466,86,12.880985596948939,tracking,0.20000101919822144,-0.005024562915595686,12.959031380595523
84.067,6.002804046347695,5.184140799273686,6.035809584294113,5.13608886520036,0.0582954020770049,0.2,-0.004547294112352348,86,12.892982055643541,tracking,0.2000182810135989,-0.004833092266333182,12.970991550363658
84.127,6.0131937295058355,5.190137749906796,6.045492615587086,5.142725507659818,0.05736844739903409,0.2,-0.004188387810966225,86,12.904978260586043,tracking,0.20003379561250056,-0.004785173529010564,12.9789646619141
84.167,6.020120557050959,5.194134785477099,6.052083607811013,5.147215523253134,0.05677194537384639,0.2,-0.003659114252536849,87,12.912975587213745,tracking,0.20004549768277693,-0.00446481488718196,12.990703763740488
84.227,6.030511471019292,5.2001288212071985,6.061969849433088,5.1539503785729845,0.05587555938464494,0.2,-0.003129032265685263,87,12.924971401376652,tracking,0.20005720246908687,-0.004146572387304322,13.010641089595103
84.287,6.040903456321526,5.206120794260169,6.071855863038959,5.160685078560182,0.05497686552334011,0.2,-0.0022699540988982587,87,12.936967113093319,tracking,0.20006292097324982,-0.0038927319011909855,13.022603089801297
84.327,6.04783207638933,5.210114236227326,6.078446407496705,5.165174789119436,0.0543763843549276,0.2,-0.001937010366520858,87,12.944964197236244,tracking,0.2000661301710546,-0.003406838256442714,13.030577597758246
84.387,6.058226355577939,5.216102349046375,6.088332191715956,5.171909332840404,0.05347320872128715,0.2,-0.0018863200965972694,87,12.956959968782268,tracking,0.20006304850514708,-0.0029750376853828068,13.0425393204084
84.447,6.068622480686462,5.222087754551187,6.098217977029603,5.1786438773069134,0.05256675635620292,0.2,-0.0020041114830037215,87,12.968955988802637,tracking,0.200052275950529,-0.002810798258627523,13.050513796011465
84.487,6.075554329259997,5.226076384845592,6.104808487763206,5.1831335648920955,0.05196048089932629,0.2,-0.0021826706067659516,87,12.976953469422925,tracking,0.20004606362647537,-0.0026731833120669877,13.062475511533759
84.547,6.085953844151696,5.232056740541341,6.114694238704261,5.189868085942786,0.05104794663718899,0.2,-0.002301533678890622,87,12.98894990907102,tracking,0.20002964196204376,-0.0026352574915442864,13.070449965022423
84.607,6.096355572130707,5.238033968745486,6.124580046015198,5.196602645394623,0.05013158166924428,0.2,-0.002482535430579126,87,13.000946708725667,tracking,0.20001449170258734,-0.002508719030682983,13.082411674911121
84.647,6.103291296855525,5.242017047067234,6.131170620920332,5.201092376695708,0.04951853547237302,0.2,-0.0026043402654614047,87,13.00894478289234,tracking,0.2000026740514751,-0.0023631760581485153,13.090386204918559
84.707,6.113696693095324,5.247989167117272,6.141056556917183,5.2078270238129125,0.048595883602940565,0.2,-0.002790843579849963,87,13.020942219651886,tracking,0.19998756343118648,-0.0022477314743835335,13.10234806906679
84.747,6.120634748767343,5.251969030200142,6.147647227864423,5.212316820541256,0.04797886782535051,0.2,-0.002916266289016933,87,13.028940714927025,tracking,0.19997721805438567,-0.0021374826894025797,13.110322713927046
84.807,6.131043306949927,5.257936771938153,6.157533286315348,5.21905155107848,0.047050817294559524,0.2,-0.003106702949502393,87,13.040938715797664,tracking,0.19996666666364205,-0.002129718119861249,13.122284742296012
84.867,6.141453286172248,5.263902415357833,6.1674661916002,5.225820120452916,0.04611867771335901,0.2,-0.003232816930661936,87,13.052936906028691,tracking,0.19996087374282648,-0.002135722386695762,13.13025946010667
84.907,6.14839383786436,5.2678785647191955,6.174050561586373,5.230317711634871,0.045487197721665734,0.2,-0.003421387572975306,88,13.060935719786665,tracking,0.19995803462250278,-0.002292602789525225,13.1422788711196
84.967,6.15880527632913,5.273841639071597,6.1839269976548445,5.237064017183311,0.04453868379425478,0.2,-0.003542138408419472,88,13.072933899091792,tracking,0.19996112591298784,-0.0024921430791320373,13.150252679895297
85.027,6.16921713768346,5.279803588025693,6.193803197912209,5.243810161656058,0.043589002046365226,0.2,-0.0037158826498991195,88,13.084931886097662,tracking,0.19996786394439217,-0.0028372997468867284,13.162213224722564
85.067,6.176158499665267,5.283777669375485,6.200387157210698,5.248307472309229,0.042955357365209224,0.2,-0.0038242730644962577,88,13.092930375251074,tracking,0.19997464766377626,-0.003110308628935862,13.170186753794589
85.127,6.186570640708772,5.289737996578815,6.2102627928359055,5.25505323109821,0.0420041787071213,0.2,-0.003975278453535476,88,13.10492779920293,tracking,0.19998752982316556,-0.003559987994627312,13.182146704508291
85.187,6.196982945730343,5.2956972204174715,6.220138026372,5.2617987152318415,0.04105199645987779,0.2,-0.004293360704797753,88,13.116924817358349,tracking,0.20000176411909507,-0.004216486768913606,13.202078935434537
85.227,6.203924619825464,5.299669155700354,6.226721198943629,5.26629548849483,0.04041640362817841,0.2,-0.005204607015438745,88,13.124922511346885,tracking,0.20000973909299172,-0.00499449717395948,13.210051333498267
85.287,6.214337515578367,5.305625585391561,6.236595533882896,5.273040358823164,0.039461580928271116,0.2,-0.005708367355042356,88,13.136918654586573,tracking,0.2000262434250797,-0.005731667129334037,13.222009417217613
85.347,6.224751290282088,5.311579543517866,6.246469316994152,5.279784852213873,0.03850422157870706,0.2,-0.00602460883190968,88,13.148914333848277,tracking,0.2000331265247603,-0.0066997474415296885,13.229981075323007
85.387,6.231694537776757,5.315547121192161,6.253051532815854,5.284280971948879,0.03786414300632174,0.2,-0.0064758831195606825,88,13.156911230644772,tracking,0.20004647681848733,-0.007048395121054274,13.241938072072458
85.447,6.242110997288947,5.32149518944138,6.262924403334832,5.291024841974407,0.036900405769976954,0.2,-0.006760175579994794,88,13.168906319000696,tracking,0.200042886697817,-0.007762009272704506,13.249909042832474
85.507,6.252529875939995,5.327438479458168,6.272796697868127,5.297768318560907,0.03593135843154252,0.2,-0.00716858414901028,88,13.180901139906776,tracking,0.20004820466999726,-0.008352509754167762,13.261864876339091
85.547,6.259477468908693,5.331397586705997,6.279377931526107,5.3022637674085065,0.03528183440874238,0.2,-0.007428638768323343,88,13.18889761277039,tracking,0.20004065352922057,-0.008445446862471477,13.269835058071735
85.607,6.26990180143978,5.337331108317754,6.2892493951276744,5.309006676409767,0.0343016446314458,0.2,-0.007806507134908669,88,13.200892336086744,tracking,0.20003646189316304,-0.008797505790492818,13.28178985689863
85.667,6.2803300628956675,5.343257948224231,6.299276062011783,5.315959681590886,0.03322869608776484,0.2,-0.00806437962211262,89,13.212887171153112,tracking,0.2000263474733216,-0.00884271662795938,13.290012032997295
85.707,6.287284613398185,5.347205334417728,6.3058187270508235,5.3205005312979985,0.032506305212257246,0.2,-0.008421825522970527,89,13.220883897386557,tracking,0.20001332520227233,-0.00896210847290992,13.301958264326109
85.767,6.297720127357765,5.353120372154095,6.3156323838799455,5.32731156937993,0.031415652696580046,0.2,-0.008654779178436742,89,13.232879214098642,tracking,0.1999996746121613,-0.008894430038203087,13.309922184915674
85.827,6.308160178840607,5.359028185732165,6.325445719245899,5.334122384354621,0.030316478182015934,0.2,-0.008999845283279437,89,13.24487491900655,tracking,0.19998260775003854,-0.00887959242428089,13.321867680158425
85.867,6.315122730607918,5.362962736755538,6.331987772270081,5.338662809300955,0.02957898078981862,0.2,-0.009225976423746264,89,13.252872282251271,tracking,0.19997144975355324,-0.008877538135508541,13.329831140505714
85.927,6.325570290643542,5.368858655332105,6.341800603470897,5.345473274366535,0.02846575306185799,0.2,-0.009748908067422653,89,13.264868671981498,tracking,0.19995552176092057,-0.009075117200608858,13.341775996542612
85.967,6.3325377211254175,5.372785405173815,6.348342295020696,5.350013448436378,0.027719065093595514,0.2,-0.010142837745280372,89,13.272866449912843,tracking,0.1999464502878791,-0.009305840128974943,13.349739052050516
86.027,6.342992149724223,5.37866984543542,6.358154385303364,5.356823399277565,0.026592491374172137,0.2,-0.010722288418493008,89,13.284863187574388,tracking,0.19993739148760198,-0.009723669183055632,13.361683214743355
86.087,6.353450316385207,5.3845477311608745,6.367965928219052,5.363632970225973,0.025458401597015273,0.2,-0.01109687478845257,89,13.296859970080979,tracking,0.19993498994991704,-0.010081441286152569,13.381588679566136
86.127,6.360424371842271,5.388462702558542,6.374506573868202,5.3681724184023745,0.02469825995970467,0.2,-0.011989390949054088,89,13.304857747932529,tracking,0.19993368194868227,-0.010649259871796308,13.389550251977033
86.187,6.370888193394709,5.39432987476167,6.3843169149873065,5.374981155259839,0.02355214448775403,0.2,-0.012489262514194032,89,13.316854217043998,tracking,0.19993932175238294,-0.011164367431185084,13.401491846948703
86.247,6.381355273741173,5.400190606674012,6.394126438791937,5.381789324871056,0.0223988800779337,0.2,-0.012805102191775948,89,13.328850380994515,tracking,0.19994739377257603,-0.01190010040144966,13.409452388308205
86.287,6.388335079554171,5.4040940908208075,6.40066558465205,5.38632773213881,0.021626022676077803,0.2,-0.013253192166799039,89,13.336847560351728,tracking,0.1999545918483414,-0.012411426898970006,13.421392193847119
86.347,6.398807469481155,5.409943618070752,6.4104734435527115,5.393134746245558,0.02046052597256592,0.2,-0.013532858517670245,89,13.34884288943561,tracking,0.19996727861858798,-0.01319229766103135,13.429351400650969
86.407,6.409283139247793,5.415785962462711,6.420398513734021,5.400159094449393,0.019176823352024648,0.2,-0.013941644876336496,90,13.360837581805734,tracking,0.19997562875368843,-0.014147383123668755,13.441516089936577
86.447,6.416268931089265,5.41967663713907,6.426874989977246,5.404765805066853,0.01829812553845872,0.2,-0.014298697430825364,90,13.368833745704107,tracking,0.1999903778018071,-0.014469186336518152,13.453437933170116
86.507,6.426750870476642,5.425505895248427,6.436588673481625,5.411675137743102,0.01697269045071936,0.2,-0.014516356358018807,90,13.380827548413263,tracking,0.19999969629133857,-0.01530970478245964,13.461384976231457
86.567,6.43723710890761,5.431326498365719,6.4463011237128365,5.418583593193469,0.015637710721787604,0.2,-0.014819600184562798,90,13.392820905619656,tracking,0.20001115345950243,-0.015906742342329954,13.473304310015411
86.607,6.444230581307213,5.435201709309917,6.452775396173435,5.4231887362627065,0.014741959928415616,0.2,-0.015005115127460446,90,13.40081627403306,tracking,0.2000143437072098,-0.01617091156348491,13.481249691378556
86.667,6.454725156810767,5.441006147362248,6.462485747311811,5.430095698630586,0.013388975183005117,0.2,-0.015358716968580528,90,13.412809089219794,tracking,0.2000167220632476,-0.01662248553677772,13.493166478754057
86.727,6.465225538217049,5.446799876091576,6.472194895467437,5.437001805318125,0.012023898343095477,0.2,-0.015589417330527896,90,13.424801807938517,tracking,0.20001522324966653,-0.0168222186971712,13.501110141014749
86.767,6.472229256644284,5.450656107365446,6.47866700703303,5.441605411345058,0.0111067424801905,0.2,-0.01592023839301365,90,13.432796968440067,tracking,0.20000880660555118,-0.01705006879382975,13.513024438724925
86.827,6.482740408957039,5.456430685012025,6.488374261868534,5.448510171316021,0.009719816656550686,0.2,-0.01612989054449675,90,13.44478988593075,tracking,0.20000021815505842,-0.017064138696674374,13.520966502168648
86.887,6.493258507089547,5.462193212882925,6.498080437533467,5.455414163674111,0.008319045701372247,0.2,-0.016434242612097853,90,13.456783097168278,tracking,0.1999868247473817,-0.01708211262802614,13.53287850697745
86.927,6.500274538673375,5.466028080043492,6.504550634612083,5.460016407928507,0.007377343566292657,0.2,-0.01662951247278704,90,13.464778777584883,tracking,0.19997665557701677,-0.01706136095202252,13.540819121027065
86.987,6.510804625870186,5.471770075521491,6.514255073425565,5.466919164866021,0.005952891945917119,0.2,-0.016915626211861573,90,13.476772661377957,tracking,0.19996050241233163,-0.016994524693177613,13.560668148677502
87.047,6.5213419361564275,5.477499750364512,6.523958489250927,5.47382119415318,0.0045142137628013225,0.2,-0.017372787607187624,90,13.488766996785778,tracking,0.19994514525387758,-0.01684005338413545,13.572575889309574
87.087,6.5283707976454055,5.481312745460528,6.53042687506231,5.478422150055133,0.003547251914087247,0.2,-0.017548737069743855,90,13.496763485104626,tracking,0.19993453251141194,-0.01688952620506356,13.580513698214846
87.147,6.538919777425977,5.487022294535328,6.540247250261828,5.484907861004074,0.002496600346073614,0.2,-0.017796794522262852,91,13.508758480938242,tracking,0.1999227144076765,-0.01681162112646928,13.592287174232629
87.207,6.5494753561438905,5.4927202134620075,6.550384467600987,5.49127215690174,0.0017097811097204708,0.2,-0.017964593201905986,91,13.520753751763241,tracking,0.19991119762443602,-0.016970305220353588,13.600266861458966
87.247,6.556515857876018,5.496512567718982,6.557142268314148,5.495514804752436,0.0011781005790711166,0.2,-0.018205628116868346,91,13.528750664633248,tracking,0.19991150773232017,-0.01701850625146659,13.61223583059513
87.307,6.567081505236358,5.502191978481585,6.567278373106804,5.501878402176853,0.0003702526938505824,0.2,-0.01835615098442629,91,13.540746022516755,tracking,0.1999085592561054,-0.017360323732591398,13.620214685586545
87.367,6.577652652905069,5.507860675383066,6.5774135985021704,5.508241447502565,0.0004495936104226784,0.2,-0.01856578993063968,91,13.55274115851409,tracking,0.19991432862698205,-0.017778947548966525,13.632182121033894
87.407,6.584702998271943,5.511633927045217,6.584169857590543,5.512483127498277,0.0010026865889407827,0.2,-0.018658771044351284,91,13.56073770763844,tracking,0.19991883969075414,-0.01797917405490564,13.640159807870363
87.467,6.595282791598973,5.517285069437448,6.594303379208539,5.518845103167203,0.001841997249864199,0.2,-0.01877901692780285,91,13.57273218291583,tracking,0.19993202023002077,-0.01843078054951409,13.65212529938167
87.527,6.605867673214705,5.522925682284598,6.604435808896166,5.525206393305992,0.0026929311520752118,0.2,-0.01884529640448607,91,13.584726191091185,tracking,0.19994664847071253,-0.018837627607926646,13.66010158473549
87.567,6.612927093596541,5.526680188511305,6.6111901358786564,5.52944686029688,0.0032667254067056295,0.2,-0.01892396195304089,91,13.592721923273661,tracking,0.19995601684396724,-0.019142239213654495,13.672064927373542
87.627,6.62352055767058,5.532302897704562,6.621320659229716,5.535806953609205,0.00413738576071653,0.2,-0.018962082902992148,91,13.60471510215834,tracking,0.19997185916562799,-0.019538138435587743,13.680039742036032
87.687,6.634119422074469,5.537914458648286,6.631450035856711,5.542166326991097,0.005020359268434482,0.2,-0.018998559081724053,91,13.616707830908593,tracking,0.19998595934738522,-0.019890832987370963,13.692000823533343
87.727,6.641188485866176,5.5416490813505295,6.638202325928131,5.546405515178905,0.00561612089785279,0.2,-0.019009585743564622,91,13.624702771159736,tracking,0.19999383142896449,-0.020076530893750597,13.699974128073164
87.787,6.65179710625417,5.547240982199114,6.648329847006328,5.552763723619649,0.006520932409543835,0.2,-0.019008150468996624,91,13.636694942841169,tracking,0.2000021936492207,-0.020257294489728742,13.711932978237908
87.847,6.662412154244714,5.552820304001077,6.658456313887702,5.559121270219941,0.007439815066345656,0.2,-0.018996703638713433,91,13.6486869433253,tracking,0.20000532784638264,-0.020313275591364338,13.719904829007893
87.887,6.669492644483446,5.556532575815653,6.665852661356902,5.563304821892626,0.00768848451182761,0.2,-0.018966699756755342,91,13.65668158553406,tracking,0.20000450989755847,-0.020262917399119784,13.73186157314141
87.947,6.6801193638971395,5.562089678605513,6.676414909021259,5.568981875390042,0.007824663727222196,0.2,-0.01896942357273645,92,13.668673606085845,tracking,0.1999986083481569,-0.020136964356930635,13.752354559025104
88.007,6.690753535953129,5.5676329202599,6.686977158613549,5.574658929923693,0.007976580571059813,0.2,-0.01888995549140852,92,13.680665817864966,tracking,0.19998882494879133,-0.01987110063561689,13.760348720108068
88.047,6.697847229298749,5.571320612340806,6.694018698420019,5.578443654487615,0.008086740883360453,0.2,-0.018837435684465362,92,13.688660788669495,tracking,0.19998045810443657,-0.019647513374240172,13.772340020362966
88.107,6.70849422996498,5.576840425664747,6.704581131290559,5.584120807530642,0.0082653675870473,0.2,-0.018802366906960993,92,13.700653576598825,tracking,0.1999660266457011,-0.019264094107762097,13.780334301639652
88.167,6.719148996899785,5.582346295798809,6.715143775201623,5.589798074004862,0.008459952676205107,0.2,-0.018541787420281085,92,13.712646852396878,tracking,0.1999547221827641,-0.018671291193778132,13.792325905128584
88.207,6.7262563943253495,5.586009329654886,6.722185664646073,5.593582986494079,0.008598320652289765,0.2,-0.01835627328424436,92,13.72064265849731,tracking,0.19994137213956842,-0.01837701772345058,13.800320465275595
88.267,6.736923636944967,5.591492853612119,6.7327486692874645,5.599260446855569,0.008818495321588111,0.2,-0.018085739813213438,92,13.732636786231136,tracking,0.1999315670697353,-0.01763403613743365,13.812312502755328
88.307,6.744039108593705,5.595141500119365,6.739790823481938,5.603045501644048,0.008973358707476363,0.2,-0.017911139895384467,92,13.740633195307643,tracking,0.19992047176916078,-0.017392841296469935,13.820307334115519
88.367,6.754717909810155,5.60060439797757,6.750354194617262,5.608723158990661,0.009217173681361135,0.2,-0.01765506449597383,92,13.752628196284284,tracking,0.19991631877134824,-0.01681245350471971,13.832299799600948
88.427,6.765402846958739,5.606055926436857,6.76091758518531,5.614400826782079,0.009473908113755073,0.2,-0.017404038062416444,92,13.764623488878115,tracking,0.1999116738940293,-0.016432375791192118,13.844292351868969
88.467,6.772529251416649,5.609684292418531,6.767959764458382,5.618185895049938,0.009651811144241951,0.2,-0.017239020966086063,92,13.772620405796197,tracking,0.1999139436671001,-0.016309355371321145,13.85228735636479
88.527,6.783223146449812,5.615118365865814,6.778522826116532,5.623863386057101,0.009928161430066525,0.2,-0.016988105951040507,92,13.784615760947704,tracking,0.19991882250175763,-0.016142820148973492,13.864279642220852
88.587,6.793921804312271,5.620542716258642,6.789085528418995,5.629540683915843,0.010215330952833189,0.2,-0.016818996421528044,92,13.796610962373363,tracking,0.19992795768053973,-0.016177503044250082,13.872274289703537
88.627,6.801056744596533,5.624153724490579,6.796635704836931,5.633354081989911,0.010207456621092292,0.2,-0.016569074684879576,93,13.804607633762828,tracking,0.19993798540084587,-0.016122168862196026,13.884731935818104
88.687,6.811762697428838,5.629562577669511,6.807444848747354,5.638548190479575,0.009969205324828301,0.2,-0.01638986737831046,93,13.816602345879373,tracking,0.19995184725022808,-0.016252289656637196,13.89272689053897
88.747,6.822472810306351,5.634962326019914,6.818253817916806,5.643742215001115,0.009740962339792757,0.2,-0.016110500286989092,93,13.82859666954087,tracking,0.1999683411214187,-0.016322918114863406,13.904719174847283
88.787,6.829615155814172,5.638557084542634,6.82545966103311,5.64720483250494,0.009594356762962207,0.2,-0.01591891581306718,93,13.836592630283004,tracking,0.1999793945193261,-0.016361994961172927,13.912713922820734
88.847,6.8403321628378855,5.643941548969836,6.836268264436813,5.6523986812653835,0.009382875725417768,0.2,-0.015620443019044444,93,13.848586240945108,tracking,0.1999950171306421,-0.016391266161040665,13.93270028546146
88.907,6.851053510690332,5.649316601633778,6.847076720146605,5.6575924590546,0.009181757951419066,0.2,-0.01455787153896647,93,13.860579509511822,tracking,0.20000744499333484,-0.016374472380234532,13.944691867615383
88.947,6.858203465686024,5.652894770054106,6.854282268732789,5.661054935028123,0.009053401457421353,0.2,-0.014037665981173961,93,13.86857482974835,tracking,0.20001760575784175,-0.01574851196285797,13.952686157470968
89.007,6.868932538878025,5.658253921166864,6.865090792831954,5.666248745680426,0.008869962327155484,0.2,-0.013263964002127744,93,13.88056789075081,tracking,0.20002227801693306,-0.015287631298496307,13.964677815500371
89.067,6.879666576574963,5.663603381950873,6.875899567168878,5.671442676579261,0.008697407667587559,0.2,-0.012759509595801534,93,13.89256106780941,tracking,0.20003484277789152,-0.014209437373819122,13.97267239753836
89.107,6.8868254177528865,5.667164214432516,6.883105567258046,5.6749053695131195,0.008588525466336974,0.2,-0.01201582861561504,93,13.900556599997643,tracking,0.20002167817440647,-0.01388523447583567,13.98466454194078
89.167,6.897567968981161,5.672497469716916,6.893914931660685,5.680099583955717,0.008434264790992001,0.2,-0.011534583465485526,93,13.912550182399105,tracking,0.20002459494474317,-0.012720555937833986,13.99265957953952
89.227,6.908315631783658,5.677821276458527,6.904724760171194,5.685294021415665,0.008290734354182755,0.2,-0.010829740017948963,93,13.924544146461841,tracking,0.2000127854467632,-0.011535179044248885,14.00465251260434
89.267,6.915483586209224,5.681365467466731,6.911931667342547,5.688757150228933,0.008200798844777401,0.2,-0.0103763219671883,93,13.932540449391922,tracking,0.20000699944280645,-0.011047041664191784,14.012648117419092
89.327,6.926239707111459,5.68667460804645,6.922742641821304,5.693952138360003,0.008074150921817916,0.2,-0.009716467441179166,93,13.944535494642304,tracking,0.19999253026704028,-0.00985104566545648,14.0246421851832
89.387,6.93700051887226,5.6919757452453075,6.933834124941642,5.699054577488154,0.007754735098390726,0.2,-0.009293660669669962,93,13.95653120743282,tracking,0.199974797053192,-0.009010000589140579,14.032638704662645
89.427,6.944176842484922,5.695505701779202,6.941129704637182,5.702317923542391,0.007462668049297303,0.2,-0.008675518043410286,94,13.96452872040404,tracking,0.19997100444103938,-0.008215590864962838,14.04484636571479
89.487,6.954944560825516,5.700795166757991,6.9520737293404515,5.707213235679784,0.0070308806063337234,0.2,-0.008283573022989554,94,13.976525478217058,tracking,0.19995650484685262,-0.007481765282849824,14.052838748032384
89.547,6.965715694059598,5.706078806089059,6.9630184282102645,5.7121088493749435,0.006605805408246292,0.2,-0.0077146919082605545,94,13.988522734391998,tracking,0.199950011679024,-0.006720790529137518,14.064827997095922
89.587,6.972897972263877,5.709598444175965,6.970315123749511,5.715372694551157,0.006325588813981649,0.2,-0.007349455153251902,94,13.996521044992772,tracking,0.19994860681636273,-0.006283591050078243,14.07282122361005
89.647,6.983673179227884,5.714874528421524,6.98126040116821,5.720268567033871,0.005909073575166842,0.2,-0.006515822921770047,94,14.008518634337445,tracking,0.1999523658907457,-0.005476686827227192,14.084811411361297
89.707,6.9944499797119795,5.720147513726519,6.992205851366732,5.7251645168017875,0.005496037835313454,0.2,-0.005640778657803632,94,14.02051629255481,tracking,0.19995995334683372,-0.004701258884665207,14.092804981256496
89.747,7.001634986809651,5.723661713929626,6.99950279397521,5.728428472493195,0.005221899413680438,0.2,-0.004351052952442149,94,14.028514663017667,tracking,0.19997199019832892,-0.0035748731429250695,14.11278919884013
89.807,7.012413153534666,5.728931893291119,7.010448336775454,5.733324463682284,0.004811982911298238,0.2,-0.0022841196897780596,94,14.040512315640347,tracking,0.19998372885692328,-0.002928598645752811,14.124779846734034
89.867,7.023191577085842,5.734201744526865,7.021393971281161,5.738220495891645,0.004402470801827924,0.2,-0.001483939124295283,94,14.05251005485636,tracking,0.20005145523349718,-0.0019162961764680523,14.132773676811246
89.907,7.030376959973606,5.737715081050764,7.028690905108939,5.741484447655405,0.004129274222772048,0.2,-0.00030581151383911125,94,14.060508383480137,tracking,0.20001443722908285,-0.0014067494838554144,14.144764256603816
89.967,7.0411546271522845,5.742985845621165,7.0396362497728475,5.7463803502172075,0.0037186195447959968,0.2,0.00046118363992343964,94,14.072505844418643,tracking,0.20008188641810243,-0.0004885624482734444,14.152757885453937
90.027,7.051931285041583,5.748257772252608,7.050581186552598,5.751276070330567,0.0033064919805391823,0.2,0.00159082503205127,94,14.08450290929595,tracking,0.2000675842107256,0.0008204964931819391,14.16474811161006
90.067,7.059115273903898,5.751773365053269,7.057877799749977,5.754539878674889,0.003030666576881718,0.2,0.0023263270221530992,94,14.092500977107235,tracking,0.2000642298484527,0.0008444933243459577,14.17274133896222
90.127,7.069890317778468,5.757048125896343,7.068875478154496,5.759386196133963,0.002548817745235998,0.2,0.00340980827998401,95,14.10449783804877,tracking,0.2000920745698908,0.002268418504932921,14.184761600272841
90.187,7.080664641389401,5.762324968160266,7.079869035148047,5.764157950662953,0.0019982027290635033,0.2,0.004110483429089349,95,14.11649496743673,tracking,0.20009045444180926,0.0030448445841519825,14.192751131487343
90.227,7.087847132254534,5.765843883247215,7.087198116306844,5.767339139083892,0.0016300342688028717,0.2,0.005135503553001985,95,14.124493150881543,tracking,0.20010343802373767,0.0038801967319537704,14.204735625758445
90.287,7.098620144476363,5.771124184458849,7.098191833151945,5.772110962996463,0.0010757241620976059,0.2,0.006122500189197606,95,14.136490624499652,tracking,0.2000950240713474,0.005140040291359369,14.2167202267984
90.347,7.109392358706885,5.776406703126758,7.109185688414992,5.7768828469893565,0.0005190622192389529,0.2,0.006752133853785318,95,14.14848835773994,tracking,0.2000841776412848,0.006023266459197488,14.224710089986742
90.387,7.116573213680704,5.7799299121959,7.116514961354494,5.780064118652731,0.00014630347420283238,0.2,0.008440354385025125,95,14.15648696263704,tracking,0.20008966861448405,0.007795663592248602,14.236695001052619
90.447,7.127343594190194,5.785217974398866,7.127509298316603,5.784836211727152,0.0004161737558082255,0.2,0.009885047576324423,95,14.168485491637782,tracking,0.20007553414193718,0.009606244672947007,14.244684997608347
90.507,7.138112449235471,5.790510848676802,7.138504109208078,5.789608510510662,0.0009836725574176885,0.2,0.011994188732179887,95,14.18048477316245,tracking,0.20006613919886643,0.012090627014199046,14.256670503988714
90.547,7.14529056068364,5.794042775581644,7.14583425765437,5.7927901621878455,0.0013655206737010102,0.2,0.013342492200414528,95,14.188484760138907,tracking,0.20005873448102338,0.013730587402383093,14.264661081103375
90.607,7.156055492682604,5.799346961237563,7.156829898787238,5.797562821337717,0.001944957582343738,0.2,0.01530157665204801,95,14.200485516215704,tracking,0.20004870810200756,0.01607082672291077,14.27664754617115
90.667,7.166817134962006,5.804660220252436,7.167826085673296,5.8023357173718155,0.002534027462326541,0.2,0.016551172474487823,95,14.21248733549067,tracking,0.2000365864276559,0.01770518463128377,14.296626063479616
90.707,7.173987195496989,5.808210104292738,7.175156018184861,5.805517275322511,0.0029355534978229136,0.2,0.019526979986065184,95,14.220488050757126,tracking,0.20002991214567425,0.019066739689246163,14.304616696847361
90.767,7.184736517147477,5.813543621934915,7.186149236902636,5.8102888830228645,0.003548112525305977,0.2,0.02121726116641915,95,14.232487814354176,tracking,0.20001208777650095,0.020435478579259713,14.316600815414153
90.827,7.195478921673715,5.8188909363487715,7.197141674204642,5.815060151549624,0.00417608167502522,0.2,0.022299107902834382,95,14.244487523785907,tracking,0.20001138825435738,0.022896857600411,14.324589742323246
90.867,7.202636429977419,5.822464067901353,7.204482169937583,5.818271441325912,0.004580924972277943,0.2,0.023879183374671535,96,14.252487348422088,tracking,0.20000823111132757,0.023113795035108884,14.33659630324528
90.927,7.213365816472052,5.827837648269937,7.215451302517996,5.8231004347904385,0.005175948569892264,0.2,0.024889844617649527,96,14.26448714427572,tracking,0.20000958135077374,0.02520753769250886,14.344586417566736
90.987,7.224086708459771,5.833228409061593,7.226419655166864,5.827929084901987,0.005790118900913711,0.2,0.02636255238626943,96,14.276487053730593,tracking,0.20001140570476691,0.0267240751284152,14.3565708917356
91.027,7.231229001131717,5.836832293455327,7.233731432072761,5.831147983263713,0.006210760256940001,0.2,0.027306339211978288,96,14.284487074189013,tracking,0.20001237402403213,0.027308978128237082,14.364560050760106
91.087,7.241934574813463,5.842253949206745,7.244698346238488,5.835976000104979,0.006859378792146461,0.2,0.02868130564232367,96,14.296487226643968,tracking,0.20001448508804404,0.028663902072137953,14.376542987995553
91.127,7.249066230742499,5.845879293348331,7.252009126822292,5.839194459851086,0.007303946619625963,0.2,0.030511496775262572,96,14.304487453917933,tracking,0.2000215994783853,0.029796981668815465,14.384531063113801
91.187,7.259755202628623,5.85133504658309,7.262974708361682,5.844021890023914,0.007990461565154991,0.2,0.033776959919429674,96,14.316488260696685,tracking,0.20003279191345186,0.03310449153809306,14.39651235456989
91.247,7.2704332435066075,5.856813127649762,7.273939367205264,5.848848913993974,0.008701816048694308,0.2,0.035884230003985884,96,14.328489507680434,tracking,0.2000293641840396,0.03524100476127053,14.404499580539916
91.287,7.277545685489535,5.860477949058646,7.281248610956647,5.852066697173027,0.009190256541485814,0.2,0.038958133113586646,96,14.336490616786023,tracking,0.20005224702373398,0.03796540511408534,14.416479276186127
91.347,7.288204041787942,5.865996019345607,7.292211527529207,5.8568929541348185,0.009946141875034037,0.2,0.04093545563103871,96,14.348492685719155,tracking,0.2000411044944112,0.04012472034958549,14.424465358557466
91.407,7.298849350572975,5.871539891061116,7.303173029444176,5.8617185883151635,0.010730898685987334,0.2,0.04381205561774215,96,14.36049506518019,tracking,0.20004610889067545,0.04298428639833223,14.43644292708103
91.447,7.305938511127605,5.875250789090028,7.310479762823813,5.86493526634131,0.011270890672330851,0.2,0.045660502828496145,96,14.36849675009965,tracking,0.20004727333453468,0.04489705650848506,14.44442737637198
91.507,7.3165599100338685,5.880840792792669,7.321438248358839,5.86975957260635,0.012107502865188826,0.2,0.04834263152865368,96,14.380499343824404,tracking,0.20004639655065948,0.047730691888034936,14.456402059352042
91.567,7.327165737755623,5.886460129204395,7.332394507481125,5.874582898727109,0.012977235323939823,0.2,0.050060511637176466,96,14.392501865366633,tracking,0.20004630772923282,0.04974071308879248,14.476355189655052
91.607,7.334227327628889,5.890223664266453,7.339962012659361,5.877995084173839,0.01350647191091035,0.2,0.05424650001701748,97,14.400503755624662,tracking,0.2000496583054689,0.0522835543923367,14.4846569535875
91.667,7.3448053853589315,5.895895451445647,7.350813439211081,5.883083942645887,0.014150316915768284,0.2,0.056543607860390574,97,14.412506441788441,tracking,0.20005166275586558,0.05432408324953787,14.496642358827035
91.727,7.355365576475011,5.9016008828168545,7.361663153426028,5.888171998104666,0.014832208873503287,0.2,0.05800719593276727,97,14.424509340752428,tracking,0.2000544221181586,0.05730076635759298,14.50463160988008
91.767,7.362395673169861,5.905423923276635,7.368895538995919,5.891563679963733,0.015308644631370435,0.2,0.06011514710623238,97,14.432511709020389,tracking,0.20008313516461979,0.05864773748010276,14.516614045726458
91.827,7.372925890256451,5.911188918177527,7.37974357993704,5.896650950728109,0.016057191228267497,0.2,0.06145423680003879,97,14.444516734555473,tracking,0.2001023199412169,0.06108476805480166,14.524601875068061
91.887,7.383436280255997,5.916991927702255,7.390589981557533,5.901737452720692,0.016848574102123298,0.2,0.06508264183681157,97,14.456522700467744,tracking,0.20009867533789596,0.06549817448794157,14.536582597836649
91.927,7.390431098519193,5.9208832937006886,7.397819713960908,5.905127890357273,0.017401849690744764,0.2,0.06783515668959894,97,14.464527087506669,tracking,0.20012137851702674,0.06628240067751119,14.544568263964718
91.987,7.400904359270423,5.926755567257646,7.408662306026242,5.910212605830179,0.018271707929385855,0.2,0.07184254431823785,97,14.476534284827068,tracking,0.2001332999975972,0.07217349929472884,14.556544919140286
92.047,7.411353101817998,5.932673199958714,7.419502236698094,5.915296073222502,0.019193043867514942,0.2,0.07442187980846594,97,14.488542390323367,tracking,0.20014711216875725,0.07554866907724149,14.564527702066604
92.087,7.418304641896171,5.936644239734252,7.426727120783963,5.918684237203958,0.019836830429871888,0.2,0.07816541202668528,97,14.496548204857651,tracking,0.20016774193099163,0.07847255805799745,14.576499334437571
92.147,7.428708538673584,5.942643381964227,7.437561623842314,5.923765159275921,0.02085100498474974,0.2,0.0817583405875302,97,14.508557816660309,tracking,0.2001842149658768,0.08244979016973401,14.588467137712081
92.207,7.43908358878552,5.948694181363865,7.448392338421953,5.928844304712166,0.02192419720038652,0.2,0.08405328307430156,97,14.520568388595061,tracking,0.20020282347864013,0.08472472036992774,14.596443752214684
92.247,7.4459830546093615,5.952758108659933,7.455610243409647,5.9322291957928,0.022674192989005595,0.2,0.08739770745865366,97,14.52857576854871,tracking,0.20021638722712282,0.08768101976748217,14.608404556567972
92.307,7.456306378177557,5.958900985319039,7.466433952440668,5.93730505592409,0.02385271319758916,0.2,0.08954178750394778,97,14.540588509415915,tracking,0.20022387393461286,0.0898502614475602,14.61637597782265
92.367,7.4665946905669704,5.965101644007237,7.478207476724544,5.94317845938696,0.024808926341868445,0.2,0.09266087878974993,97,14.55260090051801,tracking,0.2001494204807994,0.09261911706677942,14.628328184469526
92.407,7.473434844324335,5.969268844389605,7.485272629736431,5.946920895192647,0.02528960254279737,0.2,0.09526612990649594,98,14.560610473693355,tracking,0.2001601092355039,0.09497983860666873,14.637506385173161
92.467,7.483665661048844,5.975570183201123,7.495868294860345,5.952533455384629,0.026069044869898524,0.2,0.09817819632780755,98,14.572626150189835,tracking,0.20032737341860338,0.09729163902066448,14.657491891104767
92.527,7.493859027967889,5.981933047297457,7.50646016511854,5.958144005423214,0.026920385784457546,0.2,0.10273352244024607,98,14.584642421186059,tracking,0.20022821073806407,0.09920494534262958,14.669477965829293
92.567,7.500633341948632,5.986209576211841,7.513519127152571,5.961883161846675,0.027528492443063206,0.2,0.104543342255646,98,14.592653665126,tracking,0.20033091641871512,0.10182859687757924,14.677466096759428
92.627,7.510763144482026,5.992675901458073,7.52410415627614,5.967490088112762,0.02850101383381845,0.2,0.10848441908980179,98,14.60467141289984,tracking,0.2002598681745126,0.10384461179765414,14.689444429852983
92.687,7.52085302178202,5.99920716125097,7.534684867702746,5.9730947272799435,0.02954960523367283,0.2,0.11102056661227448,98,14.616690688186281,tracking,0.20026641581140678,0.10941819317522845,14.69742696268457
92.727,7.527556785516787,6.003597386441176,7.541735767068167,5.976829612880162,0.03029120696255084,0.2,0.11471046686660172,98,14.624704084808956,tracking,0.20032292730235224,0.11072098954495718,14.709396883887573
92.787,7.537577266687325,6.0102386444745965,7.552307787406326,5.982429648347956,0.03146948531870815,0.2,0.1170729001150153,98,14.6367255801883,tracking,0.20033035467973367,0.11611003526377751,14.71737357396701
92.847,7.54755326322556,6.016947645148518,7.562873091190581,5.9880261260340895,0.03272844934860307,0.2,0.12050085115581993,98,14.648747693021473,tracking,0.2003586106735923,0.12055166433413997,14.72933209737153
92.887,7.554178244277414,6.021459223387856,7.569912666397169,5.991755013188498,0.03361416580863333,0.2,0.12269127491165563,98,14.656762972938425,tracking,0.20036071465054706,0.12233249769410963,14.73730013651785
92.947,7.564075515456438,6.028285503044008,7.580465005583004,5.997344623482339,0.03501361756029345,0.2,0.12586496367787725,98,14.66878603705433,tracking,0.20037739187143114,0.1264103328479152,14.749244740100954
93.007,7.5739226713050485,6.0351845257795285,7.591008299633246,6.002929442536804,0.03650080944807125,0.2,0.1278904369789765,98,14.680809472212887,tracking,0.20037842421341412,0.12891909424139708,14.757202329987665
93.047,7.580458508658765,6.03982492339587,7.598031548223466,6.006649681426471,0.037542088371196686,0.2,0.1308186936837176,98,14.688825110674793,tracking,0.20038705073357857,0.13174277295835843,14.769129670985427
93.107,7.59021709624765,6.04684949670642,7.611053186938588,6.01427806458373,0.03866575831150841,0.2,0.13268506405751537,98,14.700849031080603,tracking,0.2003922637344599,0.13390242742259267,14.777074809747685
93.147,7.596691633639329,6.051576007541169,7.617793153240407,6.01858965114798,0.03915831760396678,0.2,0.13722010786429203,99,14.708865235862621,tracking,0.20041855769263223,0.13799067768730508,14.792207879619342
93.207,7.606354927552188,6.058734515940552,7.627899882819709,6.025054971226935,0.0399812059547484,0.2,0.13893800070003207,99,14.720891186625463,tracking,0.2004287266963545,0.13998004149242804,14.800208125605106
93.267,7.615957974489841,6.0659747676695215,7.6380009671543,6.031516680017619,0.04090541932594736,0.2,0.1414037530485241,99,14.73291781356678,tracking,0.2004467904140703,0.14224171791050488,14.812203652576343
93.307,7.622325355888539,6.070848353151818,7.6447316576390705,6.03582233280025,0.041579615916988756,0.2,0.1429697941691535,99,14.740936253647604,tracking,0.2004578899487826,0.1436159808621732,14.820196970420488
93.367,7.63182296119728,6.078229377627691,7.654821821993911,6.042277056031087,0.04267923413240341,0.2,0.1456909667745706,99,14.752964721085895,tracking,0.20047609804187413,0.1459433023662766,14.84016511629051
93.427,7.641254904216679,6.085696054539242,7.664904272840915,6.048726844896488,0.043886388526909736,0.2,0.15067043876783132,99,14.764994384972416,tracking,0.20048887170371685,0.14766828055226897,14.852134059079685
93.587,7.66607204004424,6.106028903961195,7.691744724971722,6.065896802074813,0.047641078421932194,0.2,0.15534245199379176,99,14.797077324306265,tracking,0.20054190813269987,0.153950558013949,14.8720586157049
93.827,7.702317449583168,6.137642612398056,7.737321717607781,6.096566137985586,0.05396828263060896,0.2,0.17239214459483104,100,14.845172607586182,tracking,0.19592363581797537,0.13369634842806494,14.939004132998592
93.907,7.714077961794341,6.1484298866836,7.749460026640405,6.106910078862228,0.05455075576281876,0.2,0.17484225628222475,100,14.861131145551193,tracking,0.2009662606071773,0.17150847644705308,14.950938834369484
93.967,7.722867485585975,6.156669808173047,7.75861966758219,6.1147156788101675,0.05512138866254801,0.2,0.17664417553559272,100,14.87317905137071,tracking,0.2007428721113007,0.17639679320207757,14.96297591584696
94.027,7.731572930338434,6.1649971624377145,7.767773763869734,6.122516553752711,0.055813102965246955,0.2,0.17826460732601632,100,14.885226025986247,tracking,0.2006875487332753,0.17911214073768802,14.975005401169877
94.087,7.740190190460076,6.173416365983649,7.776922117400835,6.130312534872487,0.05663192309325926,0.2,0.17969672298976586,100,14.897273439001161,tracking,0.2006721694316781,0.18094536302810457,14.983020956258501
94.127,7.745884835516143,6.179080443277375,7.783017254310063,6.135506646808066,0.05724938658392598,0.2,0.18177413078747717,100,14.905305297684173,tracking,0.2007000237400749,0.18247640568669166,14.995037631555688
94.187,7.754349235977657,6.187654253879484,7.792153380004439,6.143292207693872,0.058285027643229875,0.2,0.18372627298705366,100,14.917353380660884,tracking,0.20068214734308323,0.1851130056212253,15.00704479813139
94.247,7.762719474487732,6.196321076055302,7.80128087402512,6.151070412899232,0.05945253611366078,0.2,0.1849484247319505,100,14.929402227051423,tracking,0.20066974352690148,0.18666034526144104,15.015043413177288
94.287,7.768246043003872,6.202150646957944,7.807360342212871,6.15625117237129,0.0603049763281767,0.2,0.18668396216597602,100,14.937435088090462,tracking,0.2006864162960365,0.18827440644651372,15.027031276847385
94.347,7.776453520362855,6.210972877146845,7.816470267797792,6.164014406227651,0.061696337543976215,0.2,0.18776820815507794,100,14.94948475323536,tracking,0.2006876822074041,0.18949158118813975,15.035015723154688
94.407,7.784560344192715,6.219888560567494,7.825568019123037,6.171767265506964,0.06322411281697456,0.2,0.18929918960987469,100,14.96153506457846,tracking,0.20071180378801076,0.19087373372585842,15.04697961537992
94.447,7.78990805830479,6.225884387730175,7.831625951390325,6.176929672646139,0.06431910083680595,0.2,0.19025042073610535,100,14.969569240926363,tracking,0.20073048120812437,0.19167608558654312,15.054946443272314
94.507,7.797842138194252,6.234953868750121,7.8500066124845915,6.19553538736067,0.06538309455079327,0.2,0.1915847556196913,100,14.98161934921067,tracking,0.2008318764488502,0.19311811369018322,15.066882143411748
94.567,7.8056667406831055,6.2441193252181835,7.857259193883414,6.205133095912139,0.0646661217542041,0.2,0.20064375079181745,101,14.993670490085147,tracking,0.20096268792233474,0.20100319012720938,15.10123818273765
94.627,7.81338173047757,6.253378986009476,7.864517246476303,6.214738044772016,0.06409339541773043,0.2,0.20214836769636987,101,15.00572297470445,tracking,0.2009515582412393,0.20241658402010732,15.109263404953296
94.667,7.8184621001807795,6.259604087791321,7.869358074595344,6.221144157972187,0.06379315334188107,0.2,0.202851447285456,101,15.013758025949812,tracking,0.20095670939314314,0.20262019092107653,15.121306491654254
94.727,7.825986264717944,6.269020140784447,7.8766219923145036,6.230756868450924,0.06346695926938918,0.2,0.20348236118792037,101,15.025811038268385,tracking,0.20100116276345878,0.20304130550699157,15.129338388002191
94.787,7.833393679097295,6.278529319038807,7.883888267945055,6.240372699273312,0.06329005557615598,0.2,0.20458572537770112,101,15.037864845088665,tracking,0.20103568797003604,0.20404815672047144,15.141389743247615
94.827,7.838266554116103,6.284919560633698,7.888733109938461,6.246784124236869,0.06325491890555072,0.2,0.20526633805493832,101,15.045901019463951,tracking,0.20104357399043796,0.20428754520402678,15.149425622933041
94.887,7.845477323967383,6.294579538684193,7.896000445624539,6.256401357884462,0.06332581867738221,0.2,0.20620127442988936,101,15.057955494889459,tracking,0.20105097097199554,0.20553358397419744,15.161479923785109
94.927,7.850218342224964,6.3010684909606764,7.900844841308038,6.262812192223497,0.06345539222537984,0.2,0.20676255427418214,101,15.065991896806063,tracking,0.2010670356669244,0.20585376690973234,15.169515777396096
94.987,7.857229803226914,6.310873867742142,7.908109670743613,6.272426109222775,0.063772964912104,0.2,0.20751035172313326,101,15.078046190614012,tracking,0.20103176866313016,0.20717350180603752,15.181567242272669
95.047,7.864120068637822,6.320764435369187,7.915371425865441,6.282035957826855,0.06423859113040971,0.2,0.2079427186850467,101,15.090100197641467,tracking,0.20100041838385294,0.20808301509212204,15.189599120545788
95.107,7.870887847854992,6.330738732811684,7.922628934824481,6.291640187268507,0.06485241972645428,0.2,0.2084914662036015,101,15.102153804778078,tracking,0.20097387680388842,0.20902733128004097,15.20164195950524
95.147,7.875330846184198,6.337434180313852,7.92746433304608,6.2980391148101855,0.06534425482332915,0.2,0.2089178936392207,101,15.11018930422787,tracking,0.2009576511866549,0.20970920253026668,15.213677133092832
95.207,7.881888562896309,6.347548423896994,7.940784325068243,6.324927710898704,0.06309047042433602,0.2,0.21905950789093057,102,15.12224341438729,tracking,0.20105011490415928,0.2191904388116163,15.2400916460271
95.267,7.888317930928627,6.357746210426175,7.945024099897898,6.335966477450792,0.060744928740187595,0.2,0.2188336745912978,102,15.134298771013693,tracking,0.20094445117419749,0.220528046228462,15.251896311381167
95.307,7.89253128940099,6.364589543564319,7.947856244307877,6.343340307958224,0.0592653410459469,0.2,0.2185614114392601,102,15.14233516311813,tracking,0.20091948272153526,0.22058859213966397,15.25978273000904
95.367,7.898738312355937,6.374922769515538,7.952112768139278,6.35442268256208,0.057175922338578176,0.2,0.2180691033090151,102,15.154389319767278,tracking,0.2009069808220952,0.22021921982331985,15.271635946758526
95.427,7.904807759106258,6.385337045385798,7.956378733872438,6.365529640299126,0.05524399274673716,0.2,0.21793354286408434,102,15.166443170843047,tracking,0.20090637300608677,0.22004807815190341,15.291451457648352
95.467,7.9087770034251115,6.392324133927209,7.959227612190242,6.372947039559478,0.05404383138627574,0.2,0.21769450397708345,102,15.174478984849623,tracking,0.20090589709419093,0.21990715284621618,15.299397143235959
95.527,7.914614304949565,6.402869820936505,7.9635077187901055,6.384090814753264,0.0523757290184352,0.2,0.2174416098872034,102,15.186532432637929,tracking,0.20090607572641536,0.21972081635015386,15.311334606872588
95.587,7.920310379413191,6.413492006768066,7.967795274683184,6.3952539850828956,0.0508668921184591,0.2,0.21722769238469167,102,15.198585486032623,tracking,0.2008997780895016,0.21923300994268713,15.319304589191416
95.627,7.92402855434445,6.420615211348857,7.970657435849927,6.402705967846966,0.04994991084338205,0.2,0.21683646819239652,102,15.206620712744998,tracking,0.2009144417921814,0.21899481474385224,15.331275579234473
95.687,7.929487615013375,6.431361327012325,7.974956002702109,6.413897806540355,0.048706763660583435,0.2,0.21653342775500747,102,15.21867394240512,tracking,0.2009324739904434,0.2180691124133701,15.339266316844443
95.747,7.934804191609095,6.442179357061349,7.9792603228177175,6.425104624550904,0.04762241166028397,0.2,0.21601454896996405,102,15.230727811528341,tracking,0.20096381882561504,0.21705011794345688,15.351266187892486
95.787,7.9382690997529375,6.449430282024539,7.9821326742769365,6.432583138973909,0.0469876515585831,0.2,0.21562900238298183,102,15.238764073175842,tracking,0.200980405504838,0.2164840312344049,15.359274371035387
95.847,7.943347160615139,6.460363449874427,7.9882453943359435,6.452841837110719,0.04552390635495979,0.2,0.21498690007292182,102,15.250818983434904,tracking,0.20101404427594077,0.21528260818964004,15.371297434594288
95.907,7.9482808867726,6.471363651950623,7.990172590011658,6.464345710627235,0.04247547881646296,0.2,0.2189484732933108,103,15.262874940448512,tracking,0.20110200869144296,0.21831611523651456,15.388424223803478
95.947,7.951490019766074,6.478733616259089,7.991461149901361,6.47203742049168,0.040528141852884336,0.2,0.2178500138588085,103,15.270913280356595,tracking,0.20106764504159888,0.21763547669494182,15.400102502304515
96.007,7.956184119424387,6.48983920771131,7.993398977539604,6.483604758633878,0.037733460215501155,0.2,0.21705301864654117,103,15.282970176022802,tracking,0.20106818809184365,0.21679157423760315,15.407909498721436
96.067,7.960726471471523,6.500997895811573,7.995341314891097,6.495199016289999,0.03509721340316543,0.2,0.21580651656085367,103,15.295017967614587,tracking,0.20081008696484376,0.2146706393794634,15.419647211244932
96.107,7.963674409823535,6.508469454252442,7.9966392995151585,6.502946984557964,0.03342426699132409,0.2,0.21512631916648706,103,15.303050061118935,tracking,0.20073365596162598,0.21421921588362064,15.427488377988
96.167,7.96797668338141,6.519722418494296,7.998590445560425,6.514593823329892,0.03104037569221134,0.2,0.21428705228408365,103,15.315097416098151,tracking,0.20077856797166307,0.21344403407588944,15.439277189270875
96.227,7.97213540195933,6.531029324326664,8.000546462653142,6.526269738502556,0.02880697878925468,0.2,0.21369192145007126,103,15.327144866438882,tracking,0.20078080666836443,0.2130770011206922,15.447153458466378
96.267,7.974828411626022,6.538595747233814,8.001852946448071,6.534068440273037,0.027401131193169347,0.2,0.21273676710140524,103,15.335176245938989,tracking,0.20077643699991746,0.21236153346641118,15.466899461027001
96.327,7.978749226238642,6.54998668678795,8.003816162567846,6.545787328091275,0.02541625287873325,0.2,0.2109794541183696,103,15.347223083331123,tracking,0.20078146535125982,0.21198604265690513,15.478781655657176
96.387,7.982529052484834,6.561425474574715,8.005783326872177,6.557529783529712,0.023578330856953045,0.2,0.21021942609160005,103,15.359270197196363,tracking,0.20079035084654703,0.21105471584884375,15.486716483899215
96.427,7.984970377231225,6.56907704558549,8.007096815082576,6.565370296264503,0.02243477752326432,0.2,0.2090134213303268,103,15.367301797625311,tracking,0.2007932337604191,0.21068520658744877,15.498637519360276
96.487,7.988513320830067,6.580591590845302,8.009069857658769,6.577147840457482,0.020842999379249705,0.2,0.20816939876571086,103,15.379349087855267,tracking,0.200792190697762,0.20971102992892235,15.506596448633202
96.547,7.991912645962704,6.592149240802122,8.011046003649792,6.588943909646186,0.01939998773714209,0.2,0.2068396811041906,103,15.391396273579817,tracking,0.20078829004357893,0.20791642565847615,15.51855082923981
96.587,7.994098932056387,6.599877343405669,8.011847720879118,6.599273147570177,0.017759069718921626,0.2,0.20698418491520734,104,15.399427675495694,tracking,0.20079163474900122,0.20771284226552755,15.529018864449803
96.647,7.997257552957852,6.611503446290978,8.012246689104868,6.610993193240581,0.01499781852834699,0.2,0.20538552741794525,104,15.411475212766812,tracking,0.20079599581828048,0.20651906426398292,15.540733946891716
96.707,8.000272014403995,6.623167754371394,8.01264678952606,6.622746498156754,0.01238194314799033,0.2,0.20428490634158833,104,15.423522746157724,tracking,0.20079863878646115,0.20510880855963912,15.54856310204475
96.747,8.002201200103004,6.630964533436551,8.012914129563223,6.63059984898228,0.010719134870445998,0.2,0.2025902445258838,104,15.431554652609627,tracking,0.2008008223708353,0.2035677100750976,15.560334052215131
96.807,8.004974708439434,6.642688892409876,8.013315992942829,6.642404942366302,0.008346116150271305,0.2,0.20143849062604735,104,15.443602596078437,tracking,0.20080669222612477,0.20188678608938695,15.568198711156944
96.867,8.007602588168053,6.654446926869887,8.013718832797656,6.6542387205764335,0.0061197874333814295,0.2,0.19999978903243074,104,15.455650713202322,tracking,0.20080429659662516,0.20009918962150125,15.580020479304963
96.907,8.009273643762505,6.662303325956752,8.013987901260597,6.6621428454430545,0.0047169882079133784,0.2,0.1987236761820143,104,15.46368286318921,tracking,0.2008088085063708,0.19861724244600523,15.591870220460784
96.967,8.011661351033391,6.6741132146242625,8.014392226272731,6.674020251466983,0.0027324570850157924,0.2,0.19785476291740242,104,15.475731706135752,tracking,0.2008263196473263,0.19731724062375106,15.599784651798421
97.027,8.013907804669138,6.685951630980226,8.014797357787982,6.685921349235639,0.0008900683879906372,0.2,0.19650603739058567,104,15.487781380644,tracking,0.200837408971833,0.1956496264517126,15.611677150242388
97.067,8.015327559853676,6.693858659134859,8.015067856870452,6.693867499820413,0.0002598534148634534,0.2,0.19558612287437535,104,15.495814860526478,tracking,0.2008431957985186,0.19455417761665875,15.619618287903966
97.127,8.017341432722388,6.705739656155942,8.015474167010147,6.7058032207280585,0.0018683473164637532,0.2,0.19415687824125868,104,15.507865328324298,tracking,0.20084594666454844,0.1930037862136824,15.631547834328092
97.187,8.019217640224657,6.71764320162798,8.01588108449956,6.7177567830725575,0.003338488408131783,0.2,0.1931788304712206,104,15.519915828288882,tracking,0.20084703475811488,0.19198881600777515,15.651472162254981
97.227,8.020392855609641,6.725590274850753,8.016152662148407,6.725734617501767,0.0042426495718587,0.2,0.19062050703735647,104,15.527949327153587,tracking,0.20083880242951702,0.1906040979655977,15.65945461780445
97.287,8.022042932985457,6.737526594129325,8.016560432274774,6.737713226813423,0.005485676421500577,0.2,0.18900343660857097,104,15.539999160068039,tracking,0.20083191278415147,0.18974271167466675,15.671440165664988
97.347,8.023559093538363,6.749479897977202,8.016202641699076,6.748998098155915,0.007372212336303681,0.2,0.1876596764299385,105,15.552048235372885,tracking,0.20081770016027797,0.18809683047746256,15.678797572035885
97.387,8.024496009984189,6.757457276734536,8.015686408336848,6.756880305037851,0.008828475379339945,0.2,0.18589191048999498,105,15.560080444549968,tracking,0.20080648220757302,0.18732302177121643,15.690642319431827
97.447,8.02579127062115,6.76943490555008,8.014910834072197,6.7687223076157315,0.01090374684738434,0.2,0.18468976342280688,105,15.57212790453789,tracking,0.20078970768954282,0.18558724353377115,15.698551459427819
97.507,8.026955116504022,6.781425068482178,8.014133881127663,6.780585360828549,0.012848703651324666,0.2,0.18283773189696004,105,15.584174420398393,tracking,0.20076911400887837,0.1834808385133643,15.710433065415337
97.547,8.027658492200128,6.789424595577054,8.013615205917693,6.788504851525306,0.014073372685008948,0.2,0.18157721792162623,105,15.592204810869069,tracking,0.2007614340384575,0.1833480335529747,15.718365299615819
97.607,8.028605164228699,6.801432164097764,8.012836190322295,6.800399398713587,0.015802757430258912,0.2,0.18004825054544676,105,15.604249639207788,tracking,0.20074250122124537,0.18106093874120968,15.730279309536678
97.667,8.029422376743423,6.813448310076675,8.01205606242664,6.812310929269048,0.017403519990245357,0.2,0.17912862095937004,105,15.616293542249606,tracking,0.20073008151821586,0.18005474402568755,15.738231797247185
97.707,8.029895380770217,6.821463312010957,8.011535394108343,6.820260852117823,0.01839932118364142,0.2,0.17770164991452536,105,15.624322489180301,tracking,0.20072154538060472,0.17891863053638357,15.750174316180827
97.767,8.030497900926932,6.833490911636385,8.01075360230912,6.83219778830012,0.019786598896024164,0.2,0.17672304385554247,105,15.63636517091191,tracking,0.20071060260024082,0.17775099132562402,15.758144548838926
97.827,8.030972276289646,6.845523643157162,8.00997092852308,6.844148191265168,0.021046341152785437,0.2,0.17520928300137806,105,15.648407249629301,tracking,0.20069993663726748,0.17619249861443795,15.770111750819233
97.867,8.031217649644624,6.853547638476853,8.009448701483578,6.852121913743963,0.021815586057960946,0.2,0.17417614911462456,105,15.656434995824451,tracking,0.20069497890529608,0.17505028436253922,15.778097168788998
97.927,8.031479984742562,6.865585971381214,8.008664756769445,6.864091722115371,0.02286410742482168,0.2,0.17258583298735905,105,15.668476186746442,tracking,0.20068688882031885,0.173257044884648,15.790085288333655
97.987,8.031616104788382,6.877625979722417,8.007880163719296,6.876071429728072,0.023786793060857177,0.2,0.17150549010988617,105,15.680516964525436,tracking,0.20068449961609186,0.17182786226467264,15.798083426753484
98.027,8.031637356211506,6.885652949193503,8.007356785481681,6.884062729493308,0.024332589538742802,0.2,0.16984849934015245,105,15.688543962128072,tracking,0.2006771041126294,0.16998397603724652,15.810088799748113
98.087,8.031565903283887,6.89769277153403,8.006426742145752,6.894041949808135,0.02540287231797591,0.2,0.168157866380545,106,15.700583996493153,tracking,0.20067132784762565,0.16789239958941063,15.828126765645715
98.147,8.031371946046015,6.909730750975477,8.004710635150929,6.905858875835262,0.026940989509404895,0.2,0.16465841213175472,106,15.712623538363292,tracking,0.2006653780852493,0.16571000294698002,15.840067651875316
98.187,8.03117563357711,6.917754387027884,8.003565419255137,6.913744707876325,0.02789984698531007,0.2,0.1634990934570537,106,15.720649575622547,tracking,0.20065689386226843,0.16378136308821067,15.84803620672722
98.247,8.030781665096383,6.929786617058802,8.001845998828951,6.925584449831268,0.02923920299441004,0.2,0.16172782451118367,106,15.732688253734397,tracking,0.20065151384948532,0.16231592428488886,15.860000148224973
98.307,8.030270726175484,6.941813686230979,8.000124896434535,6.937435773636417,0.030462061149172246,0.2,0.16053761594996008,106,15.744726170973406,tracking,0.20063557840968899,0.159736621228796,15.867982665374102
98.347,8.029865987515644,6.9498283140051935,7.998976656792725,6.9453424268635375,0.031213361497242083,0.2,0.15919827329560046,106,15.752751011890332,tracking,0.2006280772122911,0.15929155304100648,15.879965387520523
98.407,8.02916418192434,6.961844344193396,7.9972531821531785,6.9572100856905195,0.032245747909865036,0.2,0.15841974828595956,106,15.764787519380953,tracking,0.20061168587330536,0.15762115930803874,15.887959163175099
98.467,8.028349947062795,6.973852410076056,7.995528518061246,6.969085934957203,0.03316572759283859,0.2,0.15720281997327268,106,15.776823159150075,tracking,0.20059453326322432,0.1564320586371088,15.899956982342703
98.507,8.027745292381322,6.981852818050806,7.994378171655375,6.9770070951323895,0.03371714365337056,0.2,0.15636487986063724,106,15.784846383878715,tracking,0.20058573569059462,0.15605633127181354,15.907959701487124
98.567,8.026746265788875,6.9938453366279925,7.9926519019891655,6.988894000208827,0.03445201554688302,0.2,0.15505495844924808,106,15.796880442045294,tracking,0.20056800780125064,0.15484622335693832,15.919969312727053
98.627,8.02563750202466,7.005827250204053,7.990924874047405,7.000786126688201,0.03507676534957833,0.2,0.15415525921318454,106,15.808913546799639,tracking,0.20055466424884896,0.1542318782405067,15.927978881095063
98.667,8.024837647982613,7.013808933840942,7.989773158955656,7.008716711485408,0.035432317440999894,0.2,0.15275282161773354,106,15.816935207486054,tracking,0.20054388172743165,0.15313855326420267,15.939997361455266
98.727,8.023547556951806,7.025771287407913,7.988045167703077,7.020615471218255,0.03587481126012846,0.2,0.15179267258357007,106,15.828966925473482,tracking,0.20053218637450573,0.1523705990818183,15.94801194468422
98.787,8.022149540349844,7.037720835630587,7.986316768536404,7.032517039803165,0.03620865955607241,0.2,0.15030492812726945,106,15.840997975018114,tracking,0.20052032673879233,0.1511176346491921,15.960036604569455
98.827,8.021157918175039,7.045679672997762,7.985464424926785,7.03838618515072,0.03643103656551802,0.2,0.14929126557307304,106,15.849018349496573,tracking,0.20051426279075243,0.15018880224317047,15.968054466933559
98.887,8.01958187442411,7.057606071344122,7.983016910885327,7.049686614755883,0.03741275653096892,0.2,0.14701044601236044,107,15.861048432265237,tracking,0.20050187044868317,0.14804617190650604,15.977553555567845
98.947,8.017900095826644,7.069517453554452,7.980477312952158,7.061412205368679,0.03829046521294644,0.2,0.14596645073746653,107,15.873077954508927,tracking,0.20049958768978943,0.14688433529347877,15.985547620607752
98.987,8.016720783937979,7.077449821832139,7.978783412667555,7.069233121040701,0.038816984823733865,0.2,0.14437225424766786,107,15.881097508300979,tracking,0.20049365248495887,0.14527656053950733,16.005547330983212
99.047,8.01486503212693,7.089334948175793,7.97624145126447,7.080969624042537,0.03951910482910092,0.2,0.14165418592680054,107,15.8931266413948,tracking,0.20049412510759831,0.14399595290817974,16.017555955820672
99.087,8.013570694845717,7.097249164504354,7.974546152269795,7.088796997705989,0.03992936321615065,0.2,0.14087809838721885,107,15.901146001038361,tracking,0.20048956116717118,0.14225932420681783,16.025564814487716
99.147,8.01154378288837,7.109106187045288,7.972002335746793,7.1005420659914895,0.04045825269922457,0.2,0.14002945364112476,107,15.913175022429108,tracking,0.20049438026249145,0.14112893347933364,16.03758220320298
99.207,8.009415308999,7.1209456398763145,7.969457603324239,7.112291363081501,0.04088416257711596,0.2,0.1394452596438077,107,15.925204280279692,tracking,0.2004987639240134,0.13978903654570143,16.04559624909125
99.247,8.007940355725555,7.128828501960321,7.967760697971648,7.120126153468304,0.04111126082349765,0.2,0.13853349546302543,107,15.93322394372614,tracking,0.2005015871340978,0.13912175970659502,16.05762036612564
99.307,8.005644758910242,7.140637112549368,7.965214857858903,7.13188056488036,0.04136730624660812,0.2,0.13790653833422364,107,15.945253617403438,tracking,0.2005053433195382,0.1377296896516878,16.065638068760418
99.367,8.003250396456934,7.1524263301976765,7.96266860433399,7.143636885059855,0.041522719055243296,0.2,0.13693136420637964,107,15.9572835228194,tracking,0.2005063417785858,0.13613426848666715,16.077666412301994
99.407,8.001600008022706,7.160274681746075,7.960970977741337,7.151475005487837,0.04157105247469871,0.2,0.13626224249474236,107,15.965303523069467,tracking,0.20050942893591248,0.13572749329444808,16.085686090964597
99.467,7.999044285040243,7.172030175795164,7.958424470823967,7.163232495606944,0.04156162272648788,0.2,0.13522196766465813,107,15.977333625325942,tracking,0.20050826806645206,0.13429226648344136,16.097716128149013
99.527,7.996393949723558,7.183764638239793,7.955878075602643,7.174989470013662,0.041455272682479706,0.2,0.134506611771175,107,15.989363666313206,tracking,0.20050666662632996,0.13347933807340648,16.10573610908883
99.567,7.994575138595569,7.191575700600153,7.954180616832567,7.182826815587169,0.04133110665627095,0.2,0.13339412834104758,107,15.997383689325439,tracking,0.20050446919337367,0.1326472624948999,16.117765351674652
99.627,7.991770459274563,7.203273924019433,7.951712551560582,7.191858096150585,0.04165281618754011,0.2,0.13196309930300845,108,16.009413429857183,tracking,0.2004968263268681,0.13133082982635325,16.123355977927293
99.687,7.988875053013511,7.214949616980556,7.948417623377167,7.203419932104296,0.042068245103945155,0.2,0.13073819947578275,108,16.021442776619953,tracking,0.2004908575569554,0.13037617346006827,16.135147026009626
99.727,7.98689486081316,7.222720701445972,7.94622060503152,7.211129224776446,0.04229370419779292,0.2,0.12994602238990569,108,16.029462185258932,tracking,0.20048762202052053,0.12977687742689364,16.14316213710483
99.787,7.9838504923196965,7.234357925363324,7.942924627106844,7.222694744250884,0.042555331476586106,0.2,0.12871934375180635,108,16.041491032253827,tracking,0.20048101827990858,0.12888310904564887,16.15518685347809
99.847,7.980718067419571,7.2459713171846305,7.93962831641817,7.234261431387423,0.042725742389580344,0.2,0.12744921066405646,108,16.05351945506607,tracking,0.2004739513490803,0.12790843017760392,16.16721336163318
99.887,7.978581031955439,7.253700106950592,7.937430664701901,7.241972946544201,0.0427887720821518,0.2,0.1270619953240011,108,16.061538252471003,tracking,0.20047215555084558,0.12765141842407945,16.18725949603405
99.947,7.975302502137443,7.265272773785305,7.934134113512707,7.253540477592167,0.04280751097553787,0.2,0.12667015347150826,108,16.07356636019561,tracking,0.20047063290522135,0.12762756566045785,16.19527823571217
100.007,7.971936539007531,7.276820219100842,7.930837642582707,7.265107727012254,0.04273525193869393,0.2,0.12634674540743862,108,16.08559437753461,tracking,0.20046861090707305,0.12759746862155105,16.207306035998958
100.047,7.969644023381613,7.284504117698609,7.928640144253615,7.27281870393655,0.04263645152136821,0.2,0.12609731697449997,108,16.093612976262307,tracking,0.20046600902112094,0.1273388522381356,16.21532402602348
100.107,7.9661322655736795,7.29600778352056,7.925344261223452,7.2843838904280735,0.04241198167381185,0.2,0.12567160607246203,108,16.105640726269883,tracking,0.20046360520039838,0.12707060999991165,16.227349681246057
100.167,7.962533005899541,7.307484169856349,7.922048995735079,7.295946909978023,0.04209588393770005,0.2,0.1253587453600116,108,16.117668282693785,tracking,0.20046005027283167,0.12634028555238452,16.23536557134768
100.207,7.960084891619036,7.315119583753069,7.919852589063939,7.303654056296774,0.041834154571784035,0.2,0.12484351927241816,108,16.125686562366173,tracking,0.20045844959235673,0.12609091121642851,16.247387090153268
100.267,7.956340067232733,7.3265489505367904,7.9165587827530235,7.315211955622712,0.0413651791793221,0.2,0.12447513231428772,108,16.137713787098466,tracking,0.2004546473154516,0.1250899115567634,16.255399564590086
100.327,7.952505988248579,7.337948486092221,7.91326613490728,7.326765789917934,0.040802190921237075,0.2,0.12387907410196583,108,16.149740822166855,tracking,0.200455810602598,0.12415854544341469,16.267413271121534
100.367,7.94989944306535,7.345534932449233,7.911532117382289,7.331893190969536,0.040720373164657486,0.2,0.1226969775770907,109,16.157762558021396,tracking,0.2005719698361285,0.12295465291191689,16.272823099199016
100.427,7.945920399595716,7.356888249145548,7.907501850618179,7.34322829490464,0.040774737956277125,0.2,0.12206668685720813,109,16.169792960630623,tracking,0.20042277108950077,0.12171140465311378,16.28485375828534
100.487,7.941854992717017,7.368211185637809,7.903471480685387,7.35456368900112,0.040737552213292366,0.2,0.12162958024939988,109,16.18182360582933,tracking,0.20039949695544146,0.120684550154185,16.292874197805173
100.527,7.939097844317555,7.375742889215859,7.900784647347816,7.36212039353713,0.040662924766413325,0.2,0.12094484162697074,109,16.18984410619304,tracking,0.20039310166472557,0.1198371964976636,16.304904706572074
100.587,7.934893467994978,7.387014776011862,7.896754794529632,7.373454333251512,0.04047769782921177,0.2,0.12046987093614883,109,16.20187457635026,tracking,0.20037578320560426,0.11911438828112171,16.312924602297322
100.647,7.930607747018362,7.398255855086133,7.892725536753531,7.384786599413187,0.040205505878325616,0.2,0.12033817629259627,109,16.213904923936404,tracking,0.2003690279390726,0.11890551090501683,16.324953115031295
100.687,7.9277059209641685,7.405732717601787,7.890039776637863,7.392340285518275,0.03997618873181335,0.2,0.12070723648927728,109,16.221925152581946,tracking,0.2003686146271641,0.11929213133909225,16.33297106296295
100.747,7.923286890715083,7.416921982346472,7.886011912585543,7.403668631839193,0.039561032522249476,0.2,0.12120231584812385,109,16.23395542580698,tracking,0.20037706576368589,0.12003026628488456,16.344996031712427
100.807,7.9187888833147255,7.428079554494011,7.881985188596772,7.414993771737417,0.039060845552100855,0.2,0.12148433968983796,109,16.245985533321097,tracking,0.20039147236602103,0.12069953413928175,16.365030824945134
100.847,7.915746322298045,7.435499966301436,7.8793014522857705,7.422541765902598,0.0386800143199044,0.2,0.12202170164853288,109,16.254005488990053,tracking,0.20040182806208165,0.12130134808448921,16.37304173353933
100.907,7.91111670690743,7.4466032460266565,7.8752770951725015,7.433860248976005,0.038037635877422,0.2,0.12222862000892387,109,16.266035291952758,tracking,0.20041946073555564,0.12193239233263933,16.385054373101813
100.967,7.906408328243942,7.4576730156041915,7.871254475839287,7.445173844552208,0.03730981929566319,0.2,0.12231879327108591,109,16.278064781889512,tracking,0.20042829956214966,0.12261028072772981,16.393059973259756
101.007,7.903226307606228,7.465033101431198,7.86857412970233,7.452712303870837,0.036777377367163355,0.2,0.1223904782620304,109,16.286083267951092,tracking,0.20039379159484164,0.12185506288570624,16.40506261440014
101.067,7.898388377535124,7.476040586056195,7.864556630912779,7.4640114979450995,0.03590662947566951,0.2,0.12240795279345577,109,16.298107006352375,tracking,0.20032473716991014,0.1228849729236911,16.413058505668012
101.127,7.893472334177233,7.487011226489095,7.861054322804311,7.472941624796789,0.035339512633241504,0.2,0.12155422691009835,110,16.31012875471959,tracking,0.20033665931135783,0.12235048267593404,16.422645764967395
101.167,7.890151111530827,7.494304983613857,7.857864112950055,7.480292242220011,0.03519669300837184,0.2,0.12151259012601716,110,16.318143080197256,tracking,0.20033446779984468,0.12236159876615475,16.43065929035369
101.227,7.88510275901776,7.505214734491312,7.853079534214055,7.49131647242001,0.03490914801926799,0.2,0.12140154879295866,110,16.330164250161296,tracking,0.20033313794574295,0.12225004890900311,16.442677792177072
101.287,7.879974605096518,7.516086870958548,7.848296043867571,7.502338194842996,0.03453342346866966,0.2,0.1212919946546724,110,16.342185120096627,tracking,0.20033110607279128,0.12208891089240102,16.45068876281649
101.327,7.8765115035320195,7.523313733097751,7.845107776485109,7.509684336583534,0.03423382131428833,0.2,0.12107581068647891,110,16.35019889628673,tracking,0.2003294790722552,0.12182345444760581,16.46270271032686
101.387,7.871250421849185,7.534121672735059,7.840326662008532,7.520700584723783,0.033710599610342125,0.2,0.1210697832456172,110,16.362219318062905,tracking,0.20032704667800497,0.12162087669510734,16.47071006060876
101.447,7.865909426215178,7.544890221180622,7.8355472669878194,7.531712871036186,0.03309838772170849,0.2,0.12177950274455923,110,16.37423962879046,tracking,0.2003286513877922,0.12204597367819953,16.482717700806898
101.487,7.862304301268572,7.552047101102051,7.832362046678407,7.539051991963274,0.03264064140716284,0.2,0.12221273955611722,110,16.382253233228564,tracking,0.20032989332709203,0.12230366705929697,16.490720341196806
101.547,7.856829909774182,7.562748649856191,7.827585976975103,7.550056616354615,0.03187938707005168,0.2,0.12279985724095828,110,16.394273720239127,tracking,0.20033331221842934,0.12259787114337888,16.50272025873482
101.607,7.8512754988397875,7.573409087020729,7.822812238320041,7.561055869737584,0.031028360843904788,0.2,0.12314855782297772,110,16.406294385834975,tracking,0.2003366013442096,0.12267506731403047,16.510717219227487
101.647,7.847527806892378,7.58049284623402,7.819631125137172,7.568385527363726,0.030410722174559306,0.2,0.12361113060831212,110,16.4143084259849,tracking,0.20034563334807207,0.12291371067181679,16.522707721957964
101.707,7.841838916714488,7.591083234388855,7.814861653730879,7.579374948505378,0.029408445664741746,0.2,0.12400097725581935,110,16.426330064505756,tracking,0.20035725779933483,0.12305114639798469,16.542677710496022
101.767,7.836069334981911,7.601630819204,7.810095024689717,7.590357820504617,0.028315107183823792,0.2,0.1244860919414935,110,16.438352527597882,tracking,0.20037046786097495,0.12317773062745152,16.55465035555748
101.807,7.832178577361657,7.608638566838184,7.806918995377151,7.597675764297711,0.027535967779858245,0.2,0.12462126483276381,110,16.446367920399485,tracking,0.20037684833630515,0.1234357567222851,16.562627790204857
101.867,7.826277170998444,7.619114030873491,7.802877638602333,7.606776000786101,0.02645307359824142,0.2,0.12405343565641086,111,16.458391311926786,tracking,0.20038088474759508,0.12368122694287731,16.572587877515797
101.927,7.820299135578611,7.62954582015464,7.797273302233942,7.617404832899656,0.026030608382097198,0.2,0.12413810439166643,111,16.470414586650715,tracking,0.20037705316246393,0.12340259623644198,16.580598807913503
101.967,7.816271475084129,7.636475901526479,7.793537960538386,7.624489047186428,0.025700143201373392,0.2,0.12420600343079222,111,16.478430076459773,tracking,0.20037644189304746,0.12359439719722957,16.59261240245694
102.027,7.8101675004138,7.646834233837021,7.787936533687138,7.63511236129264,0.02513201499181202,0.2,0.12420781722180489,111,16.49045311912923,tracking,0.20037224385246508,0.12401343968056047,16.600619311703543
102.087,7.803989698891908,7.6571480931436735,7.782337394890793,7.645731336017729,0.02447783919853889,0.2,0.12414513198507118,111,16.502475636562835,tracking,0.20036606268947238,0.1243515029040293,16.612625733080694
102.127,7.799829701446795,7.663998925645286,7.778605960536869,7.652808139885945,0.023993350414711043,0.2,0.12422884280348681,111,16.510490590381075,tracking,0.2003689514627438,0.12464518020687138,16.62062715345808
102.187,7.79352673570312,7.674236919053817,7.773010893715777,7.6634193919587,0.023193073640705403,0.2,0.12481845584298408,111,16.5225132309479,tracking,0.20037631436974873,0.12552766855114464,16.632624978903362
102.247,7.787147844800776,7.684428278223721,7.7674185501505395,7.674025479275564,0.02230388516271591,0.2,0.12515993461578823,111,16.534536294237846,tracking,0.20038308669030852,0.12615082450791965,16.64062040600929
102.287,7.7828530286208455,7.691196108824963,7.7636920316492315,7.68109296004668,0.02166142701167959,0.2,0.125599676368947,111,16.542551840199692,tracking,0.20038670961161661,0.1267173707490664,16.652608409268804
102.347,7.776347135520345,7.7013074521882094,7.75810507236554,7.691688835873575,0.020622576171565994,0.2,0.12584251090055182,111,16.554575396647127,tracking,0.20039091948837487,0.1271201245042313,16.660596601904437
102.387,7.771967349568635,7.708020915783759,7.7543824998841595,7.698748832871309,0.019879599089543235,0.2,0.1261381194097466,111,16.562591200938126,tracking,0.20039282302010808,0.12744638788885976,16.672572603122656
102.447,7.765333633436785,7.718049182208364,7.748802009258036,7.70933244064883,0.01868893205624933,0.2,0.1262894554774244,111,16.574615023841048,tracking,0.2003946428011771,0.12758813695884633,16.68055202207818
102.507,7.758622996540512,7.728026226086993,7.743225918314947,7.719907704264032,0.017406332596904533,0.2,0.12645369033320247,111,16.5866389188884,tracking,0.20039547276709194,0.1276384300075036,16.692513692290486
102.547,7.754106483843435,7.7346486820468545,7.739511149566964,7.726952901191484,0.016499964412561647,0.2,0.12652213083153893,111,16.594654891061705,tracking,0.2003958687944683,0.12758532069251957,16.7004827955738
102.607,7.747267288956663,7.7445383707452145,7.733943132484998,7.7375128524291386,0.01506290321587861,0.2,0.12656759815719323,111,16.606679055450538,tracking,0.200406303723562,0.12733144535469978,16.712427871793764
102.667,7.740349355413348,7.754374479868559,7.728174832303384,7.746459758396491,0.014521082223287275,0.2,0.1265614312615494,112,16.618704314166926,tracking,0.20042350952601373,0.12691069601340157,16.731032313394763
102.707,7.735694280693621,7.760901909674778,7.723809050168203,7.753175258832659,0.01417603039917513,0.2,0.126020535707867,112,16.626721611749115,tracking,0.20042724419276156,0.12616052434655328,16.739042182292568
102.767,7.7286478983290925,7.770647721076392,7.717262148148036,7.7632457850317795,0.013580278509440085,0.2,0.12592080734949998,112,16.638747930566733,tracking,0.20043522891862067,0.1256876274281804,16.75105373606337
102.827,7.7215259181908324,7.780339052327321,7.71071768345247,7.773312562107852,0.01289145077032961,0.2,0.12582409660500343,112,16.650774754856837,tracking,0.20044334307461062,0.12517649355474958,16.75905899808527
102.867,7.716736512527398,7.786769598564233,7.7063562673728345,7.780021346623021,0.012380969014214004,0.2,0.12582799691532015,112,16.658792880043812,tracking,0.200447199565547,0.12492701919513349,16.771062676619643
102.927,7.709491181232049,7.79636981903887,7.6998167926019985,7.790080448134747,0.011539063295383999,0.2,0.12609495888456393,112,16.670820309475783,tracking,0.20045235209202095,0.1248493350242961,16.77906197986494
102.987,7.70217339056879,7.805915252115339,7.693280827916634,7.800134150389299,0.01060654551158606,0.2,0.1264386696554393,112,16.682848000559638,tracking,0.20045531685530008,0.12525002961807957,16.791055694044616
103.027,7.697255251374958,7.8122483482507965,7.688925699661011,7.806833262895287,0.009935017924632776,0.2,0.12662418427979896,112,16.690866491676477,tracking,0.20045374284660675,0.12536730455359316,16.79904767991417
103.087,7.689819440210253,7.821701923535958,7.682396649896119,7.816876328533074,0.008853484239521769,0.2,0.12683740244480113,112,16.702894017330134,tracking,0.20044855619397642,0.12585724840208087,16.81102921111057
103.147,7.6823139285466,7.83109978776047,7.675872351909203,7.826912084926817,0.007683148091664573,0.2,0.12693441357500532,112,16.714921176484133,tracking,0.20044099737974047,0.12621642890320306,16.819012249210488
103.187,7.677271833902495,7.8373338242474295,7.67152566646726,7.833598210591686,0.006853703347733456,0.2,0.127012679309795,112,16.72293902715129,tracking,0.20043532016708,0.1264760575449652,16.83097925232997
103.247,7.669651351467798,7.846637623525158,7.6650101980228245,7.843620385273252,0.005535705191622333,0.2,0.1270199215406835,112,16.734965349678887,tracking,0.2004261027798045,0.1267930631645058,16.838951898037315
103.307,7.661962361037484,7.855884137985138,7.6585005547881515,7.853633599544637,0.004129046594565014,0.2,0.1269642450851157,112,16.746991097202265,tracking,0.20041634325641383,0.12703662377900363,16.850902300023197
103.347,7.656798376586257,7.86201630637797,7.654164209202117,7.860303820314412,0.003141885791295749,0.2,0.12688383671919404,112,16.75500796845049,tracking,0.2004109783123489,0.12713415080345022,16.85886320627171
103.407,7.648995502525195,7.871165768796228,7.646983286721195,7.869471957085669,0.0026302111232168633,0.2,0.1265896948550642,113,16.767032838768124,tracking,0.200402151645408,0.12707116787316552,16.870466478963767
103.467,7.641124512107415,7.880255972614544,7.639240579266913,7.878670144940989,0.002462529666366446,0.2,0.12645166295216886,113,16.77905715977246,tracking,0.20039419637014758,0.12707032642889382,16.878482773531925
103.507,7.635839428311146,7.886282829010902,7.6340795118815254,7.884801393942074,0.0023004251134091484,0.2,0.12618870294380372,113,16.787073088212505,tracking,0.20038784649639205,0.1268715246417769,16.890505925304414
103.567,7.627855224244835,7.895272601671946,7.626339332790719,7.893996578150109,0.0019814547506682005,0.2,0.12597741222034306,113,16.799096545580074,tracking,0.20038110576500584,0.12666190819713696,16.89852021447251
103.607,7.622494745447298,7.901231823868565,7.621180319539307,7.900125386879455,0.0017181147454315578,0.2,0.1256079578190943,113,16.80711197208947,tracking,0.2003762672323045,0.1262606422569443,16.922555504743894
103.667,7.614397466302256,7.910119145838939,7.6134437212477595,7.909316317166695,0.0012466609426596575,0.2,0.12552469145963013,113,16.81913488443872,tracking,0.20037385207201616,0.12595046476335958,16.930564204795026
103.727,7.606232294768931,7.918944098180001,7.605709694821364,7.918504192127495,0.0006831017788212549,0.2,0.12557239644391488,113,16.83115777136286,tracking,0.20037442591939028,0.12579409847824854,16.942573876358374
103.767,7.600751260501317,7.924792491352013,7.60055528791983,7.924627528601591,0.00025616003146783985,0.2,0.12556854588546837,113,16.839173096642423,tracking,0.20037588556719788,0.12567244869287006,16.95057782289003
103.827,7.592473530902532,7.9335123270443475,7.592826370150165,7.933809334576242,0.00046120386888324555,0.2,0.1255115639025886,113,16.851196255204627,tracking,0.2003809257816438,0.12537547563718218,16.962579561549337
103.887,7.584128630215881,7.942168337575481,7.585101040480044,7.942986877957498,0.0012710586449265046,0.2,0.1254409740455647,113,16.8632197274895,tracking,0.20038569820694793,0.12492566085197357,16.970577678145908
103.927,7.578528334621371,7.947903155658246,7.5799531295390965,7.94910249735509,0.001862380482975201,0.2,0.12528738952456614,113,16.871235427657812,tracking,0.20038367507712115,0.12464202026606337,16.982569587852744
103.987,7.570073169009641,7.956450573181255,7.57223557223113,7.958270807319277,0.00282652436917301,0.2,0.12515554859758188,113,16.883258246455185,tracking,0.20036293608730937,0.12392115772453538,16.990560009608274
104.047,7.561553620913869,7.964931603452563,7.564524021768629,7.967431981266335,0.003882675681739068,0.2,0.12491477049450632,113,16.89527950155684,tracking,0.20035249771626196,0.12331323334684222,17.002537770378595
104.087,7.555838431693416,7.970549953812141,7.559385843258111,7.973536038723365,0.0046368989536513415,0.2,0.12472518892325198,113,16.903293816785762,tracking,0.2003576131998195,0.12309457980355269,17.01051827456053
104.147,7.547213257978261,7.978924230710888,7.550337038583857,7.982474558854206,0.0047289359476667655,0.2,0.12463111307297713,114,16.915315552733347,tracking,0.20036030889119202,0.12296685141336196,17.023257246715573
104.207,7.538526482526932,7.987234589982785,7.54131935733849,7.990408827644187,0.004227994139553347,0.2,0.12437887755830904,114,16.927337288837997,tracking,0.20035589936936307,0.12286158800186854,17.031263549110147
104.247,7.532701746143788,7.992739416024461,7.535306220483265,7.995699527413024,0.00394278404400865,0.2,0.12394738367819412,114,16.935351692351812,tracking,0.20035715332598325,0.12265263603693091,17.043275946272857
104.307,7.523915000636443,8.000944923397087,7.526284190450936,8.003637622513086,0.0035865985148048497,0.2,0.1236264990412869,114,16.947374056838594,tracking,0.20037565253482628,0.12278716977324419,17.05128602915948
104.367,7.515069558129144,8.009088301714266,7.5172598875961185,8.01157771737163,0.0033158307388981424,0.2,0.1230882613043406,114,16.95939722046414,tracking,0.20037552828829786,0.12269948814071785,17.06330436105927
104.407,7.509140368317201,8.014481856202439,7.511243058609419,8.016871665687704,0.0031831581551742087,0.2,0.12292906161482814,114,16.967412563366533,tracking,0.20037175911197,0.12278012188302655,17.07131799614657
104.467,7.500198324566608,8.022518497869761,7.5022172405098,8.024813093744795,0.0030563363387227215,0.2,0.12282544876653448,114,16.97943536485897,tracking,0.20036883002850953,0.12301929481530326,17.083339535915844
104.527,7.491198667545233,8.030490263728739,7.4931911226352375,8.032754785560929,0.0030162785703827374,0.2,0.12271676448844399,114,16.99145796347211,tracking,0.20036588401956176,0.12325405785207526,17.103376905420532
104.567,7.485167274935134,8.035768478282609,7.487173887727163,8.038049091029714,0.0030377112106641986,0.2,0.12230444808516594,114,16.999472777611807,tracking,0.20035916875410748,0.12327292135473605,17.111391690903364
104.627,7.476073300785989,8.043630736468284,7.478148916290617,8.045989774144484,0.003142170982104754,0.2,0.12196301476783102,114,17.011494236325436,tracking,0.20034497481816685,0.12340723103558587,17.12341269575985
104.687,7.466923586642358,8.051426194503874,7.469125655295507,8.053928952315607,0.0033336021084362636,0.2,0.12169876506670126,114,17.023514487358373,tracking,0.20032893257003329,0.12321102984908257,17.131425435977174
104.727,7.460792669500463,8.056585557447683,7.463111265625509,8.059220754382126,0.003510007247055104,0.2,0.12124793046517075,114,17.0315274250835,tracking,0.2003205468592445,0.12316786334743396,17.143442418063835
104.787,7.451548831871093,8.064267557815528,7.454091219143653,8.06715710424168,0.003848793524282929,0.2,0.12091593179805721,114,17.04354664568093,tracking,0.20032079442111483,0.12257476554081187,17.151452342012636
104.847,7.442248176569613,8.071880466068714,7.445073412328018,8.075091483515523,0.004276983765959041,0.2,0.12037142524580743,114,17.055565737206848,tracking,0.2003132064390106,0.12181663650023848,17.163464844792358
104.887,7.436016075678333,8.07691718454989,7.438178972985417,8.080040357034017,0.0037989908037002265,0.2,0.12012432562201966,115,17.063578702611597,tracking,0.20033511733924309,0.12148568660343477,17.171966168122353
104.947,7.426619910659429,8.08441415127118,7.428319519134724,8.086868345655,0.002985253597748852,0.2,0.11949193630511866,115,17.075599202895802,tracking,0.20033888719648799,0.12044283990958485,17.18395664414824
104.987,7.420324319732043,8.089373378406847,7.421743410659045,8.091422512094873,0.002492542463128458,0.2,0.11905002638041587,115,17.08361346511438,tracking,0.20036478158674384,0.11992848140181471,17.19195422304719
105.047,7.410833436339667,8.096755728884022,7.411873587158835,8.09825768203137,0.0018269583967479104,0.2,0.1183574917763657,115,17.095637439754054,tracking,0.20041087396330703,0.11895409449506998,17.203955998404897
105.107,7.401287032299715,8.104069755430475,7.401998218831786,8.105096691938636,0.0012491536635635323,0.2,0.11787305835454555,115,17.107663611814033,tracking,0.2003445952945176,0.11759179656490927,17.211963337512895
105.147,7.394893134205065,8.10890697197046,7.395412776142857,8.109657322621134,0.000912717832890912,0.2,0.11749954198941537,115,17.11568112992748,tracking,0.20032932902841913,0.11696342615181857,17.2239770038403
105.207,7.385259035955216,8.11610532439744,7.385532280645533,8.116499883258573,0.0004799368246813598,0.2,0.1173379813217196,115,17.127707439700256,tracking,0.2003142040647524,0.11642892814330298,17.231988268640023
105.267,7.375574117698182,8.1232352520654,7.375649464479781,8.123344051033474,0.000132341803490267,0.2,0.11705775188269266,115,17.139733806990332,tracking,0.2003076997622388,0.11601407372790636,17.244007826221424
105.307,7.369089880513119,8.127950800732497,7.369059912453477,8.127907527564155,5.263698031921489e-05,0.2,0.11684358812827152,115,17.14775139584883,tracking,0.20030714449128198,0.11579853462489433,17.25202232757168
105.367,7.359322934526846,8.134967848863504,7.3591744908399095,8.134753499695393,0.00026073184320512806,0.2,0.11647755353434305,115,17.15977770859928,tracking,0.20031128287926467,0.11555561985297741,17.264045809504154
105.427,7.349508092725872,8.141917627835122,7.349288184014467,8.141600084864299,0.0003862555885298241,0.2,0.11620350844932273,115,17.17180395270675,tracking,0.20031999011198934,0.11550190189729168,17.27206229451785
105.467,7.342938737098253,8.146513600126793,7.342697072134922,8.146164641643475,0.00042446905373814573,0.2,0.11574390900629611,115,17.179821395857026,tracking,0.20032965332038727,0.11528433815549305,17.284087883531356
105.527,7.3330460235087696,8.15335161959797,7.332810444450555,8.153011449017498,0.00041377955059181576,0.2,0.11540576516483957,115,17.19184737991039,tracking,0.20034406675817276,0.11528772241771448,17.30413121491546
105.587,7.323107521273662,8.16012260524913,7.322924245549991,8.159857959444958,0.0003219120882367746,0.2,0.11423376109469988,115,17.203873188547043,tracking,0.20036019683599457,0.11512874876727679,17.3161566726504
105.627,7.3164568800627094,8.164599287498838,7.316080993280765,8.163937483745876,0.0007611012286649997,0.2,0.11378376574738956,116,17.21189015259097,tracking,0.20037020433465505,0.11480606297170795,17.324129356488307
105.687,7.30644359585343,8.1712580213206,7.305650527617827,8.169861708494802,0.0016058165318035714,0.2,0.1130698697667218,116,17.223915317735987,tracking,0.20038100295358222,0.11470539254283657,17.336124816163597
105.747,7.296386433145488,8.177849193024652,7.295215899657327,8.175788297317109,0.00237011387158504,0.2,0.11256789140619572,116,17.235939878691227,tracking,0.20039250652042673,0.11403427811174914,17.344124414646416
105.787,7.289657421398383,8.182205461530518,7.288257408485882,8.179740533674066,0.0028347672731082675,0.2,0.11177025407532902,116,17.243955904788233,tracking,0.20038807192411903,0.11401884676626771,17.356127610469905
105.847,7.2795279703952005,8.188683075536453,7.27781689015305,8.185670468069876,0.0034646210965634428,0.2,0.11121550666785945,116,17.255979434254897,tracking,0.20039208422417032,0.11307614982037331,17.364131824599276
105.907,7.269355100304449,8.195091811402172,7.267373122030204,8.191602248259255,0.004013139520124782,0.2,0.11086652068706057,116,17.2680027108998,tracking,0.20038991390154418,0.11254647456540433,17.376141341396547
105.947,7.262548771360415,8.199325806191842,7.260408681180838,8.195557863873699,0.004333286892138486,0.2,0.110633590540695,116,17.276018496923225,tracking,0.2003961520110406,0.11225169005365689,17.38414984952267
106.007,7.2523029710156095,8.205618829785463,7.2499594625648855,8.201492739796977,0.00474517127738231,0.2,0.11024450393561935,116,17.288042579867696,tracking,0.20039498462299374,0.1115987055482057,17.39616577640914
106.067,7.242013996241933,8.211842006826956,7.239507595016759,8.207429120242686,0.0050749990253378665,0.2,0.1099623752810062,116,17.300067176924692,tracking,0.20038900454163122,0.1109553533656804,17.404178184235526
106.107,7.235130953279623,8.21595188591949,7.232538451565301,8.211387406808994,0.005249336595124643,0.2,0.1095045661239044,116,17.3080838711671,tracking,0.20038332009566473,0.11028627949309387,17.416199144098176
106.167,7.224771584371696,8.22205824823695,7.222083524495183,8.217325524981138,0.005442824204015807,0.2,0.10918007110951755,116,17.320109019187917,tracking,0.2003650260564562,0.10949629052775224,17.424214354782404
106.227,7.214371023084483,8.228094561446907,7.21162753408631,8.223264247101174,0.005555057926042899,0.2,0.10866265281267609,116,17.332134357114885,tracking,0.20034707105724292,0.10852741899464259,17.436238426270382
106.267,7.207414812492535,8.232079980814467,7.204656517161385,8.227223597750164,0.0055850380125013,0.2,0.10830100437011385,116,17.34015136611668,tracking,0.20033620052706427,0.10786120912131292,17.444255082242215
106.327,7.196947417064287,8.238000333916679,7.194199791900958,8.233162737246174,0.0055634328956714295,0.2,0.10773031665818553,116,17.352177044804645,tracking,0.20032073411240378,0.10688658139334471,17.45628057526306
106.367,7.189947604444225,8.241908958717223,7.187436241146163,8.236628235991551,0.0058474762180177504,0.2,0.10733421114904565,116,17.360194196702132,tracking,0.20031208436542386,0.10627604957750515,17.464297694467916
106.427,7.179416435214327,8.247715215308896,7.176595593785575,8.241783743167918,0.006568067305178168,0.2,0.10660797215906068,117,17.3722199249943,tracking,0.20030300485528366,0.10536877490429258,17.475903115322446
106.487,7.168848482176907,8.253454156120263,7.165751056002071,8.246941100520074,0.007212069200979572,0.2,0.10617462043464308,117,17.384245608884935,tracking,0.20029814398474652,0.10485656307222248,17.495914773544836
106.527,7.161783337292938,8.257243301815837,7.1585194600417585,8.25038024429349,0.007599635074515848,0.2,0.10502051477560323,117,17.392262709192014,tracking,0.2002998946694927,0.10428712983989202,17.503922500439995
106.587,7.151156597778402,8.26287205314015,7.147669716241605,8.255540077480834,0.008118879843947348,0.2,0.10435756616858288,117,17.40428811705124,tracking,0.20030426499391837,0.10399713661018298,17.515936692841073
106.647,7.14049589303149,8.268435545715178,7.136817582879815,8.260701047076525,0.008564603596386815,0.2,0.10423962410058049,117,17.416313218935766,tracking,0.20031607036070154,0.10363079526767387,17.523947667129875
106.687,7.13337012794578,8.27210827068887,7.12958170220804,8.26414222853828,0.008820997512489952,0.2,0.10401707831052644,117,17.424329791569324,tracking,0.20032176956360123,0.1037792469752147,17.535966002726678
106.747,7.12265398309068,8.27756314007641,7.118726484463467,8.269304664979728,0.009144815820412483,0.2,0.1038350843844123,117,17.436354406348627,tracking,0.20034151327186478,0.10394256825570855,17.543979315207626
106.807,7.11190513917216,8.282952780426895,7.107869898255523,8.27446775222389,0.009395683735688696,0.2,0.1035100137382597,117,17.448378792765084,tracking,0.20035726409484805,0.10396146737275748,17.556000632614907
106.847,7.104721191781231,8.286509461873559,7.100631574799412,8.277910095405213,0.009522293353750998,0.2,0.10326068594272325,117,17.45639496909976,tracking,0.20038060782443953,0.10413350728250927,17.56401554619356
106.907,7.093918405371328,8.291789530450098,7.089773493498953,8.28307389367335,0.009651042371368343,0.2,0.1028376478698027,117,17.468419083137434,tracking,0.20038158710695406,0.10391079684940263,17.576038734317425
106.967,7.083083800418734,8.297003197126552,7.078915216739707,8.288237784896195,0.009706159974837567,0.2,0.10252594736992654,117,17.48044285062903,tracking,0.20038428137889439,0.10379345014180699,17.584054489512173
107.007,7.075843199651279,8.300441766515092,7.0716764996986035,8.291680315255478,0.00970177389296554,0.2,0.1020143698781557,117,17.488458464074892,tracking,0.20038790079545526,0.10349114658309383,17.596078110597567
107.067,7.064956340138211,8.305543609286929,7.060818977929661,8.296843847426153,0.00963346368026278,0.2,0.10164717684998835,117,17.50048146327334,tracking,0.20038076039350725,0.10310897014926622,17.604093557410263
107.127,7.05403836439892,8.310577777780802,7.050353009137232,8.301341832383843,0.009944070131513947,0.2,0.10105873224489705,117,17.5125041521019,tracking,0.20037402286753056,0.1024602909421001,17.616116113010154
107.167,7.046742543502619,8.313896169579158,7.042917026174096,8.304308961114167,0.010322264721562922,0.2,0.10049844195718748,118,17.520519183398054,tracking,0.20036805189708115,0.10180201932822815,17.62350596115429
107.227,7.035773206718148,8.318817079221805,7.031760472762297,8.308760683277013,0.010827425049330616,0.2,0.09985111631686087,118,17.532541733094448,tracking,0.2003563470539504,0.10084607641993168,17.635515700783397
107.287,7.02477335796031,8.323669934747723,7.02060102359932,8.313213560911377,0.011258069453744137,0.2,0.09940559320516186,118,17.54456449814458,tracking,0.20033996028353965,0.09997590669761591,17.643523996957743
107.327,7.017423574164442,8.326867553325325,7.013160061769773,8.316182676324246,0.01150409207489607,0.2,0.09871463907730305,118,17.552579739027664,tracking,0.20032752023184147,0.09904692867848758,17.65553904688888
107.387,7.00637462815842,8.33160758913887,7.0019970933588676,8.320636958219714,0.011811754894410064,0.2,0.09822421223440017,118,17.564602515219445,tracking,0.20030394315278666,0.0980688610489576,17.675569350131443
107.447,6.995297011571374,8.336280237629472,6.990832588151119,8.32509185333257,0.012046203536820002,0.2,0.09812146095050614,118,17.576625294979813,tracking,0.20028206239922972,0.09757064772613373,17.687589843756932
107.487,6.987896360839338,8.339358234004136,6.9833889219863865,8.328062047837562,0.012162270631875574,0.2,0.0980499808694185,118,17.584640511317506,tracking,0.20027041567182574,0.09725970757387792,17.695604219675833
107.547,6.9767725672738585,8.34391998565354,6.972222754814827,8.332517606112315,0.012276605907762765,0.2,0.09790692921306601,118,17.596663337998375,tracking,0.20025657500851815,0.09691648928222037,17.70762650268876
107.607,6.965622088415112,8.348416049303612,6.961056178517709,8.336973327637606,0.012320041084220551,0.2,0.09778760616978872,118,17.608686139964842,tracking,0.20025017258632982,0.09656762327997631,17.71564163057983
107.647,6.95817401128083,8.35137721928045,6.953611813628784,8.339943800949667,0.012310024457448892,0.2,0.09756913274238277,118,17.616701274438444,tracking,0.20024561837133184,0.09651840333616085,17.727664354409757
107.707,6.94698079708495,8.355765204579834,6.942445574125428,8.344399388086478,0.012237239552007569,0.2,0.09739724179063285,118,17.628723855651415,tracking,0.20025051149723616,0.0963109283560536,17.73567932416712
107.767,6.935762910956862,8.360089054086883,6.93128012802526,8.348854658637112,0.01209574238869591,0.2,0.09709576529066151,118,17.640746195013715,tracking,0.20025658743555708,0.09622911669124745,17.747701179466983
107.807,6.928270879530003,8.36293618316071,6.923837100810919,8.351824598186159,0.011963515970501678,0.2,0.09686655604966414,118,17.64876097379195,tracking,0.20026774686814108,0.09627500360799585,17.75571514119115
107.867,6.917013105729203,8.367153935843685,6.913233107085936,8.355740868791887,0.012022748823457163,0.2,0.09630879596816252,119,17.66078290827209,tracking,0.2002788856702878,0.09608561909280822,17.767026394045605
107.907,6.909495047856163,8.369930517188982,6.905629508537736,8.35825917452563,0.012294821421545003,0.2,0.09602434870370381,119,17.668797307697464,tracking,0.20028955994482406,0.09613726189744361,17.775035728509142
107.967,6.898199178922149,8.37404246069264,6.89422298225637,8.362037006870981,0.012646780672920566,0.2,0.09555312760045495,119,17.680818319899092,tracking,0.2002873901467348,0.09611035048229967,17.787051186146773
108.027,6.88688213236925,8.378090759561829,6.882816367151284,8.36581486863468,0.012931664427400591,0.2,0.0952101713793577,119,17.69283764876616,tracking,0.20027115838168882,0.0963160339676656,17.795061942967664
108.067,6.879325693337745,8.380754149226835,6.875211964628547,8.368333440644143,0.01308421818791757,0.2,0.09464732902558957,119,17.70084972810579,tracking,0.2002851161411625,0.09606423548073434,17.8070777509022
108.127,6.867972438329525,8.384695652636825,6.863804594463225,8.372111552483183,0.013256338075454562,0.2,0.094384705379132,119,17.712867708319315,tracking,0.20029443464282567,0.09598647013205608,17.815088632523743
108.187,6.856596774238687,8.388572130222162,6.8523964379707145,8.375889924753157,0.013359684140057792,0.2,0.0945443096677079,119,17.724885728621228,tracking,0.20029945002244146,0.09622581322436603,17.827105689102513
108.227,6.849000658563088,8.39112007942138,6.844790735219321,8.37840892739731,0.013390177009264679,0.2,0.09461922536722323,119,17.73289778319411,tracking,0.200302186128714,0.09633899921399891,17.8351174836861
108.287,6.837588168499385,8.394886995029928,6.8333820928859765,8.382187460577377,0.013377938831421118,0.2,0.0946827056518721,119,17.744915877163457,tracking,0.20030092736871807,0.09637030796733645,17.847135513267435
108.347,6.826153933637518,8.398587301471625,6.82197373541019,8.38596589941285,0.013295632634403,0.2,0.09469377902708544,119,17.756933946668948,tracking,0.20029274698249755,0.09623303926928925,17.867165355634622
108.387,6.818519175432736,8.401016891815276,6.814368535346287,8.388484735567308,0.013201619345773869,0.2,0.09462282442275274,119,17.764945965271238,tracking,0.2002837212799152,0.09604734768601501,17.875176822640423
108.447,6.807049274332874,8.40460504949786,6.802961509176631,8.39226273347526,0.013001637926597125,0.2,0.09451926228062722,119,17.776964014480477,tracking,0.20027742038563717,0.09562899112780353,17.887193207880074
108.507,6.795556819775748,8.408125599396508,6.791554337188697,8.39604077967811,0.012730386266167392,0.2,0.09443036179256889,119,17.78898361444622,tracking,0.20029161408570317,0.09487732360325281,17.895204190114328
108.547,6.787882854664612,8.410435035613302,6.783949667040751,8.398559440324828,0.012509985145479727,0.2,0.09427051189460267,119,17.796997554561194,tracking,0.20028398118929447,0.09442819929903506,17.907220655509487
108.607,6.77635459345716,8.41384303178536,6.773172461481677,8.401943805841102,0.012317367493986313,0.2,0.09414617518625136,119,17.809019003907093,tracking,0.2002712641437569,0.09374186389448526,17.915230962573645
108.667,6.7648065318229635,8.417184162294488,6.761561280304732,8.405048907893065,0.012561690045684467,0.2,0.09375674097351691,120,17.82104068767378,tracking,0.20025461018285973,0.09293782831857694,17.92653318792687
108.707,6.7570972529459565,8.419374833907668,6.75381979883631,8.407119161524157,0.012686339543492312,0.2,0.0935992688181743,120,17.829055175986845,tracking,0.20024574909178602,0.09263065682992261,17.934546435087046
108.767,6.745517913681145,8.422606242065266,6.742206811524112,8.410224746579027,0.012816584099129032,0.2,0.0933338758670214,120,17.84107695191599,tracking,0.2002354289402665,0.0920953774408164,17.946567231143966
108.827,6.733920687171779,8.42577300946616,6.730593263519205,8.413330481576274,0.012879761195546801,0.2,0.09313598713658038,120,17.853098768687214,tracking,0.20023232431101615,0.09183505267031036,17.954581496136292
108.867,6.726179578063803,8.427848614882954,6.72285079388709,8.415400999465504,0.012885027500004908,0.2,0.0931515924306548,120,17.861113312221804,tracking,0.20023413502980347,0.09188617300651232,17.966603248289843
108.927,6.7145538109027525,8.430908980831418,6.711237165240407,8.41850675602825,0.01283804184904649,0.2,0.09355800404706108,120,17.873135138281995,tracking,0.2002429354071091,0.0924475375243304,17.97461779385012
108.967,6.70679404541207,8.432913947371464,6.703494914092293,8.420577215489736,0.012770247491211,0.2,0.09411437905978731,120,17.881149740661222,tracking,0.20024991211284113,0.09312320134172161,17.98663946026333
109.027,6.695140849952038,8.435868380344315,6.691882125995554,8.423682747269723,0.012613839037072038,0.2,0.09444178503711124,120,17.89317162232013,tracking,0.20002239841643946,0.09314216910331553,17.994653688451987
109.087,6.683479931269326,8.438753698387838,6.680279379500395,8.42678559369004,0.012388666662844286,0.2,0.09487647107408825,120,17.905184202589876,tracking,0.2001949685560588,0.09447923667160839,18.006670933534952
109.127,6.67569644358374,8.440641825948866,6.67254414951866,8.428854175527034,0.012201871181915198,0.2,0.09512825979292684,120,17.913193428909462,tracking,0.20020658834552646,0.09503690951952791,18.014677906634613
109.187,6.664007414052436,8.443419815328818,6.660941954907542,8.43195687436062,0.011865751363036118,0.2,0.09543812504058581,120,17.925208029875737,tracking,0.20021312736346683,0.0957215735411527,18.026688418988268
109.247,6.652302703458869,8.446132059965585,6.649341534067967,8.435059098846112,0.011462067532297948,0.2,0.0956020776125621,120,17.937222875736122,tracking,0.20021240646738211,0.09619906434630833,18.034694852796758
109.287,6.644491128389725,8.447903299906438,6.641609263545908,8.43712688925421,0.011155096213097286,0.2,0.09578842650403914,120,17.945232744398524,tracking,0.2002107214154728,0.09653009394817604,18.058708405213864
109.347,6.632761319226644,8.450504178459369,6.630616255756523,8.439993866989925,0.010726972754490034,0.2,0.09577256255784111,121,17.95724744340638,tracking,0.2002087793591198,0.09679556904040222,18.06606950401718
109.407,6.621016813862862,8.453037481093558,6.618845035136216,8.442396271088487,0.010860569654006585,0.2,0.09579702627655863,121,17.969262060690184,tracking,0.2002078855733771,0.09674448552978894,18.078083378510645
109.447,6.6131788537078995,8.454688449613581,6.610997022039867,8.443997982536805,0.010910842119069281,0.2,0.09578412024014354,121,17.97727201177898,tracking,0.20021411385842075,0.09671637469402448,18.086093171836577
109.507,6.601409679728376,8.45710772866093,6.599224459907913,8.446400660426267,0.010927785495948432,0.2,0.09572267842447145,121,17.989287267384633,tracking,0.20022173187261277,0.09656804195495128,18.09810841549583
109.567,6.589625583784773,8.459458047015508,6.587451083988453,8.448803504402704,0.010874177102302365,0.2,0.09565605031856902,121,18.00130346119032,tracking,0.2002342559987107,0.09622998955330207,18.106119077206763
109.607,6.581761522496552,8.460986484785545,6.57960202095612,8.450405430133857,0.010799174248299381,0.2,0.0961956218785298,121,18.009314677200503,tracking,0.20024133498021046,0.09602969233289278,18.118135354623607
109.667,6.569953541506699,8.463221057677453,6.56782839312887,8.45280832552249,0.010627381924010604,0.2,0.09690817825028718,121,18.02133223648124,tracking,0.2002602309781062,0.09669666924462145,18.126146255350193
109.727,6.558131537178887,8.465385416020421,6.556055059874571,8.455211160791338,0.010383988995654231,0.2,0.09792351794644684,121,18.033350731951288,tracking,0.20027734136249195,0.0975408244450285,18.138162431791027
109.767,6.550242554222607,8.466789174922246,6.548206500088637,8.456812983814263,0.0101818419482652,0.2,0.09855640898440875,121,18.041363633494356,tracking,0.20028892295887285,0.09784319711250435,18.146172945884405
109.827,6.538398099927155,8.468835805084614,6.536434681094048,8.459215510035829,0.009818609389312023,0.2,0.09944767811530526,121,18.053383608227215,tracking,0.20030203323352008,0.09864084655726615,18.15818788458744
109.887,6.526540794906095,8.470811367127292,6.524664449635028,8.461617712255146,0.009383174382072562,0.2,0.09999816762609211,121,18.065404362269575,tracking,0.20031432569030716,0.09907780084798733,18.166197058569228
109.927,6.518629118314911,8.472088895938944,6.516818835966052,8.463218934001135,0.009052808788478925,0.2,0.10076529753005171,121,18.073418518890712,tracking,0.20032135112945937,0.0997247300490463,18.178209221580946
109.987,6.506751735514495,8.473945791334065,6.505052579970795,8.465620324862757,0.0084970890030983,0.2,0.101232751589802,121,18.08544017779022,tracking,0.20032944856426046,0.10023756058973736,18.186216026880267
110.047,6.4948631711825415,8.475731455485233,6.493289545918991,8.468021058153646,0.007869340727217056,0.2,0.10187349483297711,121,18.09746209770077,tracking,0.20033235454513756,0.10098421279968178,18.19822380026782
110.087,6.486931630481239,8.476882307228507,6.485449682322225,8.469621106359737,0.007410884454816006,0.2,0.10225584378911352,121,18.105476696732,tracking,0.20033057327974804,0.10150634679062223,18.20622708918234
110.147,6.475025978754313,8.478549095120874,6.47401512605576,8.47119600295325,0.007422249497541591,0.2,0.10261227832339315,122,18.117498457207116,tracking,0.20033026030462017,0.10213370966625843,18.217756657708808
110.207,6.463110555346374,8.480144234633704,6.462105492367017,8.472833257740566,0.007379738120317228,0.2,0.10291492323678739,122,18.129520178592003,tracking,0.20032785150328508,0.10275105556870753,18.237792808557764
110.247,6.455161784524043,8.48116763319215,6.454166077656655,8.473924714042479,0.00731104027990852,0.2,0.1035231913308666,122,18.13753455955346,tracking,0.20032571707414104,0.10334912084274486,18.24580689508101
110.307,6.443231285237648,8.482642437685818,6.44225788371332,8.47556177090347,0.0071472618960143714,0.2,0.10378500386175823,122,18.14955586819758,tracking,0.2003183813254785,0.10390491965974305,18.257827088014494
110.367,6.431292182079483,8.484044059388944,6.430351119545387,8.47719863120874,0.006909810826890704,0.2,0.10435324873196267,122,18.161576963306594,tracking,0.2003338832906763,0.10468783401038495,18.265839664838538
110.407,6.423327655398822,8.484937561401884,6.422413767285234,8.478289803979138,0.006710280935685963,0.2,0.10555087037498984,122,18.1695914521296,tracking,0.20033770715561772,0.10516821530752576,18.277857842400522
110.467,6.4113742668320075,8.486214638607628,6.410509786627101,8.479926281626565,0.006347500259626598,0.2,0.10629502028303821,122,18.18161286737152,tracking,0.20033364233405584,0.10663948066814356,18.285868646275745
110.527,6.399412676860596,8.487416567542846,6.398607895935392,8.481562471959736,0.005909154544752316,0.2,0.10733480477937683,122,18.193634692017117,tracking,0.20034843424690352,0.10830828992741018,18.29788333144009
110.567,6.391433950465863,8.488175268516184,6.390674795136112,8.48265306026844,0.005574145741379115,0.2,0.10797335854949418,122,18.201649409856753,tracking,0.20034393671440176,0.10863911697512903,18.305891659234963
110.627,6.379459923776218,8.489248373415442,6.378778079763756,8.48428853913419,0.005006482533158986,0.2,0.10885902289291828,122,18.213671425881078,tracking,0.20035520334830403,0.10988543976600278,18.31790151181023
110.687,6.367478927161784,8.490242335639602,6.366885201933786,8.485923490440921,0.004359464817672708,0.2,0.10940017170207857,122,18.225693582126034,tracking,0.20035779198021045,0.11038000161932794,18.32590600279911
110.727,6.359488045039459,8.490860568842916,6.35895912324301,8.487013113398293,0.0038836415469397784,0.2,0.11014723328950855,122,18.233708344092964,tracking,0.20035749157901683,0.11088338452807121,18.337909265115464
110.787,6.347496559816214,8.491720516499761,6.3470740330309985,8.4886469941167,0.0031024294872578004,0.2,0.11060119991104586,122,18.245730624568473,tracking,0.2003605011640167,0.1111824174968371,18.345908836698108
110.847,6.335499448124571,8.492499163974307,6.335347740241378,8.490105193520012,0.0023987725648458437,0.2,0.11122178863321758,122,18.257752977950044,tracking,0.20036280753153496,0.11147492081079474,18.35790392704805
110.887,6.3274984491721975,8.49297287991148,6.327348843978592,8.490612090176874,0.00236552528732526,0.2,0.11153491451916951,123,18.265767988307182,tracking,0.20036480555310202,0.11156169987817252,18.36572738080187
110.947,6.3154929512836855,8.493615208846,6.3153508235635485,8.491372414631343,0.00224729307793449,0.2,0.11205379565347917,123,18.277790657146138,tracking,0.20036915058870242,0.11171117235417684,18.377749744778733
111.007,6.303483150197456,8.494175632632892,6.303353686798964,8.492132683088151,0.0020470475358199108,0.2,0.11236339657301199,123,18.28981352689307,tracking,0.20037113630113187,0.11171198153148056,18.385764409672564
111.047,6.295474542198018,8.494503802236263,6.295356398423339,8.492639477851878,0.00186806406788138,0.2,0.11277481835375928,123,18.2978288557932,tracking,0.20037346260732772,0.11194011942539371,18.397785611720387
111.107,6.283458947680498,8.494928151695666,6.28336208005161,8.493399567704806,0.0015316502063587396,0.2,0.11312088664230811,123,18.309851941257136,tracking,0.20037499967758582,0.11213424484320311,18.409805300714446
111.167,6.271440625813363,8.4952711902467,6.2713701773685555,8.494159504473549,0.0011139157246417466,0.2,0.11379177026036198,123,18.32187515779638,tracking,0.20037642582553045,0.11276972448488035,18.429833277476465
111.207,6.263427124586846,8.49545464194034,6.263377149549408,8.494666029242296,0.0007901945911497148,0.2,0.11538177114472098,123,18.329890758611747,tracking,0.20037904173530766,0.11377721864702782,18.43784233866109
111.267,6.251405653145832,8.495662195478092,6.251390661345769,8.49542562289101,0.00023704713250176737,0.2,0.11621591125779275,123,18.341914021649632,tracking,0.20037510512413517,0.11459100511903192,18.449852870787815
111.307,6.243390723358689,8.49575517564341,6.243401921003489,8.49593187595881,0.00017705476190023054,0.2,0.11671727890485221,123,18.349929490744074,tracking,0.2003748871027544,0.11556189213335465,18.45785763589524
111.367,6.231367987721555,8.495826430824351,6.231422776451985,8.49669100423423,0.0008663076740106851,0.2,0.11739585474129083,123,18.361952437533496,tracking,0.20036949981219856,0.11637502557592935,18.469860809639062
111.427,6.219345250455525,8.49581511270745,6.219448842086225,8.497449802335877,0.0016379686832281336,0.2,0.11779442303250533,123,18.37397518012692,tracking,0.20036784019350395,0.11764949575435396,18.477860071949817
111.467,6.211330380348637,8.495761442268355,6.211469417383698,8.4979554650639,0.0021984238273105856,0.2,0.11831954289596185,123,18.38199022993003,tracking,0.20036552485447848,0.11796756578024456,18.48985419352718
111.527,6.199308816036593,8.495611164894926,6.199505422021019,8.498713633322721,0.0031086917278131264,0.2,0.11861809158096304,123,18.39401273348784,tracking,0.20036507864457817,0.11895731102557869,18.497846907516227
111.587,6.187288615962171,8.495376595053768,6.187197915976411,8.499393502315588,0.00401793111407785,0.2,0.11899644655214017,123,18.406035222117055,tracking,0.20036758413654893,0.1196617136579871,18.509830516313315
111.627,6.179276180402367,8.495173005927965,6.1791849687564255,8.499212573518536,0.0040405972186230345,0.2,0.11932963420864358,124,18.41405024377218,tracking,0.2003661264312736,0.12000709041484799,18.51817985985648
111.687,6.167259507898905,8.49479619855506,6.167165915859971,8.498941188630733,0.0041460465744104615,0.2,0.11958358643075302,124,18.426072822607512,tracking,0.20036993541071027,0.12048018814853889,18.53020216661999
111.747,6.155245759262449,8.494333105148252,6.155147838032992,8.498669825759565,0.004337825979424144,0.2,0.11970920512282683,124,18.43809549335088,tracking,0.20037131906129596,0.12063852095126076,18.53821664085618
111.787,6.147238536144587,8.493976131987266,6.147136639020112,8.498488936436255,0.004513954698354166,0.2,0.11983855118161593,124,18.446110669699337,tracking,0.2003729168383863,0.1207254272224258,18.55023731262079
111.847,6.135231027498705,8.493367911288958,6.135121522763865,8.498217640436042,0.004850965273739843,0.2,0.11988643632711193,124,18.458133572688997,tracking,0.20037595332650499,0.12064709843807916,18.558250140286923
111.907,6.123227966378467,8.492671917261427,6.123108870893954,8.497946400080583,0.005275827209452199,0.2,0.12042506555768324,124,18.470156795382707,tracking,0.20038483597149612,0.12093747780218733,18.5702675313983
111.947,6.11522856450378,8.492158936282017,6.1151019683463534,8.497765607769553,0.005608100547977406,0.2,0.1207886567139859,124,18.478172628454693,tracking,0.20039200822416442,0.12112000769719321,18.57827772341959
112.007,6.103233885359512,8.49131573998769,6.103094372112919,8.497494481568124,0.006180316453365878,0.2,0.12127568939568732,124,18.49019690838177,tracking,0.20040345477774,0.1212888732337628,18.59029060700464
112.067,6.091245090784086,8.490383882890455,6.091090656548181,8.497223442990474,0.006841303406149483,0.2,0.12155976372754433,124,18.502221863808774,tracking,0.20041402889724624,0.12124694360665686,18.61030409875065
112.107,6.083256161295649,8.489713303204837,6.0830906643547396,8.49704280671218,0.007331371693046372,0.2,0.12213918554700214,124,18.51023888766342,tracking,0.20042249702971812,0.12137677942162817,18.61830613002778
112.167,6.071278653135915,8.488633532995731,6.071094891343777,8.496771947473874,0.00814048884369355,0.2,0.12239831911922393,124,18.522264967881885,tracking,0.20043294346338997,0.1212874572494635,18.630304960589857
112.227,6.059308819689249,8.487465324360015,6.059104793252124,8.496501216372732,0.009038195132465737,0.2,0.12253370955998576,124,18.534291672507738,tracking,0.20044328266605826,0.12135006071744474,18.638301072103815
112.267,6.051333545670291,8.486637651035606,6.051114904272433,8.496320808220526,0.009685625283311683,0.2,0.1226809896910794,124,18.542309779442007,tracking,0.20044836476825773,0.12136545651020593,18.65029004027439
112.327,6.039378082970546,8.485323315410284,6.038006418598745,8.495911843091267,0.010677002463230226,0.2,0.1227405699388588,124,18.554337271553873,tracking,0.20045501802963486,0.12150661530764469,18.658278905419845
112.387,6.0274321591816715,8.483922134615032,6.026079137153393,8.494366753206824,0.01053189090985216,0.2,0.12316308451770842,125,18.566365089427062,tracking,0.20046150287036713,0.12202557847154603,18.67142823902066
112.427,6.019473786725063,8.482939914749464,6.018126972814184,8.493336609939371,0.01048356707339552,0.2,0.1231457404536587,125,18.57438384544171,tracking,0.20046424355927628,0.12220487098961301,18.679446631297935
112.487,6.007545220666515,8.481394881676767,6.006198435195346,8.491791357327072,0.010483345699381285,0.2,0.1230551057044873,125,18.5864120545939,tracking,0.20046559963469404,0.12240446163097546,18.69147477956314
112.547,5.995628077006518,8.479763888664358,5.994270179773743,8.490246141271308,0.010569839384337407,0.2,0.12295437341585569,125,18.598440290176043,tracking,0.20046622248626242,0.12261914385770364,18.69949355706889
112.587,5.987689987708274,8.47862881490653,5.986318489560769,8.489216059423354,0.010675708577308861,0.2,0.12284485789528704,125,18.606459121396526,tracking,0.20046629294561993,0.12274348952258567,18.7115212405238
112.647,5.975793358148339,8.47685451974514,5.974392152330591,8.487671091854907,0.010906952367616617,0.2,0.12298850950430137,125,18.618487334821886,tracking,0.20046726338609772,0.12319164466608122,18.719539086716548
112.707,5.963909885801994,8.474993912928994,5.962467758670706,8.48612637606142,0.011225482887503432,0.2,0.1231401703388891,125,18.630515583768872,tracking,0.2004680290490546,0.12364546259614335,18.731564494686012
112.747,5.955995243800324,8.473705413509299,5.9545195816542815,8.48509674932174,0.011486518635385355,0.2,0.12319622714018454,125,18.638534423383753,tracking,0.20046783947389993,0.12388461394794482,18.739580263640278
112.807,5.944135366828722,8.471700215565251,5.9425999723845235,8.48355265331012,0.011951473406876302,0.2,0.12321472295772583,125,18.65056261944868,tracking,0.20046699747222652,0.12411268201272564,18.7516016389006
112.847,5.936237168180576,8.470314916936173,5.934655634681303,8.482523523924678,0.01231061870131214,0.2,0.1231849769666538,125,18.658581384576635,tracking,0.2004661854253995,0.12417171003510871,18.759614059603948
112.907,5.924403010130589,8.468163912473011,5.92274274345459,8.480980298185168,0.01292347585435893,0.2,0.12308012746502191,125,18.670609439986908,tracking,0.20046467098667603,0.12411624706213004,18.771629434091064
112.967,5.912585283101897,8.465924971099788,5.9108348085091516,8.479437714494734,0.013625652107605824,0.2,0.1229075764869423,125,18.68263738788326,tracking,0.20046294342621843,0.12388995014111012,18.783640279472458
113.007,5.904716277779916,8.464383388290154,5.902899271009765,8.478409725109717,0.014143536975545422,0.2,0.1227583180700364,125,18.690655973937943,invalid_or_stale_pose,0.20046175997686305,0.12365179044846306,18.79164464432361
113.067,5.893133873884379,8.462053771794434,5.889216708255922,8.476380994792375,0.01485306383859956,0.2,0.12340158307628608,126,18.702470337781016,tracking,0.18914319488541892,0.06649920381806199,18.813493871179528
113.127,5.8819188574114465,8.459728408096375,5.878190170716904,8.473366260265319,0.014138391572171217,0.2,0.12470993179344074,126,18.713923892286775,tracking,0.19927832262228626,0.1045078372657519,18.824925107086813
113.167,5.874081578732243,8.458045476652549,5.870469870416392,8.47125547473606,0.013694834293453232,0.2,0.12452921258328087,126,18.721939826127578,tracking,0.20028651266143682,0.12173114119814936,18.832928759520584
113.227,5.86232949976228,8.45547100601465,5.8588802537555065,8.468086790334516,0.013078811567593886,0.2,0.12404623738129678,126,18.733970589161636,tracking,0.20041412178422752,0.1245912833423736,18.844943740801586
113.287,5.850598567311548,8.452816152167545,5.8472898640533355,8.464917894577935,0.012545903180654074,0.2,0.12368192333334742,126,18.74599818348108,tracking,0.200431078222731,0.12395792445551529,18.852953767725996
113.327,5.842789565743968,8.450997177593907,5.839561265967808,8.462804840374679,0.012241030176793894,0.2,0.12332959029979974,126,18.75401623648552,tracking,0.20041941879786834,0.12356815744525644,18.864971778262095
113.387,5.831093714826617,8.448194915738735,5.827966018515363,8.459634616474297,0.011859563108927534,0.2,0.12320265659298173,126,18.766043106410226,tracking,0.20042047943829525,0.12268228813443229,18.87298533687414
113.447,5.819419339958324,8.44530464289406,5.816368364192704,8.45646373451832,0.01156865502126388,0.2,0.12297277043586556,126,18.778069939147155,tracking,0.20042259918419125,0.12210037557936611,18.885007913205655
113.487,5.811648608175251,8.443329591734692,5.808635669648948,8.454349560313974,0.011424425852166199,0.2,0.12279228412233725,126,18.78608773806747,tracking,0.20042242897785148,0.12187252715082122,18.893024082685056
113.547,5.800011121906932,8.440295979479384,5.79703587397174,8.451178092896287,0.01128151109976889,0.2,0.12247475474714486,126,18.798114121146387,tracking,0.2004172625238462,0.12151575255940214,18.905049375631616
113.607,5.788396433727563,8.43717833047759,5.785435912525165,8.448006580156067,0.011225670442752363,0.2,0.12223192265372011,126,18.810139956535348,tracking,0.2004102483276646,0.12142455389364668,18.9130665271013
113.647,5.780666209934585,8.43505361836298,5.777702836135421,8.445892301552286,0.011236486886554518,0.2,0.12181536354128022,126,18.818156861265948,tracking,0.20040404897500066,0.12119277426659507,18.925092143187822
113.707,5.769090645409883,8.431797658194158,5.766104092075961,8.442721121654444,0.011324378781396645,0.2,0.12150460928809698,126,18.83018162615706,tracking,0.20039471914027124,0.12116064666124154,18.93310883375186
113.767,5.757539251138068,8.428459363062906,5.75450689189252,8.439550363863388,0.011498065113328872,0.2,0.12098451060179578,126,18.842205723794983,tracking,0.2003845630388814,0.12096660390512967,18.945132820457573
113.807,5.749852028688856,8.42618825442824,5.7454956212331965,8.436882732370306,0.011547733300221907,0.2,0.12060472758174141,126,18.850221416117805,tracking,0.200377881259574,0.12079165364310611,18.953147836391008
113.867,5.738342145627294,8.42271328505065,5.7344097403662735,8.432366886498928,0.010423810822299755,0.2,0.12036745000134529,127,18.862244428230667,tracking,0.20036977602995826,0.1208261747255126,18.96654470898751
113.927,5.7268578246285164,8.419156476295397,5.7233171907751075,8.42784832411533,0.009385324001267452,0.2,0.11990254587842188,127,18.874266928691238,tracking,0.20036283924159062,0.12059691827296207,18.986503348600014
113.967,5.719216068510564,8.416739963046489,5.7159187285835475,8.424834552332701,0.0087404133945004,0.2,0.11863252191319444,127,18.88228166342474,tracking,0.20035681767250893,0.11998885957051969,18.99449209463163
114.027,5.707775649893426,8.413047159089881,5.704816319596061,8.420311973713073,0.007844435436552291,0.2,0.1178072565501756,127,18.894303309701243,tracking,0.20034995715936127,0.11953558065722067,19.00648030561977
114.087,5.696362334429374,8.409273041094748,5.693708747189421,8.415787291768924,0.007033987993026203,0.2,0.11746288425498516,127,18.906324446774047,tracking,0.20034531906932965,0.11862630655741505,19.01447558155626
114.127,5.688768782245533,8.406711819210411,5.686301070685085,8.412769766525763,0.006541278622803505,0.2,0.1169725661424982,127,18.91433830304363,tracking,0.20033781886618357,0.11831631880351855,19.026472787494008
114.187,5.6774017522307245,8.40280250669314,5.675185962532536,8.408242014887156,0.005873497542296367,0.2,0.11662188206233609,127,18.926358789544402,tracking,0.20033453438279455,0.1175252961562037,19.034473579037105
114.247,5.666063138989094,8.398812464525802,5.6640670217995845,8.40371270204267,0.005291201333910232,0.2,0.11605762779448225,127,18.938378963700394,tracking,0.20032559271457542,0.11663160486717165,19.046478308816468
114.287,5.658520133589837,8.396107787276502,5.656652578264495,8.400692420242024,0.004950416378624876,0.2,0.11565977990896108,127,18.946392215816488,tracking,0.2003258805759664,0.11629480609927932,19.054483580667736
114.347,5.6472299461026365,8.391984100721011,5.645528479065808,8.396161006090795,0.004510158372556602,0.2,0.11502955929644755,127,18.958411913163097,tracking,0.2003180019739245,0.11513357686538064,19.066494197541893
114.407,5.6359692729979685,8.387780994318346,5.634401946300487,8.3916286006235,0.004154586291810312,0.2,0.1145909218793505,127,18.970431433211846,tracking,0.20031735286826494,0.11431760335636847,19.074502877188166
114.447,5.628478643258352,8.384935102872737,5.626983087338951,8.388606520193992,0.003964340128554704,0.2,0.11390265256047513,127,18.978444462103358,tracking,0.20031741785261709,0.11347198016473438,19.086517943648527
114.507,5.617267588410066,8.380601378887086,5.615853476390714,8.38407286082547,0.003748452967798655,0.2,0.1134270973067176,127,18.990463984323274,tracking,0.20031832496361693,0.11263860620766404,19.09452912700248
114.567,5.606086653648865,8.376190739022617,5.604614702610592,8.37906412181078,0.003228462251039358,0.2,0.11268414603574896,127,19.002483428825755,tracking,0.20031550991017122,0.1116769673177039,19.106547169807722
114.607,5.598649538910855,8.373208234333697,5.597513299233264,8.375426277901672,0.002492139216489805,0.2,0.11224483561963904,128,19.010496294096416,tracking,0.20031493210917295,0.11113837967235514,19.114856200910165
114.667,5.5875190257198355,8.36867242502922,5.586855943409311,8.369966822226313,0.001454352864463246,0.2,0.11143108691807355,128,19.02251552410262,tracking,0.20031378864208665,0.11032945610792042,19.126825845101138
114.707,5.580115422020737,8.36560778823364,5.579747757141722,8.366325503638368,0.0008064073818138178,0.2,0.1108701733140111,128,19.03052834797577,tracking,0.20031515785631523,0.10983729628232217,19.134809506102503
114.767,5.569035099491963,8.360950644682529,5.569080923210005,8.360861192602068,0.00010050615818960378,0.2,0.10999634448219998,128,19.042547604749686,tracking,0.2003140627618471,0.10916730679150369,19.14679044071216
114.827,5.557985098732759,8.356222200307116,5.558409175243626,8.355394364247692,0.0009301362418220796,0.2,0.10939380590775523,128,19.054566785378572,tracking,0.20031308192668765,0.10879694775806076,19.154781081752404
114.867,5.550635386321637,8.353030702009862,5.551292199364488,8.351748542995535,0.0014406023432157688,0.2,0.10878663612111733,128,19.06257952111037,tracking,0.20031158271648195,0.1083945455943627,19.178767072623366
114.927,5.539636375247716,8.348185115970848,5.540613307504227,8.346278055030593,0.002142726782316495,0.2,0.10781018368412919,128,19.07459858715835,tracking,0.20031295835799878,0.10813431033848539,19.18676659480754
114.987,5.5286682136253,8.34326986364975,5.529930582872965,8.340805603647732,0.0027687819478961688,0.2,0.10715722242156721,128,19.0866177499726,tracking,0.2003163408342067,0.10803135643433845,19.198769441540094
115.027,5.521373397876178,8.339954581751064,5.522806862731651,8.337156327504793,0.0031440496686036736,0.2,0.10669738880718532,128,19.094630579116004,tracking,0.20031685737649976,0.10759864974357719,19.20677347833531
115.087,5.510457492500344,8.334923998314316,5.51211873217784,8.331681106823897,0.0036436331435425635,0.2,0.10596519561222661,128,19.106649886911722,tracking,0.20031974792823107,0.10737173215136521,19.218782399029518
115.147,5.499573508182229,8.329824566182541,5.5014279494668035,8.32620452751943,0.004067386433615367,0.2,0.10545564377154375,128,19.118669259719965,tracking,0.20032092665518345,0.10644381996058198,19.226790028059895
115.187,5.492335549950352,8.32638672072425,5.494299533386336,8.322552845782448,0.004307647618618494,0.2,0.10465340972487,128,19.126682175591323,tracking,0.20032137896714616,0.10638144895489147,19.238803612659368
115.247,5.481505904409878,8.321172892313951,5.483605373726993,8.317074536564869,0.004604811750717559,0.2,0.10410107019982992,128,19.138701544510877,tracking,0.20032096282470507,0.10520253983475042,19.24681386876046
115.307,5.470709473426447,8.315890700725587,5.473294607069563,8.311576571149907,0.005029376695827591,0.2,0.10324003190522753,128,19.150720881845196,tracking,0.20031923870496202,0.10417988256373016,19.25883067350256
115.347,5.463530503542799,8.312331464982865,5.4664430471725085,8.307470946205875,0.005666352722557509,0.2,0.1025786445438974,129,19.158733732003697,tracking,0.20032288020187006,0.10365729671316125,19.266502523743583
115.407,5.452790261312039,8.30693593061698,5.45616147508102,8.301309972722914,0.0065586953353524964,0.2,0.10166494743301364,129,19.170753074509378,tracking,0.2003198906849113,0.1023585953494154,19.278486743127466
115.467,5.442084162511405,8.301472970868348,5.445875297242416,8.295146239361834,0.007375651435920042,0.2,0.10104615586044989,129,19.182772412292472,tracking,0.2003201428237612,0.1014377800271756,19.28647937009832
115.507,5.434965839530889,8.29779358441993,5.439015385765363,8.291035609943542,0.007878390935251436,0.2,0.10009666807362379,129,19.19078542712409,tracking,0.2003235614168553,0.10032956125236143,19.298472643735224
115.567,5.4243165550123855,8.2922173071762,5.428721049131904,8.284866987629847,0.00856894193482306,0.2,0.09945643788025858,129,19.20280633094431,tracking,0.20041126197411646,0.09947441075226204,19.306471048256977
115.627,5.413699351866109,8.286573592744507,5.418420584290208,8.278694693141498,0.009185156207525942,0.2,0.0988955159997039,129,19.21483032841752,tracking,0.20029679143378512,0.09817462205731366,19.318475227053927
115.667,5.4066408752390265,8.282775089143419,5.411552187892719,8.274578979348037,0.00955495723487374,0.2,0.09851113660648776,129,19.22284598321938,tracking,0.20027599401514654,0.09751807653151268,19.326480811434287
115.727,5.396081680349553,8.27702450515759,5.401247285727143,8.268404025904958,0.010049683649848134,0.2,0.09791271834194609,129,19.234869535643348,tracking,0.2002650649766149,0.09665589376156934,19.338492061353424
115.787,5.3855567465390495,8.271211808150067,5.390940206641942,8.262227767997544,0.010473519949930087,0.2,0.09750050040753137,129,19.24689291612542,tracking,0.200255501914175,0.09609292875011803,19.346501301331124
115.827,5.3785589854256735,8.267302999890784,5.38406785034778,8.258109681335599,0.010717494986569005,0.2,0.09685455892773501,129,19.254908366369026,tracking,0.2002536906197156,0.09549172145594746,19.366528945477814
115.887,5.3680904704132395,8.261389889745681,5.373758011104554,8.25193176947291,0.01102619864603949,0.2,0.09570535422605987,129,19.266931455745457,tracking,0.20025423107877996,0.09514137765523022,19.37854807107847
115.947,5.357655553004191,8.255418223936887,5.363447075225481,8.24575320047877,0.01126740467390999,0.2,0.09521818728922116,129,19.278954279617807,tracking,0.20027864954378713,0.0945379824112248,19.38656154716383
115.987,5.350717696720624,8.25140505844348,5.356572784801928,8.241633954838434,0.0113910720347279,0.2,0.0944528195354192,129,19.286969224850864,tracking,0.200266403298194,0.09443857417655319,19.398582466235762
116.047,5.340338882117738,8.245337753212564,5.346829672767749,8.235733265683619,0.011592089714797789,0.2,0.09392215119877001,129,19.2989913704716,tracking,0.2002975108164248,0.09389668239135338,19.406596710779645
116.107,5.329994002085147,8.239213978830747,5.336887192299589,8.229014056661153,0.012310746671028812,0.2,0.09296555583667095,130,19.311012899308153,tracking,0.2002890251004128,0.09323033457556129,19.417974060489485
116.147,5.323116447691541,8.23510065268646,5.330257643691719,8.22453375388726,0.012753667337103968,0.2,0.09239130150070571,130,19.31902665039028,tracking,0.20030374370265439,0.09322139272146537,19.425975040387865
116.207,5.312828915124424,8.228885139610725,5.320311970915149,8.217812387476853,0.013364204569867913,0.2,0.09149565492733668,130,19.33104604842488,tracking,0.2002792335650233,0.09266090243990321,19.437978306725462
116.267,5.302576823708108,8.22261424861268,5.310364936378383,8.211090100777849,0.01390901442532701,0.2,0.09087722174836965,130,19.343063928950077,tracking,0.20027884359930803,0.09230078687658456,19.445981412801277
116.307,5.295761506772005,8.21840258015183,5.303732488731384,8.206607838809775,0.014235605948561311,0.2,0.0899973392615573,130,19.35107558896306,tracking,0.2002934941524338,0.09168561044992052,19.45798767020116
116.367,5.285567535203822,8.212038870889785,5.293782291267649,8.199883414579046,0.014670969133307378,0.2,0.08965291315194661,130,19.36309282042063,tracking,0.20028731998961274,0.09130280394356108,19.465993207216858
116.407,5.278791092625612,8.207765441225337,5.287147877304825,8.195399823758773,0.014924622122657796,0.2,0.08910787361950878,130,19.371104210756442,tracking,0.20029317331357693,0.09086756810437097,19.478003288499185
116.467,5.268655833084929,8.20130917094087,5.277195042771593,8.18867361737507,0.015250420190507565,0.2,0.0887256722035007,130,19.383121153460106,tracking,0.20028195013428204,0.09034360244991227,19.48601106956248
116.527,5.258556260267405,8.194797577572848,5.267241040498628,8.181946621823371,0.015510398813042456,0.2,0.08812450447983143,130,19.395137900910516,tracking,0.20027034340295358,0.08958565971695073,19.498024119156703
116.567,5.251843211466001,8.190425891667868,5.260604561214209,8.177461635241997,0.015647146515775978,0.2,0.08770872086721436,130,19.403148934667893,tracking,0.20025902218053393,0.08900103277567478,19.506033538214094
116.627,5.2418037125399,8.18382266859202,5.2506492888183915,8.170733781330965,0.015797569098795997,0.2,0.08706304393720629,130,19.415165344018302,tracking,0.20023820916897028,0.08804166839229544,19.518048473687298
116.687,5.231800521001833,8.177165141019485,5.240693747302474,8.164005745546383,0.015882668643899436,0.2,0.08639606466211093,130,19.42718143798957,tracking,0.20021165398471913,0.08696689698635082,19.530064098297196
116.747,5.221833727542681,8.170453828724686,5.230738240060168,8.157277732924186,0.0159028250231843,0.2,0.08594513025876784,130,19.439197206153768,tracking,0.20018518312131076,0.08606174877824936,19.550090416444064
116.787,5.215209311922822,8.16595007609102,5.2241013361317705,8.152792459364962,0.015880521793768868,0.2,0.0847824983350771,130,19.447207616261238,tracking,0.20017594605907518,0.08510137584269081,19.558100795502252
116.847,5.205302788586378,8.159149777362947,5.2150803432040815,8.14606680596705,0.016332933442832823,0.2,0.08392803867562862,131,19.45922357512462,tracking,0.200158945406747,0.08417472135151073,19.56935332803808
116.887,5.19871818561308,8.154587674385372,5.208667839613483,8.14127442339615,0.01662041716172509,0.2,0.08344693136750762,131,19.467234179339908,tracking,0.2001482271071004,0.08315816996917338,19.577358771998618
116.947,5.188870622282117,8.147702315727809,5.19904767253963,8.13408479451524,0.0170002716424973,0.2,0.08270801064949332,131,19.479250113236223,tracking,0.2001340184545759,0.08244470643370784,19.589368700307066
117.007,5.1790575189873405,8.140768181471206,5.189426227087661,8.126894210238843,0.017320426825747273,0.2,0.08220690628488846,131,19.49126590343756,tracking,0.20013913982954598,0.08137204685937233,19.59737621886809
117.047,5.172534491726087,8.136118972343592,5.183011463008868,8.12210013829279,0.017501275250796422,0.2,0.081620882352012,131,19.49927621118217,tracking,0.2001289187359936,0.08126457551690619,19.609388490537853
117.107,5.162777921393249,8.129106424563798,5.173388689794043,8.114908561713232,0.017724776883751237,0.2,0.08145965888365637,131,19.511291471937707,tracking,0.20013578064263882,0.08080681146504647,19.617397204660502
117.167,5.153054855775002,8.122048434114685,5.163765623450576,8.107716766064076,0.017891820849566156,0.2,0.08118175567809269,131,19.523306181014355,tracking,0.20013718495396515,0.08087950182055696,19.629410697931423
117.207,5.146591317486486,8.117318254577649,5.157350202190579,8.102922202973854,0.017972198025146723,0.2,0.0809710010919308,131,19.531315670739655,tracking,0.20015512341031128,0.08099879516298522,19.637419730753585
117.267,5.136923832356191,8.110184985467972,5.147726700183372,8.095730081731537,0.018045669711073586,0.2,0.08061339217721475,131,19.543329987072077,tracking,0.2001761144142301,0.08100171913556728,19.649433655664804
117.327,5.127289983565488,8.103006132535596,5.138102921815913,8.08853775395147,0.01806249186743279,0.2,0.08035039330278446,131,19.55534443553827,tracking,0.20019753121247214,0.08109851037345643,19.65744318575015
117.367,5.120886259688679,8.098194915766149,5.131687020142918,8.083742831824743,0.018042149446207183,0.2,0.079916922849227,131,19.5633541475364,tracking,0.2002142144740329,0.08093465998476676,19.669457683367774
117.427,5.111309176010647,8.09094015849678,5.122063266176599,8.076550522280861,0.017964188980410207,0.2,0.07960560250938337,131,19.575368806699835,tracking,0.20023040752656387,0.08089191774516934,19.677467352089227
117.487,5.101766672124742,8.08363985329202,5.112439858405855,8.069358471466137,0.017829042942570077,0.2,0.0791031644814496,131,19.58738354084151,tracking,0.20024337645714077,0.08060529545201432,19.689481654199795
117.527,5.095424434163051,8.078747672613861,5.106024583966252,8.06456401810209,0.017707039028578817,0.2,0.07874918264837993,131,19.595393373183732,tracking,0.20024801582806656,0.08033353312398168,19.697490901378295
117.587,5.085940476838911,8.071371543478165,5.09726762184522,8.057527348462658,0.01788759205766178,0.2,0.07804896864567289,132,19.60740806117604,tracking,0.20024947705979232,0.07967755421802693,19.708727895179216
117.647,5.076492211460303,8.06394998372194,5.087970743989745,8.04992076075879,0.018126660088920495,0.2,0.07766401227998228,132,19.619422605190685,tracking,0.20024035950910551,0.07916734496179888,19.728747548485597
117.687,5.07021319581344,8.058977176580383,5.081772400672958,8.044849354767363,0.01825405615650219,0.2,0.0766529171232859,132,19.627432277366292,tracking,0.20023388371460826,0.0784824478066535,19.736756207462143
117.747,5.060824867349322,8.051480439253138,5.072474580926293,8.037241996420054,0.01839698564266666,0.2,0.07601811747678393,132,19.639446509838816,tracking,0.20021499098630635,0.07778895860483939,19.74876958971136
117.807,5.051472641477802,8.043939071557014,5.0631765135443345,8.029634435460684,0.018482511604167844,0.2,0.07571215945722864,132,19.651460516476075,tracking,0.2002026238270038,0.0766597737869284,19.756778716926984
117.847,5.045258057414562,8.038886866285315,5.056977852178506,8.02456276924556,0.018507656397105828,0.2,0.07576023181590898,132,19.65946962586392,tracking,0.2001759867820457,0.07624697120315269,19.768792361837743
117.907,5.035966514743417,8.031271676778456,5.047679954393234,8.01695534704805,0.018497620532912026,0.2,0.07577640538239615,132,19.671483113135945,tracking,0.2001504483572243,0.07587850200521164,19.77680137376042
117.967,5.026711213522454,8.023612386669438,5.038382151787778,8.00934800272546,0.01843050322954393,0.2,0.07577332005208007,132,19.6834966607246,tracking,0.20014024903960723,0.0754539189123958,19.78881470796518
118.007,5.020561138869991,8.018481278776688,5.032183461840732,8.004276313125546,0.018353730966382504,0.2,0.07575381450192953,132,19.69150613551624,tracking,0.2001357013600095,0.07515509294438073,19.79682375226317
118.067,5.011366041797729,8.010748286368576,5.022885600449433,7.996668920705124,0.018191447688824827,0.2,0.07569870695114318,132,19.703520667623327,tracking,0.20012376453692746,0.07477632763186512,19.808837335155395
118.127,5.002206592041508,8.002972926810521,5.013588327911991,7.98906201007747,0.01797380081616918,0.2,0.07564388657139683,132,19.715535314355286,tracking,0.2001165456185425,0.07455595579386863,19.81684607462663
118.167,4.9961198695066855,7.997766305112675,5.007390577014987,7.9839910887964045,0.01779846713337212,0.2,0.07553152373714239,132,19.723545127132148,tracking,0.2001168819445062,0.07443752556612325,19.828858427437254
118.227,4.987018880841338,7.989922468094473,4.998094762280264,7.976385370924469,0.01749080185238172,0.2,0.0754356321912364,132,19.735559858667013,tracking,0.20012131605604663,0.07442294909766585,19.8368660570599
118.287,4.977952557875022,7.982038576839178,4.988800081962078,7.968780581217778,0.017130184666732325,0.2,0.07525724491520187,132,19.74757459767603,tracking,0.20013281795602794,0.07446606038399414,19.848876392620497
118.327,4.971927503681686,7.976760676717838,4.983386966200006,7.963952960944694,0.017185949625621724,0.2,0.07511495523609539,132,19.755584435859383,tracking,0.20014316874112523,0.07452513142818092,19.856882434223063
118.387,4.962918562589443,7.968811321359669,4.9744332953607735,7.955941832559201,0.017268839358235023,0.2,0.07472193561082692,133,19.76759914643492,tracking,0.20016086033444916,0.07451580430417853,19.868140588225454
118.427,4.956931728469552,7.963490287532453,4.968464138406895,7.950601041774135,0.01729535010288138,0.2,0.0745350620424658,133,19.77560886451794,tracking,0.20017044468355638,0.07459217692155705,19.87615022658518
118.487,4.947980181350674,7.9554771554036225,4.959510651350318,7.942590077824713,0.01729244074552601,0.2,0.07421810694954642,133,19.787623042905814,tracking,0.2001790004558345,0.0747484468812023,19.8881647046894
118.547,4.939063317788156,7.947426259484915,4.950557661430455,7.934579558679004,0.017238261436812004,0.2,0.07398215415755195,133,19.799636676031827,tracking,0.20019784898982393,0.07490807141299027,19.908187589786717
118.587,4.9331382756245485,7.942037361846587,4.944589099901764,7.929239300639413,0.01717299470943404,0.2,0.07437911999241653,133,19.807645817209064,tracking,0.20021032518840032,0.07508503239180972,19.916196465029298
118.647,4.924280507795987,7.9339211424074385,4.935636470286417,7.9212291038693845,0.01703072888444566,0.2,0.07496199872265884,133,19.819659687063908,tracking,0.20022504281857548,0.07572264721772776,19.928209492513
118.707,4.915459109642289,7.925765060056637,4.9266842311560195,7.913219256478413,0.01683450446022637,0.2,0.07531230370966481,133,19.831673793135487,tracking,0.20023783999925798,0.07647652991142362,19.93621790980187
118.747,4.909598768747042,7.920305319215491,4.920716400321338,7.907879652213529,0.016673299981271025,0.2,0.07578465610195592,133,19.839683310315753,tracking,0.20024244874554478,0.07687784756067763,19.948229890792625
118.807,4.90083990798993,7.912081839920671,4.911765402621408,7.899870915569091,0.016385148960643803,0.2,0.07606533174230633,133,19.851697604030942,tracking,0.20024249554151227,0.07732060995328723,19.956237238971358
118.867,4.892119738543919,7.903817307157945,4.902815493200284,7.891863152641623,0.016040604036920564,0.2,0.07643996502646704,133,19.86371192286113,tracking,0.20022845105675097,0.07772986555377051,19.968247182337198
118.907,4.886328135817232,7.898284587615243,4.896849573926659,7.886525258709998,0.01577917856519234,0.2,0.07676237437914736,133,19.871721520084584,tracking,0.20022598333139288,0.07766267372614583,19.98025543566008
118.967,4.877674026383909,7.889950876326395,4.88790197704518,7.878519564883832,0.015339030478692978,0.2,0.07694864596621781,133,19.883735859597426,tracking,0.2002093197195618,0.07779400511707432,19.98825983734866
119.027,4.869060273877276,7.881574497596913,4.878955591485265,7.870514954864826,0.014840175066548928,0.2,0.077193404225131,133,19.895750869079954,tracking,0.2002068298575667,0.07758430496482152,20.000264968773337
119.067,4.863340395132005,7.875966473726348,4.873635004464797,7.865449240001983,0.014717037287705766,0.2,0.0771784603941461,134,19.903761296321584,tracking,0.2001978013225284,0.07727410408538625,20.007609138141635
119.127,4.854794562981969,7.867519679279649,4.865048253236887,7.857044249521986,0.014658539915405645,0.2,0.07736797304930756,134,19.915777101894303,tracking,0.20017643669400895,0.07698289593727607,20.01962484019203
119.187,4.846289432571136,7.859031748076705,4.856461724543929,7.848639476866414,0.014542174008311157,0.2,0.07747399936829667,134,19.92779301714913,tracking,0.20015879715452237,0.07671998678949205,20.027635207407915
119.227,4.840641825332421,7.853350661145267,4.850737621876526,7.843036539603055,0.014432817155617469,0.2,0.07760185217472017,134,19.93580364860023,tracking,0.20014881001943302,0.07664534543319294,20.039650372335913
119.287,4.832203877617171,7.844795841109186,4.842151966339146,7.834632621620471,0.014221656007515352,0.2,0.07766458990530843,134,19.94781963409852,tracking,0.20014002390803262,0.07653904917600308,20.04766008528287
119.347,4.823806101968467,7.836201306621837,4.833566973824883,7.826229352626408,0.01395401325369672,0.2,0.07890876759965118,134,19.959835817307017,tracking,0.20013572084765383,0.0776517106134261,20.05967387023207
119.387,4.818229927434439,7.830449560646632,4.827844030100824,7.820627549774366,0.013744193961622698,0.2,0.08039653183475833,134,19.967846828741113,tracking,0.2001393293947233,0.07914702683856399,20.067682600764446
119.447,4.809899503260988,7.821788872271969,4.81926036432603,7.812225579435906,0.013382163119141208,0.2,0.08255298116231781,134,19.979863629065353,tracking,0.20015699750908283,0.08155579671190964,20.087702209624855
119.507,4.801610117926211,7.8130883021472695,4.810677720600978,7.80382460951287,0.012962924804690724,0.2,0.08588029802413943,134,19.991880859600016,tracking,0.20018647998265965,0.08341109612684326,20.099712125068308
119.547,4.7961076856174705,7.807265231554349,4.804956782571865,7.798224769900065,0.012650551918033336,0.2,0.08711693187246583,134,19.9998924082919,tracking,0.20019986986968852,0.08553929045958353,20.107717581683772
119.607,4.787892177450409,7.798498097160178,4.796378593085766,7.7898281599305195,0.012132067503201926,0.2,0.0888874530831188,134,20.011907283236255,tracking,0.20016528076502427,0.08683759048668242,20.119721264195405
119.667,4.779727318596273,7.789695599304299,4.78780859230528,7.781439565331502,0.011552881965979738,0.2,0.09000433096599543,134,20.02391348532562,tracking,0.20014154157593156,0.08985538549158018,20.12771650988756
119.707,4.774309464452306,7.783804103748029,4.78209664333512,7.775848524501021,0.011132447893809103,0.2,0.09159364971602696,134,20.031917413324727,tracking,0.20013843344048193,0.09044641974285493,20.139706366032065
119.767,4.766222128748984,7.774930687581816,4.773530782259501,7.767463981979334,0.010448354353242909,0.2,0.09259071114586621,134,20.04392334990781,tracking,0.20014189794075857,0.09274826310671594,20.147697737877913
119.827,4.758183011147294,7.766013152977998,4.765569888822034,7.759172589226251,0.01006773431429795,0.2,0.09382106637881679,135,20.055929591418963,tracking,0.20015357195850042,0.09455758828864783,20.159188809653486
119.867,4.752850720460471,7.760043185437127,4.760132000262532,7.753300409818867,0.009923812704504653,0.2,0.0947153830739621,135,20.06393420486421,tracking,0.20016327833845352,0.09524175495187298,20.167192142865463
119.927,4.744894404538426,7.751050280318476,4.751975691480161,7.744492706617886,0.009651238137661564,0.2,0.09598349753945128,135,20.07594150703932,tracking,0.20017306504522786,0.09688029754000586,20.179196780491008
119.987,4.736990244357071,7.74201119484339,4.743820438621227,7.735686143670478,0.0093090185318361,0.2,0.09677425804590645,135,20.087949038609068,tracking,0.20018603705043447,0.09772436379012783,20.187199108271052
120.027,4.731750225654447,7.735959325853961,4.738384318012453,7.7298158734092155,0.009041747030048937,0.2,0.09789144069544589,135,20.09595421907356,tracking,0.2001835216166979,0.09867779713990163,20.199201199752864
120.087,4.723936440941013,7.726841901695808,4.7302317336998225,7.721012192128557,0.008579989776079376,0.2,0.09999824797252287,135,20.107961827279507,tracking,0.2001882501363815,0.10057940488980648,20.207201283121076
120.147,4.716179732660954,7.717675696113765,4.722081180283191,7.71221070393912,0.008043209776385354,0.2,0.10399207811365462,135,20.119969568454025,tracking,0.20015246894585148,0.10419905468667567,20.219199112007793
120.187,4.711040071296565,7.711535338869253,4.716647276587305,7.706342827641999,0.007642180580022249,0.2,0.1065687342020765,135,20.127977071562412,tracking,0.20022272795840926,0.10683119693929853,20.227195856563746
120.247,4.703379338969456,7.70227951410927,4.7084963535859226,7.69754094035134,0.006974089176693427,0.2,0.11031682767705285,135,20.139991942005956,tracking,0.20027310124785355,0.11026825196262074,20.239192342258264
120.307,4.695780702129513,7.692969969094297,4.700347316422312,7.688741089508764,0.006223936748404107,0.2,0.11272913412782239,135,20.152008884637556,tracking,0.2003044710776705,0.11255052190556178,20.247189592585716
120.347,4.690750511620935,7.686733435920509,4.694916004448277,7.682876011918442,0.005677239683716218,0.2,0.11623898143188734,135,20.16002119782292,tracking,0.20032228655016435,0.11567557278189029,20.267176738671196
120.407,4.683259340362393,7.677333215735058,4.68677137553642,7.674080921387683,0.004786628206323752,0.2,0.12177644859537141,135,20.17204125549166,tracking,0.2003557301313869,0.1178463783447446,20.279163756547053
120.467,4.675834833965847,7.6678777794281086,4.678629996219531,7.665289339977137,0.003809586698812378,0.2,0.1238817437850218,135,20.18406325910949,tracking,0.20038617931290367,0.12100693303970311,20.287152442432298
120.507,4.670922974610585,7.661543413172806,4.673204540257604,7.659430586082736,0.003109594847274015,0.2,0.1269327572089303,135,20.192078903698803,tracking,0.20040296493776977,0.12310809232648678,20.29913101334487
120.567,4.66361323205407,7.651995489692747,4.6654033681141325,7.650521258678928,0.002319039498508182,0.2,0.12880359299611913,136,20.204103677252746,tracking,0.20042441221938379,0.12626260297566222,20.306972461421626
120.627,4.656374626911538,7.642391947191327,4.657765405999236,7.641246598683916,0.0018016907820728512,0.2,0.1316500408064125,136,20.2161297087256,tracking,0.20044096715537166,0.13065886837907428,20.31898837362629
120.667,4.651589577279233,7.635958260250135,4.652674501914657,7.635064792104958,0.0014054703095386363,0.2,0.13346737281453472,136,20.224147752604306,tracking,0.20044760125293618,0.13135346031850517,20.3269973201864
120.727,4.6444743730749085,7.626261104279326,4.645040470934013,7.625794905625845,0.0007333539190529287,0.2,0.1360826509066552,136,20.23617526127366,tracking,0.2004630164176308,0.13555217884266157,20.339007592283068
120.787,4.637436097081556,7.6165068895323635,4.6374095285190515,7.616528769544566,3.441835916380408e-05,0.2,0.1386498003240977,136,20.24820364579896,tracking,0.20047940368578276,0.1388543058941368,20.35101313454288
120.827,4.632787601262002,7.60997229252491,4.632324290364195,7.61035384301698,0.0006001981056502084,0.2,0.1412357378602462,136,20.256222964437985,tracking,0.20048208694123487,0.14108388256341967,20.359013847256232
120.887,4.625882722318869,7.6001215216837,4.6246998747437,7.601095632321901,0.0015323250051931243,0.2,0.14501707368948502,136,20.2682527208522,tracking,0.20050581951698732,0.14565956619665477,20.37100965647319
120.927,4.621325746548951,7.593521373661638,4.619619454742823,7.594926556404635,0.0022104230972550525,0.2,0.14744206355572861,136,20.27627319353657,tracking,0.2005075816367903,0.14779651439825717,20.379003076068035
120.987,4.614562147254594,7.5835711577596205,4.612003333786495,7.585678417792757,0.0033148259700592803,0.2,0.1509752390985,136,20.28830453061569,tracking,0.20053028267755335,0.15205259805150678,20.39098655414723
121.047,4.607887593314314,7.573559779031946,4.604393184279618,7.576437530220163,0.004526847291774818,0.2,0.15323823745595064,136,20.300336877615784,tracking,0.2005411126019633,0.1545409030499127,20.398970563398617
121.087,4.603488953148697,7.5668513642604305,4.59932362267195,7.570281639482868,0.005395995374552537,0.2,0.15653334673573296,136,20.30835877664614,tracking,0.20055287386689888,0.1577440805209953,20.41093816206944
121.147,4.596970086163998,7.556736189615997,4.59172545511016,7.561055301402021,0.006794179973408618,0.2,0.1586443463442534,136,20.320392578408327,tracking,0.20056473911864187,0.15990349155709235,20.418910340028333
121.207,4.590548696301702,7.546557780023173,4.584135649643299,7.551839117284516,0.008307809019885731,0.2,0.16171460222035375,136,20.33242728943946,tracking,0.2005829295486257,0.16277576339206057,20.430858338538798
121.267,4.584227457712786,7.536315630939936,4.5765550393706,7.542634098749944,0.00993926751242867,0.2,0.16368016167873264,136,20.344463055935254,tracking,0.20059483327226849,0.16456605070222288,20.43881626953063
121.307,4.5800706162056795,7.5294516164505545,4.5712748615438334,7.535657844550277,0.010764876557451786,0.2,0.16653805212350523,137,20.352487644786134,tracking,0.20061541640693206,0.16711318131933042,20.459496147508265
121.367,4.573922656331795,7.5191020318465345,4.564356042652046,7.525852173127304,0.011708309212174785,0.2,0.17160125949626415,137,20.364525556236494,tracking,0.2006323692127812,0.16916351815597294,20.47149703276364
121.407,4.569883648613444,7.512166306846614,4.559746358063552,7.519319114068341,0.012406744570761637,0.2,0.17332905565543805,137,20.37255163028446,tracking,0.20065220749049417,0.17153497696336095,20.47949265986058
121.467,4.563915666083468,7.501709488296557,4.55283684600306,7.5095266327188614,0.01355905606202832,0.2,0.1758323964019972,137,20.384591641483244,tracking,0.2006654610177934,0.17295726139563913,20.491477402156264
121.527,4.5580585603344455,7.491188705875045,4.545934056104472,7.4997436783293905,0.014838839459919189,0.2,0.17743004124285985,137,20.396632926735077,tracking,0.2006906985246847,0.1760490885201178,20.499460860923747
121.567,4.554216192290917,7.484139825585788,4.541336427254632,7.493227705223082,0.015763181902517142,0.2,0.18048799045141423,137,20.40466103395373,tracking,0.20069605339633353,0.1765010550068388,20.51142520075415
121.627,4.548548309882368,7.473514195249307,4.534447141369821,7.4834638893490215,0.01725802323839965,0.2,0.18245840315105058,137,20.416703828938477,tracking,0.2007094635998664,0.1801593667549995,20.519393297281173
121.687,4.542996521374153,7.462826943795735,4.527567415317336,7.473713622113264,0.018883248621512833,0.2,0.1853213727198039,137,20.428747071826994,tracking,0.20070974100845568,0.1837460484384717,20.531332253205356
121.727,4.539360429778976,7.455668236026463,4.522986612916529,7.467221496231894,0.020039453585848688,0.2,0.18715339097814268,137,20.436776284678473,tracking,0.20072359210941895,0.1849176421605613,20.539281675040012
121.787,4.534005273224987,7.444880345135666,4.5161248358421116,7.457496667121352,0.021883364034111154,0.2,0.18980235961485836,137,20.448820216411484,tracking,0.20072371608148654,0.18849276753104185,20.551190379542113
121.847,4.528770155933396,7.434033007622267,4.509274954299652,7.447788696911094,0.0238596285501489,0.2,0.19148905944972705,137,20.460864766390056,tracking,0.2007395451573712,0.1907012395600868,20.559118224739535
121.887,4.525347567918327,7.426769082666711,4.504715552273112,7.441326900633906,0.025250943221004327,0.2,0.19391559987178703,137,20.468894630304273,tracking,0.2007394415881003,0.19314724903247618,20.5709922770657
121.947,4.520317408423726,7.415824598203389,4.497888032263819,7.431650622226854,0.02745068216481942,0.2,0.19545344599851958,137,20.480939722446262,tracking,0.20074450537861036,0.19524102673565386,20.578895402671517
122.007,4.515413609972852,7.404822897413516,4.49107555965113,7.421995669689028,0.029786654748213227,0.2,0.19765362571666534,137,20.49298483180719,tracking,0.20074578868836002,0.1977424905238263,20.59072947511365
122.047,4.512215957296604,7.3974568838882835,4.485084981382359,7.412343698469922,0.030946843174182167,0.2,0.19904219553338764,137,20.501014971151672,tracking,0.20074551552406522,0.19935095180874804,20.598604084083668
122.107,4.507529456317978,7.386360446670198,4.47932080596905,7.401838583124636,0.03217608836714407,0.2,0.20333827662593848,138,20.513060476967436,tracking,0.20076305787326384,0.20371096298483304,20.613977722161582
122.167,4.50297696404192,7.375207635759865,4.473563866227984,7.391346654673584,0.0335499367288462,0.2,0.20463001501355604,138,20.525106653835024,tracking,0.20075883029483438,0.20540266110927197,20.621964608585955
122.207,4.500017982578518,7.367741774869645,4.469730568652524,7.384360532584028,0.034547222034395135,0.2,0.20643925652197798,138,20.533137509962042,tracking,0.20076553043057613,0.20725664984124909,20.64190087961359
122.267,4.495695422264663,7.356497486062855,4.463988257113348,7.373895263791491,0.03616665580099679,0.2,0.20933105701563,138,20.54518402640612,tracking,0.20076951967852935,0.20846331956892655,20.65383804815194
122.327,4.491514507913129,7.34519907186733,4.458255896715843,7.363448130791776,0.037936306757512764,0.2,0.21058869789071535,138,20.55723119238607,tracking,0.20078383176363804,0.2104305121526124,20.66178478159806
122.367,4.4888070285919905,7.33763720497233,4.454440309129003,7.356494284866608,0.03920026618260226,0.2,0.2123797925832161,138,20.56526314577314,tracking,0.20079327157162877,0.21128878060979905,20.67368640773796
122.427,4.4848670874568475,7.326250885255167,4.448726638501304,7.346081213666459,0.04122346389628032,0.2,0.21350483702522974,138,20.57731185578085,tracking,0.200811466581664,0.21287054773196776,20.68160760718054
122.487,4.481074534989734,7.314813523327767,4.443025548169155,7.335691069849038,0.04340043026077549,0.2,0.2150940049346253,138,20.589361615200612,tracking,0.20083176800926125,0.21501687516401774,20.693468086365296
122.527,4.478629233941614,7.307160818705356,4.439232320687798,7.328777974850134,0.044937937354939415,0.2,0.2160844963498585,138,20.597395504996584,tracking,0.20084317540016383,0.21508745331985285,20.70135982462737
122.587,4.4750874931643185,7.295641560178052,4.433554730930008,7.318430660444837,0.047374185267731274,0.2,0.2174722621594583,138,20.60944694660132,tracking,0.20085447004764262,0.21681649720947702,20.713172867686346
122.647,4.4716998976757125,7.284075325999304,4.427892999966575,7.308112248432687,0.049968169137635174,0.2,0.21873784202628446,138,20.621499065762368,tracking,0.20087424064404813,0.21794398951589644,20.72495365823775
122.687,4.469526784977819,7.276339357532736,4.424127643096264,7.301249947166238,0.0517843563199382,0.2,0.2195070817249916,138,20.629534464129186,tracking,0.20088507943151107,0.21847772011778735,20.732788883769953
122.747,4.4663960327081105,7.264699371155435,4.413967557704553,7.278331161193372,0.0541716779400181,0.2,0.22056241894064274,138,20.641588131315483,tracking,0.20089790542427596,0.21951576082879398,20.744511938636492
122.807,4.463420954489332,7.253016476632656,4.410933880510104,7.266663502836297,0.05423222528261091,0.2,0.2294423532256796,139,20.6536438815965,tracking,0.20096600246411878,0.22786354107108667,20.765962424213775
122.847,4.461525403233702,7.245204346452196,4.408911259471542,7.258884411736242,0.05436352002952945,0.2,0.23026597522213685,139,20.661682693232507,tracking,0.20096006319778925,0.22917682614186008,20.77801893449635
122.907,4.4588138582910295,7.233455637460935,4.405878241335025,7.247219288145491,0.05469568193815012,0.2,0.23069541171179933,139,20.67374024849622,tracking,0.20095021804843488,0.2300807942398846,20.786055844594397
122.967,4.4562628621511085,7.221671266417661,4.402846704382901,7.235559861256251,0.055192200330377826,0.2,0.23123595606086964,139,20.685797569184974,tracking,0.2009495831986289,0.23089681830831268,20.798107037976976
123.007,4.4546520693302645,7.213796074935509,4.400826756956448,7.227791052988112,0.05561495898435751,0.2,0.23162822671701885,139,20.69383580869324,tracking,0.20094925743099318,0.23147514910229938,20.806137697814133
123.067,4.452371237784803,7.201956512866068,4.397798886241294,7.216145726610453,0.05638683658153025,0.2,0.23211802211009025,139,20.705893064705077,tracking,0.200949392171113,0.2322836663499289,20.81817681594439
123.127,4.4502527025036995,7.190086806399917,4.394773951150945,7.204511690777277,0.05732337342621197,0.2,0.2323729651608391,139,20.717950349778004,tracking,0.20094781349981225,0.23291022846544074,20.83821819398915
123.167,4.448931167970046,7.18215803652033,4.392759271774922,7.196763143667025,0.05803956475476148,0.2,0.23276416232536856,139,20.725988499150034,tracking,0.2009459835963779,0.23339756875892498,20.846224373809015
123.227,4.447086053918795,7.17024311336392,4.389740638320389,7.1851533442074205,0.0592521026965321,0.2,0.23282831179063132,139,20.738045440706053,tracking,0.2009410118748519,0.23379271448216668,20.858220189388835
123.287,4.44540669005095,7.158303986266068,4.386726605958957,7.17356124075795,0.060631147801055135,0.2,0.23280057679536378,139,20.750102099399875,tracking,0.20093701689545473,0.23403358474364816,20.8662073858134
123.327,4.444379686721616,7.150332186406797,4.384720097522711,7.165844119448029,0.061643220633397514,0.2,0.23265448096967853,139,20.758139781207134,tracking,0.2009351430577769,0.23410326590367572,20.878171429718947
123.387,4.442978629991603,7.138357536002872,4.38064801386328,7.129833267550683,0.06291080081815309,0.2,0.23248907682149986,139,20.7701961161501,tracking,0.20093304304832543,0.23390361087645073,20.886135285191724
123.447,4.441747052659016,7.126363938802636,4.382235520065146,7.118225205202009,0.06006547674241191,0.2,0.24523056498037776,140,20.782252780553144,tracking,0.20099673278529392,0.24461483658406447,20.92286617295393
123.487,4.4410245490680715,7.1183556051838766,4.3832973586515465,7.110460896312588,0.05826452558416777,0.2,0.24456261207742852,140,20.790293639884602,tracking,0.2010121248532789,0.24567198315761693,20.930692604957496
123.547,4.440084113482188,7.106332253003463,4.384894204655961,7.0987845400510015,0.055703626516233305,0.2,0.24336056417594343,140,20.802353715205488,tracking,0.200983481047461,0.2447145423529686,20.942465778334537
123.607,4.439319936818295,7.094297199943196,4.386495857528865,7.087073035309947,0.053315775408637835,0.2,0.24248589868288245,140,20.814413004908328,tracking,0.20098430968717385,0.24353550885543246,20.9503343191614
123.647,4.438908995608876,7.086267940220448,4.38756622557326,7.079246357857752,0.05182067785938582,0.2,0.24102759799312773,140,20.822452773833675,tracking,0.2009868353005931,0.24188262199567487,20.9621665173285
123.707,4.438439628169981,7.074217208599947,4.389175395849767,7.067479884833983,0.049722792737610974,0.2,0.24002244616924914,140,20.834512642754273,tracking,0.2009958868369032,0.24027930091322883,20.970073288289917
123.747,4.438224350709702,7.066179805543243,4.3902504494342685,7.059618946072052,0.04842045105723165,0.2,0.23845783215150865,140,20.842552928338804,tracking,0.20099825216450776,0.23848783274287877,20.981959589952545
123.807,4.438046441787609,7.054120606812476,4.391866107473256,7.047805033642191,0.04661018924928984,0.2,0.23738368641708985,140,20.854613439340113,tracking,0.20100284038356436,0.23685848121720093,20.98989989865303
123.867,4.438041050357855,7.042059976215241,4.393485125094069,7.035966555490789,0.04497065990440017,0.2,0.235713590788566,140,20.866674071142405,tracking,0.2009999692227783,0.23487317235250715,21.001832438445703
123.907,4.4381322631892495,7.034020170861164,4.394566128229265,7.028062112800922,0.04397165645277449,0.2,0.2345671196440394,140,20.87471439389165,tracking,0.20099606855800134,0.23357590827274094,21.009800792256875
123.967,4.438409631596357,7.021963356650804,4.396189824872044,7.016189421001321,0.04261279634948496,0.2,0.23278309809733955,140,20.88677439812616,tracking,0.20098355362600212,0.23176096301126545,21.021771187338032
124.027,4.438853777487517,7.009912387401381,4.397815798812078,7.0043000772929025,0.04141996763059443,0.2,0.23155529910608433,140,20.89883354923323,tracking,0.20097087108389264,0.23058514520559234,21.04176202778226
124.067,4.43924135986825,7.001882885734789,4.402485274412331,6.987107140122263,0.03961480122945098,0.2,0.23245998513193028,141,20.90687239971795,tracking,0.200953674657985,0.22887492028274864,21.059713409999283
124.127,4.4399606613908595,6.989846309253866,4.4067508378773095,6.976496141574515,0.03579272768130333,0.2,0.23000604800444915,141,20.91893044964576,tracking,0.20096242094089717,0.23170587938634665,21.071149682200225
124.187,4.4408431736875835,6.9778215419944685,4.411035020111236,6.965838827051893,0.03212649182568983,0.2,0.22831299407867847,141,20.930987557740014,tracking,0.20093155089949064,0.22944451146280467,21.078801808095303
124.227,4.4415218150754905,6.9698130910842755,4.4139009144222925,6.95870963987128,0.029769124638342994,0.2,0.22572497492151627,141,20.93902471147217,tracking,0.20091486145418924,0.22838823113033668,21.090319534506342
124.287,4.442674478205082,6.9578138413742625,4.418213848691966,6.947980801899983,0.026363062445031823,0.2,0.22392489550682948,141,20.95107919718885,tracking,0.20089230759059484,0.22566010373568104,21.098023435597067
124.347,4.4439874426189725,6.945832319175055,4.422542948826537,6.937211749788077,0.023112345847392458,0.2,0.22065453479462363,141,20.963132443629632,tracking,0.20086569318818814,0.22180776590117954,21.109615844957965
124.387,4.444950623817015,6.937855622750086,4.425437438526385,6.93001142883313,0.02103082923693913,0.2,0.21845647504940857,141,20.97116708138602,tracking,0.20085585944272832,0.22132912309459088,21.117367313901976
124.447,4.446526104412528,6.925907977295787,4.42979133571293,6.919180691674302,0.018036320446867208,0.2,0.2151284780359449,141,20.983218154824037,tracking,0.20083151245691527,0.21650401975207687,21.129027561600218
124.507,4.448255985569265,6.913983025533513,4.434158859221276,6.908316057732078,0.015193534655690084,0.2,0.21289958736908485,141,20.99526792508529,tracking,0.20081433591627096,0.21377409414266244,21.136822027423268
124.547,4.4494942923724174,6.906046222074113,4.437077818140737,6.901054867244671,0.013382169307678769,0.2,0.2095302272669553,141,21.003300748554775,tracking,0.20080530660646945,0.2110628096859845,21.14854354198858
124.607,4.451476706742434,6.894162232012372,4.441466297999655,6.890138102368912,0.010788971340441574,0.2,0.20727529625762867,141,21.015348951180975,tracking,0.20079015104243686,0.2080535744767448,21.15637674905218
124.667,4.4536076379683145,6.882304632435213,4.445866306301823,6.879192659384017,0.00834341610145373,0.2,0.2038739644920078,141,21.027396504277835,tracking,0.20077681136247383,0.20452113657438203,21.16815318706162
124.707,4.455109491844014,6.874414987398287,4.448805609301481,6.871880861044397,0.00679416893280756,0.2,0.20160130574771287,141,21.03542782197001,tracking,0.20077158666981676,0.20206417684704456,21.176020972439574
124.767,4.4574822331946455,6.862604456792485,4.453222968635832,6.860892255701513,0.004590530160873386,0.2,0.19817853235485752,141,21.04747433742916,tracking,0.20076089363237273,0.19837197409488933,21.187846284638283
124.827,4.459996402251146,6.850823932078274,4.458741132195686,6.8501158254984205,0.001441220954803625,0.2,0.19487514791218935,142,21.059520158637646,tracking,0.20075320990181958,0.1946673200929394,21.2002055255658
124.867,4.46174983219418,6.8429873402797226,4.462517936695484,6.8434206333779075,0.0008818885609063122,0.2,0.1925416040725779,142,21.067550519002054,tracking,0.20074968004354932,0.19204853877311107,21.207874062063862
124.927,4.464493896489929,6.831258885996895,4.468199331809974,6.833349147865196,0.004254344319530018,0.2,0.18903283961973277,142,21.079595705954674,tracking,0.2007426660471393,0.18818255580584606,21.227124491118825
124.987,4.467373108473292,6.819563122122452,4.473899362221882,6.823244627310179,0.007493027988620156,0.2,0.18322681444463018,142,21.091640653204532,tracking,0.20074457178278365,0.18542458874084106,21.238725856656703
125.027,4.4693651176695575,6.811784454244837,4.477708972108401,6.816491280639516,0.009579881085183414,0.2,0.18089622489034357,142,21.099670334056736,tracking,0.20073067060847494,0.18190535652399764,21.24647961824329
125.087,4.472460441922777,6.800144844413469,4.4834371417787,6.806336877242783,0.01260274614067578,0.2,0.17570814978479313,142,21.111714484058254,tracking,0.20072994078331893,0.17940257161480494,21.258138256076045
125.147,4.475678849271628,6.788539933914354,4.489180174678959,6.796156125598444,0.01550136005398971,0.2,0.17228226272611824,142,21.123757411175678,tracking,0.20069848264025486,0.17232191382313508,21.26592754624734
125.187,4.477891131704567,6.780822909821421,4.493016579043057,6.789355279997094,0.017366073188955257,0.2,0.16716454710896045,142,21.131785278539677,tracking,0.2006900509556524,0.17104352177690907,21.277635442111894
125.247,4.481305664533479,6.769276688923508,4.498781841357127,6.779135121971993,0.02006503073864775,0.2,0.16379347102002342,142,21.143825803921203,tracking,0.20065957970929446,0.16442857692601376,21.285455321314636
125.307,4.484832191865444,6.757765729579716,4.504559049529273,6.768893787363652,0.02264911882020055,0.2,0.15875965842683235,142,21.15586484790474,tracking,0.2006218838437943,0.15848652257334594,21.297205950723136
125.347,4.487242735087532,6.75011143100971,4.508416471669785,6.762055683267442,0.0243103328412215,0.2,0.15544608598262877,142,21.163889746983504,tracking,0.20061365615436205,0.15658551346672658,21.30505220093335
125.407,4.490945881396469,6.738659169471978,4.514211196887156,6.751783295957495,0.02671175024009191,0.2,0.1505003032469601,142,21.17592584215237,tracking,0.20057414996164127,0.15075048554739184,21.316839534320827
125.447,4.493470348371703,6.731043871766059,4.5180794304354714,6.7449260263332995,0.028254577247766952,0.2,0.14724834534948916,142,21.183948665387295,tracking,0.20056476572940093,0.14866017246220223,21.324708582010636
125.507,4.4973404563668895,6.719650062572527,4.5238894464751755,6.734626532776997,0.03048185584171746,0.2,0.14239776532986573,142,21.195981812267185,tracking,0.20053237395019677,0.14312981957384788,21.336527700619538
125.567,4.50130721645504,6.708291316507404,4.528720617802514,6.726242152380648,0.03276777505394272,0.2,0.13920997192584741,142,21.2080132834062,tracking,0.20051035394985195,0.13989623540849788,21.34441695409565
125.607,4.504004505561437,6.700738072777465,4.532991774054485,6.719719507898805,0.03464904925035749,0.2,0.13448184780857636,143,21.216033686099788,tracking,0.20049369580276385,0.13550887619989738,21.354047756300798
125.667,4.508126249369263,6.6894371330538425,4.539408002709045,6.7099210421066475,0.03739169188596017,0.2,0.13137538365018647,143,21.228062817849597,tracking,0.2004721042340086,0.13223417110630506,21.361849030447445
125.727,4.51233721100774,6.678170425103907,4.545835317656702,6.70010564601641,0.040040942365852795,0.2,0.12675363736769807,143,21.24009073977942,tracking,0.2004480555484604,0.1276474598400597,21.373568343568767
125.767,4.515192530893991,6.67067821945607,4.5501259259774995,6.693553295543518,0.04175657071727824,0.2,0.123725014574766,143,21.248108594674733,tracking,0.2004347199147044,0.12452814481600938,21.381392170211306
125.827,4.519545312090847,6.659467883829556,4.556569966236654,6.683712357596624,0.044256293596037506,0.2,0.11922509912533451,143,21.26013433078554,tracking,0.20041102712108774,0.11991785695217677,21.40098738864207
125.887,4.523978588940533,6.64829090254629,4.563022877336309,6.67385787265322,0.04667040193507123,0.2,0.10573687728202559,143,21.272158425522044,tracking,0.20038605696043907,0.11465877025608553,21.412766647326716
125.927,4.526975966250925,6.640857918803744,4.5673289763787634,6.667281865712576,0.048234742630372245,0.2,0.10021117216535007,143,21.280173007111735,tracking,0.20034073660909854,0.10626030557316744,21.42062707710166
125.987,4.531533762152211,6.629731485345898,4.5737960901858745,6.657405691276691,0.0505169876845887,0.2,0.09207136507370464,143,21.29219677627825,tracking,0.20031022370466806,0.1000532231379935,21.432432261661088
126.227,4.550399738565497,6.585515297490917,4.599722350788001,6.617812716757621,0.058956283530602074,0.2,0.0763288238209306,143,21.34026959952022,tracking,0.2000704287013329,0.0746464891393095,21.456078249828533
126.407,4.565019050901056,6.552755981674106,4.618607313714584,6.589616742838546,0.06504166068754395,0.2,0.042086933992967965,144,21.376142947091225,tracking,0.19339332675752965,0.03719466824544689,21.509888771328406
126.487,4.571614690527016,6.538261985442705,4.6274933513443965,6.576698200062042,0.06782158453624912,0.2,0.03363247742257299,144,21.392067091929533,tracking,0.20004063145589646,0.03355797399011175,21.525434765733674
126.547,4.576615379862589,6.527348782685222,4.634195150661418,6.566955108173031,0.06988627207035637,0.2,0.029494679338271605,144,21.40407146147803,tracking,0.1999864167866415,0.029136445153495453,21.533317829819566
126.607,4.581633164605942,6.516444552441129,4.640898251116216,6.5572101246868035,0.07193178963148003,0.2,0.022547465082009232,144,21.416074811049995,tracking,0.20001758833333827,0.022864427267055547,21.545144105656167
126.647,4.584985689400487,6.5091787718247724,4.645367610042091,6.550712559982176,0.07328732427284462,0.2,0.013431843504418634,144,21.424076747719518,tracking,0.20013975496071812,0.015621723800797734,21.556972542351154
126.707,4.590020229735717,6.498284337064622,4.652071518224666,6.540966402219374,0.07531348543928452,0.2,0.007519265539707756,144,21.436078218676457,tracking,0.20001594101026185,0.008312130968847283,21.564858770336972
126.767,4.595059966860717,6.48739390188234,4.65877522798171,6.531220532928085,0.0773330982732246,0.2,-0.0011330436244732954,144,21.448078240707627,tracking,0.20000156328096017,-0.00023577666318827268,21.576688036992145
126.807,4.598419853367189,6.480134252023515,4.663244088697397,6.52472369252262,0.07867909309447732,0.2,-0.00951590715163423,144,21.456077700277444,tracking,0.2000156049410461,-0.008505915843707657,21.588516514382615
126.867,4.60345723335751,6.469246528114645,4.669945775423542,6.514980764318494,0.08069911144006427,0.2,-0.014910650709672063,144,21.468074271832794,tracking,0.19995048212905167,-0.014342424039716898,21.59640083101269
126.927,4.6084857486586355,6.458355239588842,4.676646279431973,6.505239555552211,0.08272845362181104,0.2,-0.022822984132525596,144,21.48007036002378,tracking,0.19993743228913793,-0.022234467339889128,21.608226148769816
126.967,4.611830223204504,6.451091178614041,4.681112249847361,6.49874691707224,0.08408964635279337,0.2,-0.027934929952074767,144,21.48806736520282,tracking,0.19992845789661126,-0.02746009855645595,21.61610783072994
127.027,4.616831563793441,6.440188803047347,4.687809202804375,6.489010870833008,0.08614766127083277,0.2,-0.03544230148639021,144,21.50006216410417,tracking,0.19991700970082069,-0.03503915475120929,21.635805065711875
127.087,4.621810815798347,6.4292770237441905,4.695310426149249,6.478062553686831,0.08821689551054679,0.2,-0.04843704318106923,145,21.51205632427023,tracking,0.19990586961362827,-0.04029808346479063,21.649076793512762
127.127,4.625114677118265,6.421996296921449,4.699675492740393,6.471486204224561,0.08949059252853116,0.2,-0.05304269686443523,145,21.520051603045147,tracking,0.19989398193915164,-0.04832992346978177,21.65696996642326
127.187,4.630045513842287,6.411064189465888,4.706220536857521,6.4616255305185675,0.09142802273054386,0.2,-0.059787250151154436,145,21.532044272648655,tracking,0.19987550871838944,-0.053474842919087405,21.6688051042945
127.247,4.634940610083196,6.400118385784795,4.712760961142479,6.451771816988364,0.09340280506543612,0.2,-0.06414758830109503,145,21.5440347932976,tracking,0.19980874018722494,-0.0626726452370539,21.676690628683026
127.287,4.638182135771861,6.392812974980691,4.717118337028913,6.445207054236336,0.09474208890424954,0.2,-0.07053865742593882,145,21.552027071809203,tracking,0.1997972523246754,-0.06529506296459191,21.6885111544316
127.347,4.643007601944021,6.381841422894269,4.723649330200863,6.435367549491648,0.09678912420705695,0.2,-0.07506464969033642,145,21.564012900064427,tracking,0.19974223177548364,-0.07372938171369954,21.696385483407813
127.407,4.647784739626048,6.370851928454267,4.730173810200224,6.42553785740346,0.09888634776910636,0.2,-0.08196895974004956,145,21.575995805909,tracking,0.19969821727255577,-0.0823696408065155,21.708187418446762
127.447,4.650939970611352,6.363514443884649,4.73451957290477,6.418990590911998,0.10031526707598394,0.2,-0.08645380631345326,145,21.583982930697058,tracking,0.19966000295959352,-0.08472421032187605,21.716048631748166
127.507,4.655625135625449,6.352489791833501,4.741032124141984,6.409178870533264,0.10250856223404688,0.2,-0.093043305860125,145,21.595961817292157,tracking,0.1996271324707632,-0.09345372286117105,21.727829543156847
127.567,4.660248366971964,6.341441056082576,4.747536831022282,6.399378968355081,0.1047667773426301,0.2,-0.09732404201908273,145,21.6079388298486,tracking,0.19959387154330274,-0.09818860401176395,21.735675816291938
127.607,4.663294388717052,6.334061281079316,4.7518686800251455,6.392852664055758,0.10631007380777087,0.2,-0.10362091336459119,145,21.61592252119849,tracking,0.1995760419388029,-0.10342622392422365,21.747433129830686
127.667,4.667804507450593,6.322968922677285,4.758358893268932,6.383074597791572,0.1086866549852412,0.2,-0.10771883075571709,145,21.627896726220524,tracking,0.19954957298579346,-0.10813899107877847,21.755262587177516
127.727,4.672240745207577,6.311848630822178,4.764839382126672,6.3733111821540405,0.11114023922727634,0.2,-0.11374411181457035,145,21.63986924042512,tracking,0.1995275396919777,-0.11375371584435941,21.766993053229946
127.767,4.675154975758426,6.304418927333866,4.7691539305042046,6.3668109427395745,0.11282095142164465,0.2,-0.117665893991945,145,21.647850044496625,tracking,0.19949837609678098,-0.11745846326908572,21.774803185162693
127.827,4.679457768439361,6.293249418118233,4.779830023952573,6.3500152969036066,0.11531242201551915,0.2,-0.12343375326034055,145,21.65981967109787,tracking,0.19947338994330585,-0.12279020874408154,21.78650262703922
127.887,4.6836720880521545,6.282048468892993,4.785650901166575,6.339722941926705,0.11715811181451383,0.2,-0.13336232533006517,146,21.671787200222347,tracking,0.19942225980743358,-0.13229489609049083,21.814341065919297
127.927,4.686430483951893,6.274564153082596,4.7895263816977796,6.332870397221366,0.11844147178079154,0.2,-0.1424580942434407,146,21.679763648748445,tracking,0.19938613225092994,-0.13786652836666596,21.822213595264202
127.987,4.690486922035061,6.263313067356136,4.795330481521042,6.3226077076805725,0.12044926872710648,0.2,-0.14766233393496572,146,21.69172364958234,tracking,0.1993183158283164,-0.14195176499342949,21.834003861222573
128.047,4.694446105234156,6.252029554660561,4.80112490762805,6.312362123005243,0.12255768308539919,0.2,-0.15110816369058575,146,21.703681608871246,tracking,0.19929790565043262,-0.1472397191646075,21.84185306168212
128.087,4.697029740947084,6.2444889216685855,4.804982168828398,6.305541793344772,0.12402088463391672,0.2,-0.1564989316527875,146,21.71165257615363,tracking,0.19928138154334452,-0.1507162325223158,21.853609995466627
128.147,4.700818353713086,6.233150069966505,4.810758971797357,6.29532736953849,0.12630501212072257,0.2,-0.16001690599542015,146,21.723607622979657,tracking,0.19925754658265052,-0.1561959910244351,21.861435619832882
128.207,4.704500494707098,6.221778082935254,4.816524170973525,6.285133463319179,0.12869812845506792,0.2,-0.16518984445549997,146,21.73556087573105,tracking,0.1991485201512062,-0.1638591035408552,21.87315495720423
128.247,4.706893767244333,6.214178339933895,4.820360628358285,6.278349918536148,0.13035612786270592,0.2,-0.1685606848971941,146,21.743528550870273,tracking,0.19922985971744808,-0.16532028360674905,21.88095404063652
128.307,4.71038960326184,6.2027516317666,4.826104126553343,6.26819438354384,0.13293834909745647,0.2,-0.17351224544145114,146,21.755478049981193,tracking,0.1991243597820444,-0.17258119161391075,21.892630580114513
128.367,4.713767755151746,6.191291781769226,4.831833306555,6.258064165685648,0.13563932203471227,0.2,-0.17832887863361715,146,21.767425437651877,tracking,0.19916429531010377,-0.17881024401826187,21.904278582094573
128.407,4.715952837516855,6.183633773077666,4.835644278166197,6.251325684321537,0.13750722094698548,0.2,-0.18144794741556355,146,21.775389085186916,tracking,0.19913024020699838,-0.1815369852667969,21.912027032013523
128.467,4.71912668768981,6.1721196387887005,4.84134720869538,6.241241880238921,0.14041274877294993,0.2,-0.18603184752396743,146,21.787332644679157,tracking,0.19914774692663734,-0.18711705619784363,21.923623020858592
128.527,4.722172137566422,6.160572987293387,4.8567926683939335,6.206915461682294,0.14237384680048343,0.2,-0.1890041206374253,146,21.799274165759204,tracking,0.19915891632908286,-0.19053341100263793,21.93133471568685
128.567,4.7241279158685705,6.152857470911918,4.859374506912632,6.199415463538445,0.14303596424134477,0.2,-0.21319314671281422,147,21.807233704803636,tracking,0.19872255892259097,-0.20874019998831772,21.96924758596159
128.627,4.726936529358453,6.141257005525656,4.863242383903599,6.188179644550234,0.1441562348159571,0.2,-0.2159771342287094,147,21.819169328244136,tracking,0.19901765566582308,-0.21735248908223934,21.977175215814626
128.687,4.729599491823178,6.129626834682668,4.867103971802007,6.176962094784588,0.14542389371476955,0.2,-0.21987945490383223,147,21.831100474162515,tracking,0.19901994412430352,-0.22193156793622854,21.989052192133904
128.727,4.731288673143098,6.121855420830041,4.869674768278114,6.16949417273626,0.14635628449062235,0.2,-0.22259663374131544,147,21.839053348284516,tracking,0.1990032075450761,-0.2246002071627299,21.996958972585418
128.787,4.733689097972211,6.110170598370142,4.873525360778858,6.158308563567002,0.14788997291575873,0.2,-0.22661442737522186,147,21.850982183738136,tracking,0.1989720777247049,-0.22821238495431917,22.016686832663932
128.847,4.73592665216405,6.098453343973365,4.877368678917713,6.147144085735075,0.14958821900634242,0.2,-0.23307731026407677,147,21.86291116941841,tracking,0.19894975129928633,-0.23049309827734749,22.02849431586638
128.887,4.737325902658139,6.090624728746734,4.879926362453047,6.139714255546768,0.15081337067770428,0.2,-0.23557844097783004,147,21.870863849363676,tracking,0.19891640384417358,-0.23388411456803507,22.036352058652575
128.947,4.739285137088819,6.078857561958991,4.883755554485133,6.128590812726823,0.15279102635495734,0.2,-0.2392523373011407,147,21.882793007496794,tracking,0.19889408343022472,-0.23604087432265006,22.04811614347831
129.007,4.741073691318649,6.0670631818786305,4.8946081413795755,6.047990535313067,0.1547145539454066,0.2,-0.2416338872392356,147,21.894722229085524,tracking,0.1987944663803622,-0.24040794474207752,22.05594245212732
129.047,4.742170315518137,6.059186140719383,4.893661160729636,6.040367358696907,0.15265524144196232,0.2,-0.29833149550771015,148,21.902675238708262,tracking,0.19884234462498554,-0.24139062854750995,22.139240531580953
129.107,4.7436468563048075,6.047353496673585,4.892236040856008,6.028895170224468,0.14973127789774882,0.2,-0.3002169340910217,148,21.91459965222882,tracking,0.198366064863764,-0.29510179677589826,22.146941959531656
129.167,4.744927453105188,6.035506157287652,4.890806145439942,6.01738453872424,0.14699995216548808,0.2,-0.3021894229507368,148,21.92651600144704,tracking,0.19851969802728622,-0.3018926006308447,22.158529857492397
129.207,4.745668171061907,6.02760111417904,4.889850330413495,6.009690245541537,0.1452903792087987,0.2,-0.30341343722312336,148,21.934455672072477,tracking,0.19852885110536833,-0.3034443222126083,22.166274385318797
129.267,4.746599641497819,6.0157300572085175,4.888412227787411,5.998113546153334,0.1429025930202119,0.2,-0.30517736498992987,148,21.94636321719187,tracking,0.19853400890651368,-0.30569867218670765,22.177925824827334
129.327,4.747311669856644,6.0038435190693225,4.88696889638183,5.98649475518744,0.14073066662577985,0.2,-0.3063107312709241,148,21.95827106222438,tracking,0.19853610091994278,-0.306756235861524,22.185717298654918
129.387,4.747803517727595,5.9919456964668125,4.88552083838344,5.974837915237369,0.13877585015851698,0.2,-0.30795303972541616,148,21.970179046814938,tracking,0.19852815723895292,-0.3083351722483614,22.197438712105164
129.427,4.748009011554614,5.984009892528679,4.859401049939336,5.907135525313624,0.13534346881256806,0.2,-0.30899848619298953,148,21.978117510889142,tracking,0.1985251565605248,-0.30948156692909007,22.205273650604795
129.487,4.748124087763255,5.972106305933728,4.853873511737957,5.899126044783155,0.12848758379153666,0.2,-0.35856344461661604,149,21.990021653712432,tracking,0.1979036228160119,-0.3521676812778978,22.283213568186664
129.527,4.748062103441607,5.964174294957372,4.850145474526515,5.8937240664749,0.12403325902874429,0.2,-0.35797893762708793,149,21.997953906871853,tracking,0.19824105247073065,-0.35752027500835115,22.289716458042378
129.587,4.7477739353971256,5.952287580634688,4.8444957299131906,5.8855375071361955,0.11751884038936927,0.2,-0.35654529211881736,149,22.009844113691372,tracking,0.1983301784688498,-0.3589077086197003,22.299581674962884
129.647,4.74723711748691,5.9404136473966656,4.838771741269464,5.877243367154114,0.11121632819391289,0.2,-0.35555428286439394,149,22.021730175444944,tracking,0.1983469041665099,-0.35834087354322053,22.316304332186423
129.707,4.746444822532722,5.928553634120698,4.83297183842525,5.868839226428727,0.10513198830645543,0.2,-0.35307624669522825,149,22.033616623450996,tracking,0.198346625735703,-0.35652753891971056,22.323097077686484
129.747,4.745774270282338,5.920656861641074,4.829063939506789,5.863176625979464,0.10119854984747953,0.2,-0.3516104856017343,149,22.04154181467364,tracking,0.1983443562351246,-0.35524788475286057,22.333395693230468
129.807,4.744556326485204,5.908830275043257,4.823142340947373,5.8545961464526,0.09548351885553899,0.2,-0.3506400661976848,149,22.05343094995122,tracking,0.19834211965909823,-0.353399438928181,22.340332219561336
129.867,4.74308595395933,5.897030932410412,4.817152040305733,5.845916116643146,0.08999171927235536,0.2,-0.3491798830916701,149,22.06532155472693,tracking,0.19836567150388368,-0.35097217651751317,22.35083901714925
129.907,4.741966617413356,5.8891823854548155,4.813121899893831,5.8400763865520675,0.08645503659771916,0.2,-0.348200676937854,149,22.0732495181235,tracking,0.1983416915627112,-0.35048117016200936,22.357908907172124
129.967,4.740080086338531,5.8774399520933605,4.807023942869743,5.831240361131586,0.08133807307962737,0.2,-0.34671052385165835,149,22.085142530388882,tracking,0.19836677605779227,-0.34805037969825203,22.368607998471106
130.027,4.737946333979659,5.865738293003827,4.800865288898154,5.822316384981222,0.07644774021747931,0.2,-0.3451901157355739,149,22.097037139444108,tracking,0.19834864594946966,-0.3458549275888562,22.37941576472091
130.067,4.736386714512163,5.857962569534762,4.786413348455114,5.806199721971485,0.07198650214811905,0.2,-0.35406156743236994,150,22.104967731373513,tracking,0.19810727724244417,-0.35036514944495173,22.40151687438243
130.127,4.7338378900638,5.846342585524398,4.7792888615236535,5.7993142024042745,0.06540229067500254,0.2,-0.3514288684486016,150,22.116863971723713,tracking,0.19829688990546998,-0.35119958193360234,22.41137772001473
130.187,4.731046249238072,5.834778222209498,4.772066620082271,5.792334207179049,0.05902681793981883,0.2,-0.34962807772488685,150,22.128760515649528,tracking,0.19829306909944144,-0.34923960022656575,22.418028459621986
130.227,4.729049713520114,5.827101851179179,4.767198354589738,5.787629231560498,0.054894503504631854,0.2,-0.34691365636936666,150,22.13669227630327,tracking,0.1983177174455483,-0.3465341739482521,22.42811732163527
130.287,4.725854250852435,5.815640262483659,4.759818673696894,5.780497077669799,0.04887356604564814,0.2,-0.3451083032592589,150,22.148590973588508,tracking,0.19830356434645588,-0.3442467253731734,22.434916595132
130.347,4.72242131469942,5.804246088781842,4.75234989456555,5.773278814046498,0.04306613515672866,0.2,-0.34265555112575763,150,22.160491067914933,tracking,0.19831144229116368,-0.34171413728847155,22.445221600987757
130.387,4.720003052925092,5.796689612073102,4.7473234870844445,5.768421000789644,0.03931310858417046,0.2,-0.34108622901942953,150,22.16842506629273,tracking,0.19832168870700193,-0.3402026378673619,22.452159523453076
130.447,4.71618475122241,5.785417964596877,4.739716681421746,5.7610693402787385,0.033861589524006086,0.2,-0.3387102387256399,150,22.180325884110047,tracking,0.19833875649531293,-0.3381238705417045,22.462663753717624
130.507,4.712140590563603,5.774225791863392,4.732032809202366,5.753643198154052,0.02862417730129756,0.2,-0.3371134293452512,150,22.192226302839252,tracking,0.1983531906767469,-0.3368348269534119,22.4804144587588
130.547,4.709320958456841,5.766810493516176,4.726869420528776,5.748652998286027,0.025251597060839973,0.2,-0.3330296170686931,150,22.20015958556431,tracking,0.19837599543202852,-0.3347692546525826,22.48759517441376
130.607,4.704907844181504,5.755759821442798,4.719065489298468,5.741110824133083,0.020372335100276067,0.2,-0.33050575690666856,150,22.212058868352806,tracking,0.1983918264529365,-0.33344179567598436,22.498448088013376
130.667,4.700277228292827,5.744798881903327,4.7111939386038895,5.73350329858728,0.015708748087145768,0.2,-0.32879368579125656,150,22.223957809444197,tracking,0.19844861888785845,-0.33088441909191785,22.505735894456507
130.707,4.697070550016084,5.737543229334848,4.705910203411167,5.728396788826304,0.01271993891972488,0.2,-0.32616644158765795,150,22.23189048111048,tracking,0.19842883477405182,-0.32975362184380946,22.516743121234406
130.767,4.692083165835066,5.726739621703613,4.697932805170725,5.720686966040688,0.00841741771158091,0.2,-0.32438081489433557,150,22.24378972221312,tracking,0.19855808995983804,-0.32719329070736786,22.524129818901496
130.827,4.6868855791545325,5.716035188609419,4.68989627974234,5.712919999293204,0.004332288368204964,0.2,-0.32163930803425067,150,22.255689293431015,tracking,0.1985102035169854,-0.3234956853106655,22.53527927403833
130.867,4.683305339726639,5.708955505387154,4.683886937272709,5.708189460787905,0.0009618108096889287,0.2,-0.31996577760993095,151,22.263622768639816,tracking,0.19858495752881497,-0.32288189883858903,22.543096347947742
130.927,4.677764186392497,5.698423389179976,4.675299514091511,5.701669704295719,0.0040759258312622875,0.2,-0.31680637261679784,151,22.27552360273134,tracking,0.19854604160535452,-0.3188344202545442,22.55384543320897
130.987,4.672021592134005,5.687998571102936,4.666635982970275,5.695092165017512,0.008906394370864368,0.2,-0.3146787927550964,151,22.287425460601312,tracking,0.1985276481913141,-0.3161496794350719,22.561065711579783
131.027,4.668082403044918,5.681109770279811,4.660819429940324,5.690676112777046,0.012011065193914735,0.2,-0.31144581740946964,151,22.29536100012048,tracking,0.19857994388882957,-0.3134419176337548,22.57197433132731
131.087,4.662010679047422,5.67086955664034,4.652036023152382,5.684007561312788,0.016495482017744194,0.2,-0.3092707150284034,151,22.30726594899411,tracking,0.19855259696104538,-0.3103951625828573,22.579297142122805
131.147,4.655745982067879,5.660743685146574,4.643185272544384,5.677287880971012,0.020772140939512403,0.2,-0.3061329904719757,151,22.319173077184978,tracking,0.198558306743563,-0.30688754350728226,22.590353919924482
131.187,4.651464074568017,5.654057714743047,4.637249001728529,5.672780936410998,0.02350802683040824,0.2,-0.3042737989690345,151,22.327112657279304,tracking,0.19856464058914167,-0.3047159728024213,22.597771508749126
131.247,4.6448861231744845,5.644127450949776,4.628293745266594,5.6659819129758064,0.02743947002194887,0.2,-0.30145574130072295,151,22.339023978933078,tracking,0.19856657331140343,-0.3014368006940299,22.60896438956592
131.307,4.638126127366884,5.634317332260303,4.619280872293782,5.65913914584557,0.031165141880505166,0.2,-0.2985999258949578,151,22.35093766736363,tracking,0.19857024065598264,-0.2981355209308599,22.620232887830117
131.347,4.6335205402829,5.627844983073861,4.613242157945496,5.65455442395101,0.033535160983538814,0.2,-0.29668582969986823,151,22.358881390444115,tracking,0.19857509181393204,-0.29597557857841417,22.62778478811001
131.407,4.626467595510435,5.61823901657944,4.604141775007442,5.647645217371829,0.03692109026253355,0.2,-0.2937625621113079,151,22.37079854707879,tracking,0.1985860833588238,-0.2928871538461255,22.646792751136193
131.467,4.619245706578754,5.60875767725095,4.5949942443174425,5.640700215204688,0.04010560001717683,0.2,-0.2887752714763233,151,22.38271708202246,tracking,0.198594178862389,-0.2908439152806359,22.65827797524485
131.507,4.614340232643548,5.60250642999984,4.588871782155709,5.636051910167792,0.042118181465371426,0.2,-0.286735107181143,151,22.390663261401475,tracking,0.19861648365288964,-0.2880547863129064,22.665965060689793
131.567,4.606848500444234,5.5932357741143575,4.579654544122217,5.629053984685274,0.044971718545617566,0.2,-0.2836022194589345,151,22.402582620104578,tracking,0.19863168260415043,-0.2862098174178456,22.677537806173255
131.627,4.599201207151584,5.584093144289401,4.570400284830328,5.622027951866633,0.0476292216236695,0.2,-0.2814812107305468,151,22.41450188077041,tracking,0.1987117226625901,-0.28227870407944144,22.685279086249093
131.667,4.594018274092685,5.578070007162792,4.567549088896236,5.620203538277125,0.04975793614215076,0.2,-0.2762395155849492,152,22.42244801039048,tracking,0.19867644662843567,-0.28161427550263884,22.692543100073063
131.727,4.5861206125874725,5.5691427116588725,4.5578650375595275,5.614119810151236,0.05311607015726621,0.2,-0.27401715311789054,152,22.434367308283612,tracking,0.19877963895721998,-0.27577994994018684,22.700161149578594
131.787,4.578077060493123,5.560346277226131,4.5481353257967525,5.6080073971693265,0.05628578711244522,0.2,-0.27063712980197135,152,22.4462868715736,tracking,0.19877561801691146,-0.27184579875390863,22.71163402168777
131.827,4.572635629101816,5.554554961772331,4.541625032332033,5.603917491603774,0.058295080953526354,0.2,-0.26836056231967986,152,22.454233475267742,tracking,0.19881995540403574,-0.2705725716216901,22.719311344179335
131.887,4.564357658814382,5.545978195655516,4.531826187078525,5.597761647484689,0.061154088470397536,0.2,-0.26488586945892834,152,22.466153446287095,tracking,0.1988154780446569,-0.26651466110255073,22.730867873815168
131.947,4.555943747622471,5.537534142817229,4.521989649838671,5.591582124453806,0.06382840335853295,0.2,-0.262698240019909,152,22.47807384602373,tracking,0.19880904016959405,-0.2642044209938561,22.738597688100477
131.987,4.550260332518632,5.531979181403644,4.515412314292551,5.587450101619142,0.0655088342427146,0.2,-0.25990117694302983,152,22.48602109734409,tracking,0.1988389500365358,-0.2616560713238476,22.750228384428063
132.047,4.541626872949514,5.5237587412251505,4.505519082228619,5.581234961687455,0.0678770098735605,0.2,-0.2580148380667394,152,22.497942182062342,tracking,0.19883126113230362,-0.2595721007696793,22.758004758351007
132.107,4.5328657153961585,5.515673382120215,4.4955951350795305,5.575000525882486,0.07006287279385139,0.2,-0.25512810741499886,152,22.509864049094418,tracking,0.198841577599012,-0.25665093287781304,22.76970065467542
132.147,4.526955379902892,5.510358482225109,4.488963228171726,5.5708342201515,0.07141931441077783,0.2,-0.253180341575612,152,22.51781264812431,tracking,0.198848911182521,-0.25458775838155284,22.777517706864778
132.207,4.517987985600377,5.502499692691943,4.478993462828325,5.564571000377124,0.07330361549042776,0.2,-0.2502062344594381,152,22.52973635281301,tracking,0.198853467782735,-0.2513931691144593,22.78927094184806
132.267,4.508900640933545,5.494777651832746,4.468999288760368,5.558292446520044,0.07500831320205455,0.2,-0.24820315952930472,152,22.54166152568911,tracking,0.19884711869746322,-0.248930131538348,22.7971235866921
132.307,4.502777486077951,5.489705417475608,4.462324094175833,5.554098946544907,0.07604606171515438,0.2,-0.24515385035862836,152,22.549612663139772,tracking,0.19885632198392705,-0.2457047529024882,22.80892628781671
132.367,4.493497516450487,5.482211628797782,4.452294619758562,5.547798216253552,0.07745501371698821,0.2,-0.24310493281314688,152,22.56154055922561,tracking,0.19884604340745776,-0.2430814801213529,22.828653802494085
132.407,4.487248992460374,5.477291424942834,4.445598014739193,5.543591265785429,0.07829733610336775,0.2,-0.237900881041889,152,22.56949370061938,tracking,0.1988548022556565,-0.2397691166548608,22.83656221263941
132.467,4.477786023837088,5.470025043010079,4.440343592709782,5.540616012137386,0.07990632372381747,0.2,-0.23254920999212592,153,22.581424672145534,tracking,0.1988454911877536,-0.23715669640635506,22.842604315476045
132.527,4.468219268539857,5.462892793283919,4.429924959792967,5.535089824435882,0.08172432556809398,0.2,-0.2304625963034269,153,22.593357475381715,tracking,0.19891998391796664,-0.23120220458182886,22.850463678365923
132.567,4.461785438704058,5.458212343212179,4.422966296804251,5.5313988528723215,0.08284437804746578,0.2,-0.22732606161883628,153,22.601313654064352,tracking,0.19886672361604887,-0.2293429892272079,22.8622747612744
132.627,4.452054313090395,5.451302001969697,4.4125112434116485,5.525853347244274,0.08438932066243522,0.2,-0.22522285407182552,153,22.6132487963675,tracking,0.19893660693028925,-0.22576761188944275,22.870162235269923
132.687,4.442230577863843,5.4445228965696515,4.40203823981241,5.520298320577147,0.08577493177820944,0.2,-0.22202720480319119,153,22.625184542838767,tracking,0.19894972535827388,-0.22172113096346402,22.882010738986654
132.727,4.435632022434313,5.440075748905489,4.395047595624885,5.5165903857412495,0.0866116929147452,0.2,-0.22026955217956246,153,22.6331418071993,tracking,0.19891791768879682,-0.22133168855629454,22.889920209599556
132.787,4.425662230220047,5.433513551438415,4.3845503938956245,5.511022524049644,0.0877372436381169,0.2,-0.2180847961199624,153,22.64507743422064,tracking,0.1989768935229594,-0.21820274988424712,22.901797723420117
132.847,4.415608566919508,5.4270808145242,4.374041326913779,5.505448368863158,0.08870912588208416,0.2,-0.21659896150398827,153,22.657012937979093,tracking,0.19897380227882208,-0.2167164289978885,22.909724075796223
132.887,4.408860679023924,5.422864488234689,4.367029687811628,5.501729298032747,0.08927200037126483,0.2,-0.21431214691521727,153,22.664969783989353,tracking,0.1990193137674715,-0.21512261419626594,22.921623882896522
132.947,4.398672588999717,5.416647611094919,4.356505065460987,5.496146892062459,0.08999019788702108,0.2,-0.21275504199378326,153,22.676904889339216,tracking,0.19901516859845045,-0.21351836261072135,22.929563096980935
133.007,4.388406539426209,5.410560440257687,4.345973293148931,5.490560693653261,0.09055727984532415,0.2,-0.2103634041703181,153,22.68883993951286,tracking,0.19903640639220535,-0.2114450168520747,22.941479431614244
133.047,4.381520052857894,5.40657426945025,4.3389487604975425,5.486834783905135,0.09085188558193673,0.2,-0.20873936372127566,153,22.696796902184737,tracking,0.19905361717428863,-0.20997897354422984,22.94942794744834
133.107,4.371128405155762,5.400702706879866,4.328408218837076,5.481243934111661,0.09116964189414661,0.2,-0.20625182261989897,153,22.708732629602167,tracking,0.19907396304553168,-0.20768969668446552,22.96135604918151
133.167,4.3606641568826205,5.394959484995164,4.317864144241193,5.475651210400141,0.09134000016935903,0.2,-0.2037140708605651,153,22.72066934144165,tracking,0.19909457312059434,-0.20523824068755256,22.973288962507922
133.207,4.353648678141228,5.391201992110277,4.31171841212926,5.472391428672071,0.09137763302392964,0.2,-0.20201073572432854,153,22.728627714061155,tracking,0.1991095445239048,-0.20354925416291209,22.98124644746315
133.267,4.343067945485135,5.385670951515207,4.305773646998881,5.469754702274878,0.09198337807123771,0.2,-0.19768774806100184,154,22.740566906395816,tracking,0.19915177830011022,-0.19938497507957842,22.994706458122543
133.327,4.332419951031919,5.380266253576912,4.294872917952926,5.464919819921454,0.09260672755197001,0.2,-0.19295421897886209,154,22.75250803472106,tracking,0.19914973364134356,-0.196831362370775,23.006631305337702
133.367,4.325284879504871,5.376733346459757,4.287601368920968,5.461694615079791,0.09294333830594187,0.2,-0.1912523581661621,154,22.760469861043866,tracking,0.19915979676158133,-0.1941520240192158,23.014586012849286
133.427,4.314529348645167,5.371539310472557,4.276688857786107,5.456854506927845,0.0933305174884347,0.2,-0.1886679949663572,154,22.772413874352228,tracking,0.1991488555106553,-0.1919862381987427,23.026523749074844
133.487,4.303712457223496,5.366470427815709,4.265771458008246,5.452012230479295,0.09357841323931256,0.2,-0.1869418969386516,154,22.784359530944357,tracking,0.1991897864118462,-0.18790187753630674,23.034485308528822
133.527,4.2964683043927625,5.363160581937657,4.2584914314481805,5.44878326553582,0.09366689289818479,0.2,-0.18597825166263135,154,22.792324003932038,tracking,0.19913976105015313,-0.18695601797981884,23.04643081472834
133.587,4.285554125659036,5.358300465021738,4.247570111078314,5.443939250157605,0.09368450716749109,0.2,-0.1853555717847833,154,22.80427139000047,tracking,0.19913814243319164,-0.18513079100178548,23.054395690196486
133.647,4.274584783497062,5.353564075142862,4.23664855185269,5.4390951288378995,0.09356665441041892,0.2,-0.184372789026678,154,22.81621960562253,tracking,0.19912682814425334,-0.18368153900119633,23.0663433596243
133.687,4.267242431324578,5.350474366076072,4.229368057009901,5.435865956193465,0.09341408829777821,0.2,-0.1836889790411041,154,22.82418556052713,tracking,0.1991341181690041,-0.18310447503349928,23.074308201766915
133.747,4.256186271483172,5.345940473243965,4.21844900241788,5.431022945772742,0.09307592926270741,0.2,-0.18260744467703197,154,22.8361352406338,tracking,0.19914116008415936,-0.18187329835050017,23.08625383754153
133.807,4.245081231988043,5.341525833350566,4.207533301559976,5.4261814228589405,0.09260894079105607,0.2,-0.18185344924058983,154,22.84808559408367,tracking,0.19915274324739213,-0.18124404883337458,23.094216112720368
133.847,4.237651732827435,5.338649074323424,4.200258910326285,5.422954957394163,0.09222637960442533,0.2,-0.18066033870965692,154,22.856052601067333,tracking,0.19917113975345152,-0.18031742370896192,23.106155732187155
133.907,4.226469671444954,5.334433652814353,4.189352684440653,5.418117636986088,0.09154605360763843,0.2,-0.1798290103881987,154,22.868002842707597,tracking,0.19917734433030024,-0.17968889356680842,23.11411207310985
133.967,4.215243779360787,5.330337825216709,4.178454157634905,5.413283731408829,0.09073863356236678,0.2,-0.17851831688608588,154,22.879952589851154,tracking,0.1991942263927026,-0.1787299111529921,23.126040274267307
134.007,4.207736144606798,5.327673540785663,4.175176926847847,5.4118301565851965,0.09023546223023997,0.2,-0.17760874884853395,154,22.887918956094857,tracking,0.19920675357446313,-0.178046582480333,23.133987551320647
134.067,4.196440599033846,5.323775656766958,4.165782584234656,5.408427860087696,0.09003282400593078,0.2,-0.173785840771027,155,22.899868133874687,tracking,0.1992424660936797,-0.1747580203841896,23.13959912227344
134.127,4.185105221348894,5.319995815741523,4.154551399222709,5.404360324656821,0.08972684331368178,0.2,-0.17287604757102382,155,22.911817108116775,tracking,0.19924747258681783,-0.17390704068052218,23.147564137423213
134.167,4.177526840523315,5.317541273750584,4.147065892584037,5.401649340603184,0.08945410140983334,0.2,-0.17148097559528713,155,22.919783075247185,tracking,0.19925998865640396,-0.1726889960501047,23.167470489995853
134.227,4.166128165003532,5.313957236268628,4.135841439792381,5.397584243342861,0.08894246475227412,0.2,-0.1690280537178823,155,22.93173192993194,tracking,0.19926848041292378,-0.1718748251120767,23.17940838579905
134.287,4.154693521785235,5.310490075834061,4.124622610423194,5.393521182685988,0.08830868822035448,0.2,-0.16870556833572126,155,22.943680664886266,tracking,0.19928565112859736,-0.17044291494978656,23.187363716806
134.327,4.147050895230062,5.308243762959385,4.117146976317244,5.390813774112283,0.08781828458888383,0.2,-0.16943804097341456,155,22.951646571124275,tracking,0.19928010772491744,-0.17019219084416823,23.199291097340122
134.387,4.135558585967645,5.304972743800996,4.105939966061386,5.386754993917551,0.08698045228255674,0.2,-0.16987941742312326,155,22.963595325809077,tracking,0.19924507752131615,-0.17089417492453973,23.207238338490757
134.427,4.127878732503369,5.302857950946926,4.09847353041783,5.3840509166995005,0.08635371212281572,0.2,-0.17046424003816027,155,22.971561033439187,tracking,0.19926753414136253,-0.17124522860882166,23.21915145539691
134.487,4.116332201413639,5.299785353268023,4.08728211417341,5.379997784100633,0.08531085293642984,0.2,-0.1708012346323057,155,22.983509390510452,tracking,0.19923642037604897,-0.17171270734540198,23.227087836602067
134.547,4.104754208673697,5.296833173258579,4.076101438505486,5.375948541356254,0.08414405925282493,0.2,-0.1712330289950785,155,22.995457833199534,tracking,0.19923787246204056,-0.17211775454102238,23.238983132347954
134.587,4.097018477693698,5.294932431874739,4.068654137422061,5.373251393994778,0.08329703251980436,0.2,-0.17147239858231939,155,23.00342365717469,tracking,0.19921827138338194,-0.17198839909251548,23.246906602277488
134.647,4.085390002425981,5.292182831153526,4.05749369268316,5.36920947817276,0.08192257593785146,0.2,-0.17176350995904546,155,23.015372788573163,tracking,0.19921099926291658,-0.17204548244381987,23.258780964438408
134.707,4.07373271316336,5.289555460287558,4.046346909376839,5.365172510035337,0.0804233825550246,0.2,-0.1719129203557034,155,23.027322494453216,tracking,0.1991963711139877,-0.17182939211181023,23.266689465046966
134.747,4.065945847033411,5.287871819880344,4.038923911682574,5.362484164496322,0.07935481686197875,0.2,-0.17207210555530192,155,23.035289296141883,tracking,0.19918284823559493,-0.17169386059105937,23.27853963859648
134.807,4.054243589938094,5.28544820720457,4.03352200240365,5.360633203211586,0.07798825433693672,0.2,-0.17213484737237186,155,23.047239891086363,tracking,0.19917016254272452,-0.17146323858888055,23.286430788197432
134.867,4.042516368285411,5.283145532435593,4.022032857988557,5.357466702921142,0.07709222124458115,0.2,-0.1692299839747632,156,23.059191043281146,tracking,0.1991840689407237,-0.16858830241875286,23.292172803749434
134.907,4.034685216482346,5.281677065367526,4.014378414704793,5.355357076999008,0.07642715690412777,0.2,-0.16933645393972147,156,23.067158686225746,tracking,0.1991720202127453,-0.1684553307980044,23.30408737734592
134.967,4.022920025517546,5.279574116754693,4.002905141531117,5.3521949509499125,0.07532848823784905,0.2,-0.16938059604266117,156,23.079110343487667,tracking,0.19916788108571704,-0.1684474742200949,23.312024996707457
135.027,4.0111346227112366,5.277589774094823,3.991443464431987,5.3490360208719085,0.07411010655039364,0.2,-0.1693768605213588,156,23.091061633589526,tracking,0.19917302288777786,-0.16864381596993902,23.323922225450755
135.067,4.003267294833961,5.276332538114542,3.983809506027978,5.346932040746829,0.07323179171059836,0.2,-0.1693239048533857,156,23.09902878428715,tracking,0.1991796778420506,-0.16879798445599015,23.331846825325428
135.127,3.991451821537943,5.27454562627511,3.9723704534055053,5.3437793461559355,0.0718150860080405,0.2,-0.17034224186944175,156,23.110978615379295,tracking,0.19918322823804618,-0.17009579444164863,23.35163096995404
135.187,3.9796200146794813,5.2728779455229144,3.9609467614695704,5.340630885093373,0.07027909508438218,0.2,-0.17196133443098097,156,23.12292737316524,tracking,0.1991943808218811,-0.1711978081455992,23.363480592079224
135.227,3.9717237133286827,5.271832967602353,3.9533402451220963,5.338534468219032,0.06918845342843985,0.2,-0.17251560631349944,156,23.130892519358316,tracking,0.1991977616519332,-0.17236381779124446,23.371370715947414
135.287,3.959867213000326,5.2703662504872515,3.9419450800139364,5.335393869378857,0.06745216134041727,0.2,-0.17325390654919468,156,23.142839395901248,tracking,0.19920978103226805,-0.17332081064040292,23.383190747627456
135.347,3.947997249737006,5.2690217833909605,3.9305687168633505,5.332258452508894,0.06559443634378667,0.2,-0.1736802154676787,156,23.15478525793149,tracking,0.19920703458103026,-0.1746319710624053,23.391059992810174
135.387,3.9400768223888805,5.268193918002393,3.9229953913074396,5.330171183282744,0.06428807587275365,0.2,-0.17423052221797483,156,23.162748833163665,tracking,0.1992208806247525,-0.1749409824452874,23.40284697188675
135.447,3.928186322997985,5.267055810874528,3.911652801104979,5.3270450745079865,0.062225951961148385,0.2,-0.1745359944050074,156,23.17469367571597,tracking,0.1992161375960194,-0.17581102633088513,23.410693060444153
135.507,3.916284807740573,5.266043064674601,3.9003320840343165,5.323924994143674,0.06004004624174555,0.2,-0.17491071644227799,156,23.1866382025081,tracking,0.19921948932280104,-0.1763178815570733,23.422443628370853
135.547,3.9083448234878704,5.265438072802186,3.8927976714784425,5.3218484496522365,0.058513627062154974,0.2,-0.1751044115616863,156,23.194601202263144,tracking,0.19921556968254164,-0.176418729558223,23.430264296344713
135.607,3.8964269769460795,5.2646360415050895,3.8866198346081497,5.3205604855699615,0.05677784325598692,0.2,-0.17255675253642555,157,23.206546005333735,tracking,0.19925027609598917,-0.1741679719062171,23.43652991800015
135.667,3.8845006691570965,5.2639601243341,3.8749343539029915,5.318511271233031,0.0553835897674537,0.2,-0.17277346405504218,157,23.21849145139069,tracking,0.1992210081950161,-0.1738414495719812,23.444443846636627
135.707,3.876545543590393,5.263580294175023,3.8671519488074093,5.317146516414632,0.054383635295648186,0.2,-0.17305357562550996,157,23.226455639593624,tracking,0.19920903922700672,-0.17382664949809448,23.456302901667
135.767,3.8646075692896815,5.263116281676414,3.855491201457713,5.315101639421444,0.052778647030087125,0.2,-0.17319447827669185,157,23.238402628251997,tracking,0.19919733860458771,-0.17361466344808893,23.46420066075172
135.827,3.852664514903855,5.26277898487815,3.843847084001217,5.3130596787152635,0.05104797018946373,0.2,-0.17333800512494602,157,23.250350444671447,tracking,0.1991837388925787,-0.17338107223213733,23.476033865636005
135.867,3.844700324983391,5.262624491947825,3.836094222093074,5.311700104712681,0.04982449974866597,0.2,-0.17349985291519018,157,23.25831613291257,tracking,0.19917380731388806,-0.17328422209006616,23.48391312645285
135.927,3.832751842790256,5.2624983296704215,3.8244807595367,5.309663519776862,0.04788492430780195,0.2,-0.17423235100975432,157,23.270265281151666,tracking,0.19915678526146777,-0.1736273744033132,23.495716723186426
135.987,3.8208022051505375,5.262498523525615,3.812887673246131,5.307630508107482,0.04582069235142308,0.2,-0.17467088207144454,157,23.282214918792956,tracking,0.19914716004093283,-0.17384198912970322,23.503574978318834
136.027,3.812835923993375,5.26256867394007,3.805171001547032,5.3062772805699785,0.044375593851086026,0.2,-0.1752531111869458,157,23.29018150881351,tracking,0.19914085109326343,-0.17431949434844976,23.523179400513477
136.087,3.800887771378929,5.262778439824887,3.7936150109142868,5.304250774148929,0.04210519634274579,0.2,-0.1760050760879363,157,23.30213150264717,tracking,0.1991412781131285,-0.17467702748303565,23.534911733946288
136.147,3.7889425639540333,5.263113354548151,3.782083169441142,5.3022285026246125,0.039712039762859835,0.2,-0.17622671351100558,157,23.314081404249094,tracking,0.19913224370063384,-0.17526464409541614,23.542719770464277
136.187,3.7809815097717476,5.263405979729934,3.7744094188785233,5.3008828019155265,0.03804871324814163,0.2,-0.17647266878266685,157,23.322047834641076,tracking,0.19915232268535496,-0.1756319589012095,23.554410400629145
136.247,3.7690446291670705,5.263948807433185,3.762921028474995,5.2988681501508985,0.03545220700144206,0.2,-0.17657724780426998,157,23.33399705137213,tracking,0.1991584800207545,-0.17621032642743223,23.562189271464387
136.307,3.7571145914337154,5.264616281228199,3.7514604830918303,5.29685838140447,0.032734110113434654,0.2,-0.1766451262470287,157,23.34594574676478,tracking,0.19917946624644087,-0.17673706549719845,23.573834285319254
136.347,3.749165707064056,5.265130564513065,3.7438362504224987,5.295521364358419,0.03085455919851411,0.2,-0.17663108918138973,157,23.35391125051654,tracking,0.19919208848326475,-0.1770055631659551,23.58158149252712
136.407,3.7372498770143303,5.266005900096932,3.735870426366552,5.295123393457992,0.029150151006830476,0.2,-0.17475197990665048,158,23.365859188336863,tracking,0.19924001242227465,-0.17587382412085772,23.589475068541024
136.467,3.7253441583834968,5.267005264185826,3.7240386085150172,5.2945628572676915,0.02758850117213244,0.2,-0.17475165157556716,158,23.37780677657461,tracking,0.19923206938575416,-0.17585218658356944,23.59737737092387
136.507,3.7174132543779037,5.267741014364417,3.7161602432817022,5.294189617171446,0.02647826707417164,0.2,-0.17468898540135414,158,23.385771735248152,tracking,0.19923877994740527,-0.17592714962127592,23.609216816467924
136.567,3.705527230169238,5.268948624115113,3.7043579193609855,5.293630478265639,0.024709536864824348,0.2,-0.17459385103930525,158,23.397718948010926,tracking,0.19924712787762258,-0.1760179038544428,23.61710003936101
136.607,3.6976106802619735,5.2698230435533455,3.696500430870735,5.293258227211835,0.02346146813006113,0.2,-0.17437081861539153,158,23.405683643346478,tracking,0.19925479492671258,-0.17593295675336845,23.628909253146997
136.667,3.6857478831293458,5.271238427389038,3.684731103332626,5.292700651520307,0.021486295767670877,0.2,-0.1743720322593138,158,23.417630578820155,tracking,0.19925409399687355,-0.17594349710992627,23.63677111900354
136.727,3.673900711756875,5.272779059787808,3.6729832869656547,5.2921440949274565,0.019386754607395057,0.2,-0.17444384850972644,158,23.429577503852013,tracking,0.19925174052784517,-0.17596250387488024,23.648546614467307
136.767,3.6660118934867314,5.273875984856588,3.6651639856804294,5.291773653004818,0.017917741844110126,0.2,-0.17442407111795374,158,23.437542219685355,tracking,0.19924879300571657,-0.17586211228723564,23.66030014133078
136.827,3.6541935301739743,5.275626416883358,3.6534548299275733,5.291218927971041,0.015609999361740977,0.2,-0.1743614487913373,158,23.44948950907135,tracking,0.19924104651304783,-0.17559036044395107,23.66812300347588
136.887,3.642394101833596,5.277503201132817,3.641770539316584,5.2906653809313875,0.013176942257690538,0.2,-0.17419623760120523,158,23.461437263181587,tracking,0.19923043997012393,-0.1751242243178695,23.679837131733827
136.927,3.6345389136437536,5.278824731876152,3.633995409738084,5.290297031657615,0.011485166902193334,0.2,-0.17404142785754106,158,23.469402840687543,tracking,0.19922225871502441,-0.17472598100667608,23.687632571678332
136.987,3.622773736794486,5.280912348961804,3.6223552598215703,5.289745575797611,0.008843134020791704,0.2,-0.17374284419334798,158,23.481351795930195,tracking,0.1992076445847679,-0.1740143071259013,23.70706962699424
137.047,3.6110306743031044,5.283125365943551,3.6107431022967846,5.289195446086202,0.0060768882330535364,0.2,-0.17308194049463263,158,23.493301564163847,tracking,0.19919116256562214,-0.17333473300982682,23.71869480850163
137.087,3.6032148430693174,5.284669803634048,3.60301777817849,5.288829456362185,0.004164318118238993,0.2,-0.17276307697028906,158,23.501268527553677,tracking,0.19918315787473456,-0.1726691944244044,23.72642879720157
137.147,3.5915113442163102,5.28708929357905,3.5917782599971733,5.288855580043993,0.0017863403679913468,0.2,-0.17209708670172977,159,23.513219503120396,tracking,0.19917112194209963,-0.17202834630162533,23.73770971680761
137.207,3.5798331610474743,5.2896305582319,3.579985355333175,5.290637687544396,0.0010185639659290604,0.2,-0.1718079705894713,159,23.525170987888437,tracking,0.1991739331385613,-0.1710211028128838,23.745661747560877
137.247,3.5720624178064373,5.29139170687011,3.572127907948343,5.291825080838712,0.00043829437065588764,0.2,-0.17131069344837452,159,23.533138804091386,tracking,0.1991666374705902,-0.17089019123389118,23.757583173241073
137.307,3.56042931615417,5.294132532540588,3.5603495945426755,5.293604983353011,0.0005335388276897723,0.2,-0.17093692805250943,159,23.545090422367082,tracking,0.19918138014092587,-0.17028952708193937,23.765525670349593
137.367,3.5488247409450646,5.296990239556512,3.548581902282614,5.295383280832436,0.0016252036662721637,0.2,-0.1703062030810621,159,23.557041684023186,tracking,0.19918521562701713,-0.16976757514752042,23.77743071040392
137.407,3.5411047603850205,5.298959536202996,3.5407433318122696,5.296567821505463,0.0024188695309160083,0.2,-0.1699472801780553,159,23.56500888109175,tracking,0.19919616340363736,-0.16970830520931882,23.785361006792527
137.467,3.5295502344244345,5.30200970259466,3.528996136848575,5.298343021496472,0.0037083115294402487,0.2,-0.16945474903748065,159,23.576959219379457,tracking,0.1992070467127928,-0.16946131136533057,23.79724593707421
137.527,3.5180273690411275,5.305174945498484,3.517262893841966,5.300116113110616,0.005116268900153225,0.2,-0.16907860554841603,159,23.58890891348776,tracking,0.19921939696823474,-0.16942276652596153,23.80516175511051
137.567,3.5103635752220397,5.307348861022997,3.509449024650311,5.301296921002341,0.006120651988299082,0.2,-0.16843817336035455,159,23.596875069675608,tracking,0.199234613169887,-0.16907001382661863,23.817023234711964
137.627,3.498895958525987,5.3107050050910045,3.497741592508566,5.303066112157931,0.0077256227027426945,0.2,-0.16796478482201938,159,23.60882370707461,tracking,0.1992450268372193,-0.16887894875246753,23.824922323325378
137.687,3.4874627670608715,5.314175461463327,3.4860509281589795,5.304832769416317,0.00944876625650997,0.2,-0.16718182908221363,159,23.620772009653226,tracking,0.19925844906834275,-0.16836606031036738,23.836757087547152
137.727,3.479860306620641,5.316552510893292,3.4782670113719854,5.306009050992726,0.01066316727920122,0.2,-0.1666168611182706,159,23.62873742042341,tracking,0.19926608406689272,-0.1679250912306606,23.844637446035637
137.787,3.4684868231808497,5.320213034809327,3.466606640825656,5.307771130344689,0.012583166230959736,0.2,-0.16570153901354778,159,23.640685456282707,tracking,0.19927476398518268,-0.16713274907393497,23.85644274192887
137.847,3.4571505837493866,5.3239873314230906,3.4549658736386313,5.309530247297255,0.014621225656199853,0.2,-0.16505312780971113,159,23.652633495426272,tracking,0.19927739493794655,-0.16646648199399783,23.86430249815472
137.887,3.4496141210008444,5.326566436898496,3.443137180000671,5.312653387200804,0.01534678196268424,0.2,-0.164018740300576,160,23.66059904975811,tracking,0.19928258671706872,-0.16542509033085406,23.88842794728312
137.947,3.438342130017153,5.330530187703294,3.432356346320782,5.3176721879091,0.01418300973585114,0.2,-0.1637716479899206,160,23.67254765223618,tracking,0.19926852160336675,-0.16604728414909964,23.900319740057256
137.987,3.430849312449902,5.3332353803813355,3.4251630896189997,5.321020864171233,0.013473215515589833,0.2,-0.16296837874864303,160,23.680513854751897,tracking,0.19927400511139415,-0.16488062906748846,23.908254257981255
138.047,3.4196439383071993,5.337387084202132,3.4143650942707806,5.326047654149722,0.012507952201473046,0.2,-0.16172125723575023,160,23.6924636268959,tracking,0.1992676968602547,-0.16377941948463867,23.920164980924387
138.107,3.408479752374365,5.341650814785768,3.4035580881248526,5.331078638924203,0.011661632880209655,0.2,-0.16086931441256147,160,23.7044142940753,tracking,0.1992784320121885,-0.16197145479370975,23.92811103453537
138.147,3.4010600443829215,5.3445551714246,3.3963487165908997,5.334434817122969,0.011163251352290085,0.2,-0.1596751550081557,160,23.712382189290715,tracking,0.19925646703441413,-0.1610353901554994,23.940037936604
138.207,3.3899657451706173,5.349003439059448,3.3855285432214743,5.339471931634034,0.010513724123173186,0.2,-0.15887819709985634,160,23.724335036648704,tracking,0.19926398290083658,-0.15923862469171757,23.947993887806284
138.267,3.3789141987984928,5.353560294021236,3.3747019609640354,5.344512029674265,0.00998068310621568,0.2,-0.15764807471118128,160,23.736289182555375,tracking,0.1992582039582228,-0.15720910073057462,23.959933970686503
138.307,3.3715705036948758,5.356657460401013,3.3674812919762807,5.347873467175867,0.009689178987866025,0.2,-0.1568090601732484,160,23.744259270218564,tracking,0.19925609666117003,-0.15665322799272657,23.96789749507883
138.367,3.3605912437565597,5.361390572209701,3.3566466828775887,5.352917301950914,0.009346436187465139,0.2,-0.15551308877678074,160,23.75621529364555,tracking,0.19926061343428042,-0.1547908638078878,23.97984702314371
138.427,3.349656019054385,5.366226230739017,3.3458090300737724,5.357962553661783,0.009115244541632938,0.2,-0.1546270295040333,160,23.76817199606299,tracking,0.19925564518015387,-0.1537397484971651,23.987815747540985
138.467,3.3423907656340783,5.369505958973785,3.3385829807735856,5.361326495859835,0.009022352374866899,0.2,-0.15325569759950652,160,23.776143227119434,tracking,0.19928200414224964,-0.15271194738973484,23.99977100743259
138.527,3.3315300799945637,5.374507751562261,3.3277430256175435,5.366372819384566,0.008973232549656079,0.2,-0.1523157114438849,160,23.788100334698548,tracking,0.19928384942626437,-0.1517917889721311,24.007742028403655
138.587,3.3207146918346475,5.379606847386557,3.316903070388682,5.371419142943196,0.009031442968827127,0.2,-0.15085985807703498,160,23.800057483157733,tracking,0.19930527361112774,-0.150686687376985,24.019699142144713
138.627,3.3135298037485406,5.38305956680134,3.3086881601482703,5.376048913902648,0.00852002152684989,0.2,-0.149862275848405,160,23.808028925195853,tracking,0.1993224121328471,-0.14993666265679065,24.02767041378492
138.687,3.3027909036488463,5.388317775136221,3.298958427829308,5.382768387380394,0.006744151197287005,0.2,-0.14872701683529113,161,23.81998604567882,tracking,0.1993430368447617,-0.14917072255283836,24.041073342387755
138.747,3.2920985295541016,5.393670102156418,3.289216187585095,5.389496498986017,0.005072165085076918,0.2,-0.1476364667869535,161,23.831943230477638,tracking,0.19936387801160332,-0.14843485418187402,24.048958064397606
138.787,3.284996308517289,5.397289971939356,3.282714831745903,5.393986415737961,0.0040148000989026576,0.2,-0.1459560307830116,161,23.839914742310484,tracking,0.19938466588461065,-0.14704442589417693,24.060797774307634
138.847,3.27438276781654,5.402796845983517,3.2729537020482313,5.4007275726337705,0.0025147805403501937,0.2,-0.144815365119778,161,23.85187187022419,tracking,0.19939905370767613,-0.14611881966095652,24.080561515125556
138.907,3.263817030399369,5.408395362270368,3.263182087208582,5.40747597069831,0.0011173333067165455,0.2,-0.14131247145889506,161,23.86382921908515,tracking,0.19941618271141545,-0.14456552935685235,24.092436923876917
138.947,3.2567999814958983,5.4121779453558565,3.2566623151943155,5.411978605888534,0.00024225654547143852,0.2,-0.14013241095337886,161,23.87180085066923,tracking,0.19943093845395912,-0.14292698057725534,24.10036037961127
139.007,3.2463148325664917,5.417927250906894,3.2468747563377955,5.418738015088322,0.0009853188253340086,0.2,-0.13833162358819823,161,23.883758812970186,tracking,0.1994368263456495,-0.14170582894198,24.112255165069616
139.067,3.235878183581584,5.423765551811454,3.237078421701907,5.425503484949881,0.0021121039603011855,0.2,-0.13712514694935254,161,23.8957174667191,tracking,0.19947325502887128,-0.13901413063891285,24.12019103445927
139.107,3.2289475102234406,5.427706999706252,3.2305428478467886,5.430017033086836,0.002807375349304464,0.2,-0.13529043594196818,161,23.903690499059724,tracking,0.1994479641368594,-0.13853493235750886,24.13210327535673
139.167,3.218592030580467,5.433691935510296,3.2207329050350935,5.436791900922914,0.0037673769375919275,0.2,-0.13406469622592723,161,23.915651076604917,tracking,0.19947835098839403,-0.13568663167663397,24.140050298758783
139.227,3.208285878679879,5.439763204607165,3.2109159916900816,5.4435715826955136,0.004628308342175213,0.2,-0.1322081526789177,161,23.92761255960012,tracking,0.19946415824684233,-0.133227165406365,24.151977907783095
139.267,3.2014424999404367,5.443858023519411,3.204367807143793,5.448093839931761,0.005147772616689659,0.2,-0.13097252682919597,161,23.9355874811982,tracking,0.1994684704854919,-0.13200648254051087,24.159934272258667
139.327,3.191218604584408,5.450070003693349,3.194540791688602,5.4548804983465935,0.005846177038387456,0.2,-0.12910614349177002,161,23.94755062183653,tracking,0.1994518053196825,-0.12945425307045513,24.171874855600027
139.387,3.181043661421419,5.456364210496447,3.185532360528011,5.461692162403733,0.006966741791962658,0.2,-0.12786570144316065,161,23.95951500680402,tracking,0.19943200350738968,-0.12769823605455405,24.17983886905652
139.427,3.1742875452740926,5.460605128367396,3.179491207427951,5.46678172007897,0.008076409163915632,0.2,-0.1258589988808677,162,23.967491878984536,tracking,0.19944291677489442,-0.12558381171136176,24.19111200829957
139.487,3.1641933873872645,5.467031896434345,3.1704206610766836,5.474423484496466,0.009665118296380032,0.2,-0.12460776356731432,162,23.97945830582092,tracking,0.19942692441389662,-0.1239316214917143,24.199014405009088
139.547,3.154147252833755,5.473535010458755,3.161340583236045,5.48207327901419,0.011164498743841834,0.2,-0.12272231507876089,162,23.991425565803127,tracking,0.19942836438499498,-0.12191985489856906,24.210879182957306
139.587,3.147476255421934,5.477911518442138,3.1552824025222943,5.487177182133172,0.012115628592351501,0.2,-0.12146891876756485,162,23.99940403862674,tracking,0.19943334867196882,-0.12064958252274334,24.21879585774535
139.647,3.1375090232208462,5.4845360491202655,3.146188645163778,5.494838501386995,0.013471316185898667,0.2,-0.1195567006929114,162,24.011371917488752,tracking,0.19944453665354753,-0.11886668489166045,24.230679905240503
139.707,3.127588773153385,5.491230384497622,3.137087970512744,5.5025056483294446,0.014743348498535144,0.2,-0.11820324447881529,162,24.02333960262605,tracking,0.19945557554048587,-0.11768266070991223,24.238608281362186
139.747,3.1210007597417047,5.49573111853501,3.13101711320922,5.5076202312364915,0.015546007127707375,0.2,-0.11615599200619256,162,24.031318232056456,tracking,0.19947580645208532,-0.1159143731208964,24.258446325615427
139.807,3.1111573632016083,5.502538010283111,3.1219059265904203,5.515296234313746,0.01668244272698693,0.2,-0.11272504119621259,162,24.04328594824276,tracking,0.19949069235454556,-0.1148070154778395,24.27035996254311
139.847,3.1046203993588244,5.507112289477063,3.1158286878372223,5.52041619347192,0.017395964822894044,0.2,-0.11134756814900151,162,24.051264414663454,tracking,0.1995124170342615,-0.11305204297873189,24.27830645942191
139.907,3.0948531645123807,5.5140275959232605,3.106708625400602,5.528099674258474,0.018400416885074534,0.2,-0.10926694595799755,162,24.063231884729863,tracking,0.19952802873289932,-0.11193925054697355,24.29023170222217
139.967,3.085130909046855,5.521006324819366,3.0975836191317634,5.535787320130534,0.019327384997653973,0.2,-0.10787992307399324,162,24.075199545668504,tracking,0.19960407042807282,-0.10973182706314252,24.298185511173763
140.007,3.0786744070208933,5.525693516845985,3.091497803155405,5.54091450543763,0.019902712933909217,0.2,-0.10578760428120586,162,24.08317802845069,tracking,0.1995684709228331,-0.1089943997184194,24.310121121809612
140.067,3.0690263253017407,5.5327757919314635,3.082365157301707,5.548608587516008,0.020702701638803053,0.2,-0.10439435963946525,162,24.095146491227748,tracking,0.19962283229760833,-0.10685524610621462,24.318081806577247
140.127,3.0594224676484654,5.539919070442182,3.074208456318549,5.555579884336118,0.021538025739894103,0.2,-0.10229590332195392,162,24.10711563947255,tracking,0.19966295922292923,-0.1042451978247654,24.330027146288298
140.167,3.053044063650351,5.544714752915049,3.068442250111324,5.561023985787474,0.022429784287279386,0.2,-0.10075315242138189,163,24.11509577781369,tracking,0.19966367297508808,-0.10358787132184931,24.336759285964835
140.227,3.0435134663900185,5.551958105340997,3.0597876344057613,5.5691951479399044,0.02370578372805185,0.2,-0.09866399509941311,163,24.127066510393824,tracking,0.19967927682879802,-0.10062834845020098,24.34865884646433
140.287,3.034026781493224,5.559260257759549,3.0511268840788937,5.57737210202893,0.024908882176419244,0.2,-0.09728248662091286,163,24.1390380859073,tracking,0.19966147329708808,-0.09879184248468069,24.356596726160706
140.327,3.027727326209678,5.564160738483109,3.0453501061066377,5.582826184698314,0.02567024062429919,0.2,-0.09521876684607238,163,24.147019179077496,tracking,0.19967815133639136,-0.09679381056867364,24.368510181824917
140.387,3.0183144812993743,5.571558635093102,3.036680602544105,5.591011403060464,0.026753029569904174,0.2,-0.09385788701590732,163,24.15899125172836,tracking,0.19963417849893397,-0.09473511400506793,24.376456662145472
140.447,3.008945338170995,5.57901247292593,3.0280062800505174,5.599201171164439,0.027765140768598755,0.2,-0.0915218411302532,163,24.17096374275563,tracking,0.1996201657768533,-0.09198231665305155,24.388381704958167
140.487,3.002722782883691,5.584012138024235,3.0222206494440793,5.604663611952986,0.028401587558384192,0.2,-0.0899439691885334,163,24.178946025975286,tracking,0.1996165310591005,-0.090110387875986,24.39633559260803
140.547,2.993423419333869,5.591555806944367,3.013538378614119,5.612860884393092,0.029300476309136764,0.2,-0.08760353382368621,163,24.190920377866238,tracking,0.19960711998866001,-0.0873555807570968,24.40827190712012
140.607,2.9841644162293908,5.599150899503337,3.0048517773231356,5.621062245391306,0.030134266004752313,0.2,-0.0860672534796538,163,24.20289596008457,tracking,0.1995956004790409,-0.08537970514566341,24.416233028057412
140.647,2.9780133994399387,5.604241686992063,2.999058483750788,5.626531921086537,0.030655343900161818,0.2,-0.08379127786089059,163,24.210880390233275,tracking,0.19960385896720875,-0.08301304059078699,24.428179549066122
140.707,2.9688185030274252,5.611917215899296,2.990365624435865,5.634739190530615,0.03138663675933785,0.2,-0.08155248464917693,163,24.222857863424338,tracking,0.1996071406430113,-0.08059824019368352,24.448102085396044
140.767,2.9596605712439157,5.619638167336501,2.981669634864675,5.642949415372414,0.03205952536227674,0.2,-0.07791155211990884,163,24.234836210791446,tracking,0.19961151390901274,-0.07905240538139936,24.46006151793171
140.807,2.953575046092189,5.624809219925567,2.975870900984663,5.648424227475498,0.03247728016582645,0.2,-0.07647933906158702,163,24.242822035811518,tracking,0.1996300106107539,-0.07704230497530408,24.468036408662954
140.867,2.944475909999028,5.632600575820941,2.967170853083826,5.656638283945499,0.033058612395314955,0.2,-0.07433685981999781,163,24.254801163673356,tracking,0.199646111570907,-0.07577362473567305,24.480001422543815
140.927,2.93540949537983,5.640431725629582,2.9595041494010537,5.664329202053789,0.033935847298218774,0.2,-0.0728873798948084,164,24.266781430004812,tracking,0.19972681687887872,-0.07308892459531363,24.486879307027753
140.967,2.9293829374270715,5.645674174435138,2.953894494451117,5.669985142153819,0.03452302969268174,0.2,-0.07077503464763454,164,24.27476908737333,tracking,0.19971881894583168,-0.07293540918210566,24.498827377041362
141.027,2.9203702989210663,5.653569164111729,2.945477841788337,5.678471240448325,0.035362439320634105,0.2,-0.06938225418305186,164,24.28675067803707,tracking,0.19977189997675113,-0.07027967715752763,24.506795098738834
141.067,2.914380041096178,5.658852846550251,2.939865571643852,5.68412981732082,0.035894811862338165,0.2,-0.06729741217375573,164,24.29473819886144,tracking,0.19975591880462673,-0.07000525589668129,24.518749287359206
141.127,2.9054211361494477,5.66680832179548,2.9314453232346143,5.692619541030217,0.036653476667669715,0.2,-0.0659247473911107,164,24.306719499467885,tracking,0.19980604042962397,-0.06734377104908386,24.526720455189984
141.187,2.896493783098508,5.674798930365562,2.9230231550738455,5.701111200330976,0.03736499870384892,0.2,-0.06313829178359744,164,24.318700628705834,tracking,0.1998221561421507,-0.06458178427300665,24.538679523530135
141.227,2.890559306912095,5.680144861666569,2.9174074231908698,5.706773267504696,0.037813930570606114,0.2,-0.061262298671848195,164,24.32668793044561,tracking,0.19985468242026488,-0.06340670246007107,24.546653771580907
141.287,2.8816824758784714,5.688192150975462,2.908981969057879,5.715268239890167,0.03844966734276828,0.2,-0.05847579809980109,164,24.338669457661307,tracking,0.19985812239910647,-0.06021526430388187,24.558617326359382
141.347,2.8728346992079317,5.69627237121538,2.9005544578277824,5.723765286345811,0.03904158552507698,0.2,-0.05665622223484547,164,24.35065165742334,tracking,0.19985400328053257,-0.0582210923632912,24.566594724656397
141.387,2.866952003519109,5.701677309742762,2.8949349008377805,5.729431210187439,0.039412200296866734,0.2,-0.05396200751515146,164,24.358640366270965,tracking,0.19988292130112795,-0.055660651348326894,24.578563344157416
141.447,2.8581506126969836,5.7098107496135935,2.886503783039866,5.73793189296862,0.03993370721691695,0.2,-0.05220632836353913,164,24.370624410852667,tracking,0.1998718382714534,-0.05358266679973747,24.58654418563686
141.507,2.84937560694533,5.7179740868775,2.87807080118302,5.746434455189044,0.04041542696505233,0.2,-0.04961294934173595,164,24.382609434892103,tracking,0.19987224382940103,-0.05074887326799228,24.59851776753822
141.547,2.8435397573001437,5.7234322356727665,2.872447870513469,5.752103780546383,0.040715310326635626,0.2,-0.04792817811745619,164,24.39059996236859,tracking,0.19987098835067152,-0.04883000293484864,24.606501561154232
141.607,2.8348061441381667,5.731642501576244,2.8640119513635742,5.760609304295402,0.0411345941448102,0.2,-0.04544511268014614,164,24.402586807869756,tracking,0.1998667885704611,-0.0460023798730746,24.626465969621147
141.667,2.8260956709959077,5.739879380981576,2.8561370218180255,5.768722922617658,0.04164652030278099,0.2,-0.04151296874921959,165,24.41457507399543,tracking,0.1998555168641815,-0.04392259434667536,24.6377731709738
141.707,2.820300842577322,5.745384353999149,2.8506072249543775,5.774482359848074,0.04201393527353005,0.2,-0.03997836195894207,165,24.422567868520815,tracking,0.19985728505161443,-0.041421733780315044,24.645757516317307
141.767,2.811626149896747,5.753661671011859,2.8423110272573373,5.783123080486716,0.042538645334327094,0.2,-0.03772197436544157,165,24.434558042415773,tracking,0.1998468247028687,-0.039465910745130124,24.65773620361531
141.827,2.802971093142486,5.761960667793637,2.8340134173461182,5.791765271985703,0.043034176220873084,0.2,-0.03626013200135287,165,24.446549012143173,tracking,0.1998720522961396,-0.03629999745505554,24.665723213635207
141.867,2.7972112539713994,5.767504652617673,2.8284809138978675,5.797527528199259,0.043349333214068475,0.2,-0.034008715754531585,165,24.4545434799182,tracking,0.199846189527661,-0.035385778220859074,24.677705183294783
141.927,2.7885857628415374,5.775835815578966,2.8201814158517675,5.806171686243237,0.04380125954926712,0.2,-0.031268634542312476,165,24.46653545112893,tracking,0.1999159894172033,-0.03197007113453036,24.685693998367043
141.987,2.7799752795029624,5.78418316109159,2.8118810319635945,5.814816766916373,0.044231152437024114,0.2,-0.027224739310327768,165,24.478527890431717,tracking,0.19991340936997126,-0.02686701001459371,24.697678439089113
142.027,2.7742422228777173,5.789756119259011,2.8063469005273487,5.820580718724703,0.044506923722125454,0.2,-0.024604273868283292,165,24.48652325164958,tracking,0.19994652813915448,-0.025437361862869618,24.705668655819284
142.087,2.7656523298888893,5.798126073929549,2.7980450979202827,5.829227277033024,0.04490630529468284,0.2,-0.02075714660857431,165,24.49851668329971,tracking,0.19994991388543717,-0.020685597659159023,24.71765511935745
142.147,2.7570718521769932,5.806506561176193,2.7897425495779915,5.837874612045322,0.04529160058990914,0.2,-0.01826294614826382,165,24.51051073033378,tracking,0.19994533454840985,-0.018056595304624324,24.725646630855117
142.187,2.751356270999818,5.812098477784774,2.7842073291561085,5.843639698062482,0.04554163587965265,0.2,-0.014601569899926508,165,24.518506816848458,tracking,0.19999025978649854,-0.01492858164666841,24.737634732244796
142.247,2.7427878329229998,5.820492042894865,2.7759040223053466,5.852287823082447,0.045909189025123136,0.2,-0.012228212491138587,165,24.530501401723875,tracking,0.1999891010078232,-0.012496248312905989,24.745627049198124
142.307,2.7342245502969496,5.828891115688114,2.7676004367899916,5.860936238339337,0.046269208821076484,0.2,-0.008744258251095009,165,24.54249616029251,tracking,0.20001446436825532,-0.00932725017658428,24.757616171582207
142.347,2.7285177961622615,5.834492773494677,2.7620645838380473,5.866701983154148,0.04650613024378631,0.2,-0.006486732788722824,165,24.550492760378525,tracking,0.2000320861421119,-0.007207623656870903,24.76560909114029
142.407,2.719959487893377,5.842897787355399,2.7538274483201186,5.875296672854267,0.04686924924762582,0.2,-0.003173897114518851,165,24.562488130252948,tracking,0.2000535499005064,-0.0041240533908140945,24.777598886951154
142.467,2.711402536918194,5.851304782058223,2.7455392117555433,5.883960726066416,0.047241118191858306,0.2,-0.0010501654320094881,166,24.57448391992787,tracking,0.20006192665388522,-0.0019916015927214626,24.785506768533207
142.507,2.7056977683362495,5.8569097991143835,2.7400134796090905,5.889737013577028,0.047488883431150736,0.2,0.0020909982101009156,166,24.582481457097114,tracking,0.20008022022254482,0.0010286127812305008,24.797496792862344
142.567,2.697139947277977,5.8653177049885565,2.731724372144353,5.898401977178894,0.04786075124465084,0.2,0.004121505942354874,166,24.594478506003174,tracking,0.20008030723770562,0.003242238355038405,24.817481775403657
142.607,2.691433564616194,5.870922299425109,2.7261980798252683,5.904178850262257,0.048109974966796205,0.2,0.009002753566044165,166,24.60247689845922,tracking,0.2000919682828369,0.006217435557990112,24.82547628410759
142.667,2.682871850646238,5.879327766351485,2.717908330440383,5.9128444848910995,0.04848634176785515,0.2,0.016170742639980237,166,24.61447501582628,tracking,0.2000836810982393,0.00847825713118028,24.837468496930285
142.727,2.674303800608568,5.887728521352254,2.7096179070656055,5.921510824070814,0.0488705442145614,0.2,0.020904071721090114,166,24.626474356059433,tracking,0.20010477774234534,0.015785745925467914,24.845463831958007
142.767,2.6685871718299654,5.89332550959812,2.7040905180824812,5.927288843544669,0.04913242969659459,0.2,0.027811540824857317,166,24.634474738676328,tracking,0.2001101581812482,0.02081469272351789,24.857457779940717
142.827,2.6600027007142644,5.9017137508864534,2.695798498739183,5.935956851059507,0.049537148340438264,0.2,0.03227128711109653,166,24.646477060795302,tracking,0.20011345985977655,0.028260453813726945,24.865454606285077
142.887,2.6514017924910585,5.91008804023812,2.687505594173434,5.944625783935775,0.049963388952764066,0.2,0.03876601562451164,166,24.658481407691717,tracking,0.20012012760977618,0.03743369270905946,24.877450592547785
142.927,2.6456571260269217,5.9156633825231175,2.6819756199592324,5.9504065058638185,0.05026049761968585,0.2,0.04296128799032973,166,24.66648675805126,tracking,0.20024121615504656,0.03955411878514343,24.885450117621755
142.987,2.6370243187647016,5.924010266652682,2.673681161847779,5.9590770627288006,0.050728732803623534,0.2,0.049069408535250075,166,24.678494915107986,tracking,0.20018526474854986,0.04823711829893098,24.897449346418348
143.047,2.6283667103557726,5.932333729961013,2.6653865516171464,5.967747778610558,0.051231079324660554,0.2,0.05301725450438806,166,24.690504670509636,tracking,0.20029481397029458,0.05382079502551479,24.905448759330056
143.087,2.6225806999818477,5.937868433872828,2.659857120778147,5.973527932524933,0.05158615503700794,0.2,0.05877200925769747,166,24.698511596476486,tracking,0.20023753120833448,0.058139038530384914,24.917447803700554
143.147,2.613875132571341,5.946144992968518,2.65098805033276,5.9826910831114795,0.05208632612791267,0.2,0.06479265461947124,167,24.71052360440203,tracking,0.2003181414028707,0.06518570239131632,24.93019811828281
143.207,2.6051368383637477,5.954389333908531,2.6425644606885217,5.991245322114875,0.052527999957661824,0.2,0.06835619406024705,167,24.722537219311526,tracking,0.20036046344201738,0.06904857857879865,24.938201869758398
143.247,2.5992916604468626,5.959865635212749,2.6369490230426966,5.996947854854455,0.05285043018963878,0.2,0.07357228278204721,167,24.73054696218222,tracking,0.20034490637802052,0.07374617623794823,24.950207004533834
143.307,2.5904919233685257,5.968047560555746,2.628526388858587,6.005501123578595,0.053379677295963324,0.2,0.07693724163077681,167,24.742562754913717,tracking,0.20037340684553795,0.07715203499921328,24.958210221166283
143.367,2.5816512446922277,5.976187912629245,2.620104383087445,6.014053754143121,0.05396726606004477,0.2,0.08186668591450245,167,24.75458036413261,tracking,0.20039376267448963,0.08181059691215958,24.970213865823382
143.407,2.575733194930892,5.981590101764181,2.614490121952516,6.019755092124193,0.054393619858760074,0.2,0.08617079592654199,167,24.762593288719007,tracking,0.2003975131071454,0.08577539229811157,24.97821604120364
143.467,2.566817198766965,5.989654124186664,2.6060691972990675,6.028306624802956,0.055088430660680344,0.2,0.09316385059722082,167,24.774615079152444,tracking,0.2004169944460704,0.09236490330670794,24.990218323344674
143.527,2.5578536442504185,5.997668895865309,2.597649481878662,6.036856929493545,0.05585168459573298,0.2,0.09771458842487059,167,24.786639299486083,tracking,0.20044535535462754,0.09699876697888025,25.01021928157643
143.567,2.5518495940904766,6.002982234297178,2.592037302393799,6.0425561535382855,0.056401657624351585,0.2,0.10878598145874864,167,24.7946567918381,tracking,0.20045345492020594,0.10323587874316528,25.018217888535297
143.627,2.5428009047033058,6.0109067087740895,2.5836208178910343,6.0511031771998995,0.05728892900518243,0.2,0.11521843591175333,167,24.806684928658104,tracking,0.2004871560201842,0.10780267646207271,25.030213255343256
143.687,2.533697771844854,6.018771800733402,2.5752072183287833,6.059647271175749,0.0582566582571073,0.2,0.11940518375166843,167,24.81871516969339,tracking,0.20042571873355397,0.11636317768368497,25.03820793338304
143.727,2.527598238796112,6.023981044499202,2.569600073293951,6.065341382686448,0.058947702891183326,0.2,0.12557547752701106,167,24.82673642421025,tracking,0.20054238404445338,0.11844696955679249,25.05019594221299
143.787,2.518400858786997,6.031740319944853,2.5611929773638336,6.073878872159228,0.06005683137676907,0.2,0.129594196300538,167,24.83876963469098,tracking,0.20047943956475792,0.12653664426401146,25.058184666004994
143.827,2.5122365395081294,6.03687583475401,2.5555907978459476,6.079567941138118,0.06084576947935019,0.2,0.13551424723266808,167,24.84679287247425,tracking,0.2006110993538462,0.12895647625601883,25.070162282988324
143.887,2.502939405923734,6.044519527777504,2.5453633910509934,6.08962259186039,0.06191995561806299,0.2,0.14124003715173675,168,24.85882876612298,tracking,0.2005006139961845,0.13745488606110876,25.080504522972447
143.947,2.4935784697444063,6.052088548574611,2.5366192404272607,6.09784734828337,0.06282018538463872,0.2,0.14691631138414532,168,24.870866922210208,tracking,0.20066366218247236,0.14602882000494838,25.092510657842357
143.987,2.4873020089116724,6.057091356892338,2.5307923547699698,6.103328122494382,0.06347636313000861,0.2,0.15060154313934854,168,24.878893257092876,tracking,0.20063897879945036,0.14858363485601706,25.100511624560465
144.047,2.4778320802376097,6.064527007115497,2.5220569353666584,6.111544666323099,0.06454841662308693,0.2,0.15602741973672687,168,24.890933541281093,tracking,0.20074944438231193,0.155896588431525,25.112506839920563
144.107,2.46829320891003,6.071876430428869,2.5133279691206303,6.119755140305915,0.06573051412180357,0.2,0.15956255721504323,168,24.90297530565527,tracking,0.2008305984534484,0.16035302511448038,25.120499041767044
144.147,2.461895222268167,6.076725875766541,2.5075131422486403,6.125224572011964,0.06658166535053554,0.2,0.16514341809384867,168,24.91100346566567,tracking,0.20060144680779077,0.1656814989883004,25.13247917477532
144.207,2.4522419912165847,6.083919816643787,2.4988010947130874,6.133419132239559,0.06795537037532692,0.2,0.16881346437351838,168,24.923042471234258,tracking,0.20064690742574293,0.1704948764722389,25.140458085105244
144.267,2.442513778413529,6.091014447939807,2.490098825200857,6.141604495249083,0.06945278658561445,0.2,0.1742650397131892,168,24.935082899697065,tracking,0.2006738551607185,0.17587088143755678,25.152414090551265
144.307,2.435986298711256,6.095687732262578,2.4843032075287854,6.147055858763353,0.07052097629699278,0.2,0.17785885209117952,168,24.943110824561252,tracking,0.20068724901801635,0.179417896284521,25.1603771728105
144.367,2.426130845385304,6.102609248614378,2.475619822183485,6.155223459307438,0.07223166889519127,0.2,0.1832099610660299,168,24.955153969867535,tracking,0.20070560957742176,0.18465402313590928,25.17230924376872
144.427,2.4161976618716214,6.1094211454756655,2.466949901900863,6.1633783946007155,0.07407546558158408,0.2,0.18673925927539342,168,24.967198473741306,tracking,0.2007260646086458,0.18827463432926037,25.180254740830755
144.467,2.4095310747291183,6.113898902030901,2.461178057480581,6.168807396971661,0.07538138791498417,0.2,0.19199357053419477,168,24.9752292699594,tracking,0.20072716403292962,0.19302767715406147,25.20008118605423
144.527,2.3994651579335895,6.120517851727356,2.4525340045643924,6.1769380013953805,0.07745667028271999,0.2,0.2006239116085431,168,24.98727639310224,tracking,0.20074154533080937,0.1964474422622676,25.21194821513117
144.587,2.389318061030719,6.1270150959668,2.4439076179234487,6.1850519889037425,0.07967622395369092,0.2,0.20403155796172587,168,24.99932536643042,tracking,0.20061546371575656,0.2017793562605564,25.2198463839931
144.627,2.3825082712290224,6.131277133809664,2.432713123870526,6.194382865106006,0.08064031591704797,0.2,0.21456540025653728,169,25.007358933739983,tracking,0.20075390332759546,0.20436429380457288,25.238374295481027
144.687,2.372222853356196,6.137560869006807,2.4233529078084706,6.201829546388906,0.08212639868359549,0.2,0.21795895645323707,169,25.019411947837977,tracking,0.20068297640214183,0.21438652532872482,25.24635026280564
144.747,2.3618556807049593,6.143713211325721,2.414006640372477,6.20926513060183,0.08376620270147453,0.2,0.2229578030121508,169,25.031467219912454,tracking,0.2007725965110121,0.221261809851527,25.25829981065434
144.787,2.3548982608259066,6.14773795008116,2.4077850709360464,6.214214807443194,0.08494814446683498,0.2,0.2262562792411934,169,25.03950489454029,tracking,0.20082723152631507,0.2226653874243581,25.26625510282408
144.847,2.34439391316712,6.15365763289422,2.3984681503520697,6.22162704426198,0.08685542014643646,0.2,0.23118660448627265,169,25.051562421830074,tracking,0.2008073122654538,0.2293329729415074,25.278168772412634
144.887,2.337345216774364,6.157523810313519,2.392267935015488,6.226559732481008,0.08821827207846221,0.2,0.2344656667242883,169,25.059601790503965,tracking,0.20086523566025405,0.23084144833445575,25.286097709193385
144.947,2.326705393902757,6.163201012549094,2.382986187089717,6.23394398708509,0.09039964672471854,0.2,0.23937159448455864,169,25.071661494313048,tracking,0.20084398457714903,0.23753806947885506,25.297968187438283
145.007,2.315984594642807,6.168727815943209,2.373728124238432,6.241309398619771,0.0927491312843172,0.2,0.24262683154389073,169,25.083723048629526,tracking,0.20092285977870505,0.24241345638008666,25.30586552049307
145.047,2.3087939478855484,6.17232743060382,2.3675708491093514,6.24620792501632,0.09440895917288808,0.2,0.24748617221078648,169,25.091764356140907,tracking,0.2009036548284281,0.2462190157345449,25.3176849106995
145.107,2.2979411427689245,6.177595372352731,2.358358064447396,6.253537314706764,0.09704320189279543,0.2,0.2523122488777162,169,25.10382812790472,tracking,0.20098372643834547,0.25242584016739605,25.329469594873657
145.167,2.2870102281259315,6.182702500149489,2.3491757947924636,6.260842427657213,0.0998519201111498,0.2,0.2554930289020178,169,25.11589326981291,tracking,0.20103886222506,0.25644166460538886,25.337305368140793
145.207,2.2796799836070742,6.186015508547288,2.343072665855935,6.265697877116655,0.10182294448467641,0.2,0.26024326768180533,169,25.123937429765952,tracking,0.20104961513554315,0.26098887221393674,25.34902519135533
145.267,2.268620321917617,6.190842766527194,2.3339479053231877,6.2729572376933405,0.10493083211576934,0.2,0.2633760758112976,169,25.136004680334736,tracking,0.2010972482176875,0.264810385308952,25.35681421752958
145.327,2.257479061148553,6.195488618774918,2.3046673293019397,6.29043730673754,0.10602823207589282,0.2,0.28628092392558163,170,25.148075787766615,tracking,0.20112958748294407,0.2861833593337081,25.39083091648846
145.367,2.2500070174386857,6.198484510868757,2.2974812899139723,6.294008675240638,0.10667086071652375,0.2,0.2894524388396599,170,25.156126055255346,tracking,0.2012262943935179,0.2911354880132914,25.398860285568656
145.427,2.238740833214808,6.202817649485431,2.2867196702791692,6.299357060815927,0.10780457664722387,0.2,0.29406353906881955,170,25.16819680491051,tracking,0.20104248491539886,0.2945567448307752,25.41890225346646
145.487,2.227399915064213,6.206947076014986,2.2759793084025683,6.3046948815607164,0.10915397815072342,0.2,0.30169006080287053,170,25.180266129165062,tracking,0.2011078373872719,0.2987457356928331,25.430895906102077
145.527,2.2197967760785686,6.209584755371784,2.268830904909393,6.308247545511558,0.11017573212083955,0.2,0.3047307779314862,170,25.18831380428427,tracking,0.20117383140398856,0.3027710170796653,25.438878455422238
145.587,2.208332095564121,6.213368223407796,2.2581291754917237,6.313566166424622,0.11189002169147687,0.2,0.3092758772592371,170,25.200386646935357,tracking,0.20119549526242192,0.30571262732744886,25.45082896758473
145.647,2.19679677586062,6.216937982150003,2.247455971874006,6.318870610384573,0.11382712699321583,0.2,0.31227782021435413,170,25.21246169468431,tracking,0.20124712362739136,0.31164980791206487,25.45877855140054
145.687,2.1890687997778406,6.219197155852229,2.240358310568002,6.322398056125597,0.11524339345197945,0.2,0.3167516698171917,170,25.22051312189648,tracking,0.2012690699455106,0.31257237460795717,25.470673511314114
145.747,2.177422242224156,6.222401068997365,2.2297417091094256,6.3276743695455595,0.11755762171577552,0.2,0.31969697212073006,170,25.232592333886213,tracking,0.20131823025462475,0.3183225944522223,25.478581837275
145.807,2.1657136765256872,6.225378894023484,2.153922868449055,6.343204284719906,0.11841387523370989,0.2,0.3240696417570698,170,25.244673639800787,tracking,0.2013592919001707,0.3230721531611067,25.49040795833436
145.847,2.157875250983345,6.22723578219352,2.146346135752039,6.342446079713749,0.11578572084983733,0.2,0.3825052013690541,171,25.25272900749313,tracking,0.2013875394512318,0.32651105255371915,25.566854126522088
145.907,2.1460505597980273,6.229804917716205,2.1348932283056707,6.34129998520202,0.1120519349216993,0.2,0.3860916811538526,171,25.264829576858332,tracking,0.2017837942248719,0.3828108885237247,25.578327553784963
145.967,2.1341705919229588,6.23212045559288,2.123360466274506,6.3401458996276014,0.10856498227068466,0.2,0.3881209428821802,171,25.276933103301936,tracking,0.2016739696906904,0.38787709443435353,25.586031736856018
146.007,2.126225072588616,6.233516230352551,2.1156320153955197,6.339372512155638,0.10638498605475649,0.2,0.39112710699881914,171,25.285000287734693,tracking,0.20167352375591893,0.3910880737509684,25.59764550498781
146.067,2.1142673449974123,6.2353753176222675,2.1039770403993763,6.338206196707794,0.10334447281892949,0.2,0.3931087240952849,171,25.29710167007812,tracking,0.20169533580787635,0.39314573748816234,25.60542950422383
146.107,2.106271589987145,6.236456746995373,2.0961677072038247,6.337424715327838,0.10147225766920161,0.2,0.3960571422629029,171,25.30517022556676,tracking,0.2017224756447006,0.3958114660689954,25.617166777889132
146.167,2.094246621471129,6.23784185554776,2.0843991970925178,6.336247038400564,0.09889667223514743,0.2,0.3979912381355717,171,25.31727470380884,tracking,0.20174680254234098,0.3979844180254744,25.62503027613395
146.227,2.0821910455186186,6.238941813589563,2.0725721308650904,6.335063501752198,0.0966017725217639,0.2,0.40084108135942115,171,25.329380356176248,tracking,0.20176518431121085,0.4010180020892065,25.636877845601884
146.267,2.0741404641455867,6.239515594291155,2.0192378984619426,6.312978290678561,0.09171182845824816,0.2,0.40268991056218206,171,25.337451358885783,tracking,0.20177200986291133,0.4030800471402948,25.64480819657211
146.327,2.0620458041625738,6.2401276205021405,2.011771111225998,6.307397964923768,0.08398121211599294,0.2,0.4458801669951555,172,25.34956149415289,tracking,0.2020314134640122,0.4429684413458516,25.707791063848735
146.387,2.0499279761478073,6.240428338958899,2.00414017973424,6.301694965468857,0.07648608909024587,0.2,0.4458807814729173,172,25.3616830529382,tracking,0.20196705717106647,0.44707664390155377,25.723555324650544
146.427,2.041850312071485,6.240456462115243,1.9989708133404616,6.29783162404615,0.07162793182845403,0.2,0.4452411112174864,172,25.369760765971098,tracking,0.20192195652379025,0.4475294302108779,25.730008831903312
146.487,2.02973740125589,6.240230937108492,1.9910906913879172,6.291942391355682,0.06455728219169797,0.2,0.4448467663395745,172,25.381875776080676,tracking,0.201923487374254,0.44728772541592643,25.739846483232235
146.547,2.017633926409933,6.239681286621066,1.9830611984205988,6.2859415257909355,0.057751911212340586,0.2,0.4445754998224316,172,25.393991725032574,tracking,0.2019472450815999,0.4464440473311988,25.746508876919346
146.587,2.0095741825505864,6.239134902685792,1.977627841175377,6.281880890016483,0.05336467146096766,0.2,0.44414365351012486,172,25.40206996781693,tracking,0.20196225794894437,0.4459850438233717,25.756653688384908
146.647,1.9975050074988445,6.238046500399424,1.9693620124050326,6.275703398183071,0.04701138291454955,0.2,0.4438315412519657,172,25.41418811973736,tracking,0.2019794410335478,0.44515183607476594,25.763514252091145
146.707,1.9854682107448716,6.236636818896928,1.9609628978977491,6.269426294855842,0.040934827364917006,0.2,0.44331099770974275,172,25.426307182326312,tracking,0.2019913248505607,0.444125170013685,25.77394522751826
146.747,1.9774659907150995,6.235519057837276,1.9552924614603595,6.265188477238627,0.037039706359851605,0.2,0.4429223272136187,172,25.434387090444066,tracking,0.20200083922340972,0.4437258826119458,25.78098922993227
146.807,1.965502809768101,6.233571888510245,1.9466828434921772,6.2587540535208195,0.031437757000885025,0.2,0.4422606746441437,172,25.446507699618476,tracking,0.2020192688061804,0.44247086499531013,25.791686005155476
146.867,1.9535952057384103,6.2313024936293955,1.9379543708712115,6.252230803423065,0.026127186342252435,0.2,0.4417604611346191,172,25.458629629615515,tracking,0.20204072385700145,0.4413709908271069,25.798902060480632
146.907,1.9456916454532918,6.229612486960394,1.9320728327214995,6.247835218310281,0.022749505446795593,0.2,0.4409094784980283,172,25.46671185627169,tracking,0.20205377868043495,0.44036225672242557,25.809846287312833
146.967,1.933894989020867,6.22681468441343,1.9209660485767963,6.2360168007702015,0.015869355577649888,0.2,0.4402690914691982,172,25.478835750121295,tracking,0.20206515008195008,0.4392511262662562,25.81721883287439
147.027,1.922176121673001,6.223703906234827,1.9155560220642613,6.228415732943023,0.0081257018009338,0.2,0.44249962850807234,173,25.49096046837754,tracking,0.202085163543465,0.44117258769708795,25.833024620188922
147.067,1.91441076230549,6.221458622705437,1.9118842265320128,6.223256873402596,0.003101143109321576,0.2,0.44072655336851196,173,25.499043914686755,tracking,0.20206232338630184,0.4396733899156538,25.839267570916224
147.127,1.9028409710312404,6.217838289619813,1.9062836001878691,6.215388013496294,0.004225582633384266,0.2,0.43797783737045354,173,25.51116690449045,tracking,0.20202054515269222,0.43725916897528627,25.848798140432145
147.187,1.8913718339704233,6.213918748402091,1.9005754652577038,6.207368104412605,0.011296803333209092,0.2,0.43515722022094167,173,25.523287296739767,tracking,0.20198014481094392,0.4347171217763985,25.858519385801316
147.227,1.8837850842425135,6.2111416182847545,1.8967124693031512,6.201940608965284,0.01586744645502178,0.2,0.43324158323121403,173,25.53136635752197,tracking,0.20195295511416023,0.4330083084573657,25.865102039151296
147.287,1.8724991465568968,6.20673362881937,1.890835179653154,6.193683038107526,0.022506177543845592,0.2,0.43039214616341703,173,25.54348257642766,tracking,0.20190717887760157,0.4305205795340791,25.875123847971967
147.347,1.8613323418779886,6.202038724182757,1.884862402324974,6.185291307404739,0.02888147699435448,0.2,0.42846780790682054,173,25.555596190928863,tracking,0.2018712133269893,0.42882401648788226,25.8921997385528
147.387,1.8539571442417075,6.198752192810366,1.88082988642588,6.1796256370439435,0.032984381273309556,0.2,0.4234368481486726,173,25.56367052239567,tracking,0.2018352926734514,0.42609840366907303,25.899153946280045
147.447,1.8430032517437929,6.193589656629467,1.874707779496791,6.171024098787998,0.038915054679870116,0.2,0.4202545721894321,173,25.57578000383275,tracking,0.2018050213095909,0.42415931464105533,25.90971172320607
147.507,1.83218526526851,6.188153172905163,1.86850195096585,6.162304931982027,0.04457615078559207,0.2,0.41806913334000695,173,25.58788719948922,tracking,0.20176234046620928,0.41959853584467216,25.916830780049246
147.547,1.8250517763276526,6.184378682434333,1.8643201849455513,6.156429565736772,0.04819918090129869,0.2,0.4146669338694435,173,25.595957728764535,tracking,0.20174925078264855,0.4189562766995745,25.92762547534079
147.607,1.8144732677495279,6.178496184368837,1.8579841719123624,6.147527490172527,0.053406542682446025,0.2,0.4123291238278053,173,25.608061803583702,tracking,0.20171477367775736,0.41418778918443466,25.934895567611658
147.647,1.8075044970766654,6.174429248110047,1.8537196332693728,6.141535828689559,0.05672579531820287,0.2,0.40868749822684486,173,25.61613049215273,tracking,0.20170486484314573,0.41320622512673794,25.945906479117138
147.707,1.7971803586512691,6.168115498562481,1.847265417523098,6.132467678737797,0.06147585038409588,0.2,0.40618559896142997,173,25.628232197304325,tracking,0.20167837994132884,0.4079656598331461,25.953313843075524
147.767,1.7870154223576131,6.161550017607102,1.8407458088321818,6.123307651933585,0.0659502309549669,0.2,0.4022940932520908,173,25.640333084463105,tracking,0.20165860262108287,0.4031363008274231,25.964520437757916
147.807,1.7803296635025563,6.157036107914619,1.8398518337953191,6.122051620216318,0.06904203890292662,0.2,0.3983702032315854,174,25.648399976812694,tracking,0.20165923986342055,0.40063099015486225,25.969821960339168
147.867,1.7704398276062085,6.150065426693491,1.8375628084406437,6.117354525397095,0.07466925484911763,0.2,0.3889632287993937,174,25.660499532620378,tracking,0.2016148935973455,0.3899863328524953,25.97149889026503
147.927,1.760720119693406,6.14286283857127,1.8328610751252088,6.107706538251741,0.08025137321423406,0.2,0.38603485332246945,174,25.672597052926974,tracking,0.20162230184261806,0.3855482000169552,25.97860960318106
147.967,1.7543356869117939,6.137933540911606,1.8296946508839929,6.101209015247682,0.08383116506528679,0.2,0.38159662389066545,174,25.680662966226812,tracking,0.20162538224978208,0.38104018542687523,25.989386806233888
148.027,1.7449037095798834,6.130356467499698,1.8249006626243394,6.091371720360651,0.08899057818607754,0.2,0.3785958124822057,174,25.69276148836297,tracking,0.20162602426754653,0.37730653033446726,25.99664216147005
148.087,1.7356474196653682,6.122566421796132,1.820056521492587,6.08143151145599,0.09389876101402697,0.2,0.373999360776801,174,25.70485957561035,tracking,0.20160606510115972,0.37262026135565485,26.007624822586767
148.127,1.729575278693592,6.1172589792566265,1.816801114732436,6.074751395748081,0.09703216543193931,0.2,0.37088488629944844,174,25.712924303894134,tracking,0.2015907698600163,0.3695001283727612,26.015008768423648
148.187,1.7206163137822945,6.109132601740724,1.8118815849296412,6.064656488803289,0.1015257324013089,0.2,0.36625145852900387,174,25.725019801561153,tracking,0.20155533091751707,0.36512462810389096,26.026172506547734
148.247,1.7118382392658023,6.10081427637807,1.8069211802770975,6.054477706402682,0.10577260225805903,0.2,0.36312562540889975,174,25.737113152174448,tracking,0.20152894952848846,0.3622175772325498,26.044992844125577
148.287,1.7060870829330865,6.095166025295248,1.8035931624516333,6.047648592319545,0.10846816113347554,0.2,0.3550663096206767,174,25.745174078886553,tracking,0.20148949982907197,0.35784582727969844,26.052589718601777
148.347,1.6976136451150348,6.086543288087672,1.798571342538175,6.037343785406684,0.11230782578715927,0.2,0.3500662120321797,174,25.757263361140158,tracking,0.20146192661973572,0.35487127515779693,26.064053039270526
148.407,1.689324694444649,6.077746358063932,1.793516330035681,6.026970867086633,0.11590533814764585,0.2,0.34667635126880975,174,25.769350241674797,tracking,0.2014241501388122,0.34949004668847206,26.071737596809907
148.447,1.6839019675903004,6.071787636484713,1.790129077140335,6.02002020225733,0.11816964944452348,0.2,0.34148071144663766,174,25.777407060488418,tracking,0.20140182683538158,0.3471204083670799,26.08332421925983
148.507,1.6759234421991602,6.06271280908864,1.7850242017782005,6.0095449650270885,0.12136636841760164,0.2,0.33796270310097315,174,25.78949049376235,tracking,0.20137021537333955,0.3414126265361281,26.091085728385703
148.567,1.6681323471582206,6.053478698558811,1.779892570154346,5.9990148237749015,0.12432482093540714,0.2,0.3325861667570734,174,25.801572296575426,tracking,0.20133133070760093,0.3343285607283245,26.10277991561805
148.607,1.6630427040721945,6.047237373736105,1.7764579496370256,5.991966960279222,0.12616590874806777,0.2,0.32895361592908223,174,25.809625780435574,tracking,0.2013272959558943,0.3332245138060402,26.110608099808516
148.667,1.6555649451341607,6.037750855797705,1.7744437900689496,5.987833891830253,0.12893363822043258,0.2,0.3222062759316667,175,25.821705138917338,tracking,0.2012905597238814,0.32466107924916215,26.11912906263918
148.727,1.6482744210253817,6.028122514795519,1.7722143046733647,5.981860863371135,0.1322922339035319,0.2,0.31567729711237386,175,25.83378225331752,tracking,0.20125268768519242,0.31716104974074194,26.11912906263918
148.767,1.643518177291418,6.0216270450876666,1.7695046748805376,5.974601477013062,0.13447676984339166,0.2,0.3096745165280066,175,25.84183290429632,tracking,0.20124251173723265,0.31192035538811463,26.129375406026575
148.827,1.6365383288343516,6.011773836500454,1.7654230863895375,5.96366646740796,0.13757034451894218,0.2,0.30599962889014415,175,25.853907837171775,tracking,0.20123652465090922,0.3070251214775591,26.137137249031124
148.887,1.6297432484180567,6.001792485746423,1.7613221110073014,5.952679518259628,0.14044600619326378,0.2,0.3004391145824254,175,25.865982624157013,tracking,0.20122523061875514,0.30126533841172576,26.14882844386588
148.927,1.6253153686670563,5.995070182043365,1.7585783210643748,5.945328613226835,0.14224358737735654,0.2,0.29670843265411695,175,25.874032188503328,tracking,0.20122320939356464,0.29728716456066,26.156652501214822
148.987,1.6188257958898982,5.9848884795148205,1.754449066509113,5.934265901166748,0.14476296823448842,0.2,0.29111008638020036,175,25.886106194516653,tracking,0.20121344678744785,0.29135342051944235,26.16842990726019
149.047,1.6125182191266276,5.974593486613079,1.7503049517524465,5.923163377046858,0.14707222667006972,0.2,0.2874752265781353,175,25.898179818805634,tracking,0.20122185801380174,0.2871314323965529,26.176307018128682
149.087,1.6084129935993656,5.967670087870626,1.7475347359038296,5.91574167420258,0.14849720309793532,0.2,0.2819871421543344,175,25.906228814194915,tracking,0.2012034865609492,0.2815348917593821,26.188157745066263
149.147,1.6024036810744597,5.957199531451468,1.7433695772140567,5.904582771148078,0.1504656350774621,0.2,0.27647168298827923,175,25.918301278266046,tracking,0.2011911848308051,0.27564749387161647,26.207990504217566
149.207,1.5965704689243587,5.946630605376466,1.7391937256218963,5.893395220670993,0.15223468571830595,0.2,0.2672706915109786,175,25.930373086845,tracking,0.20118768284564936,0.27163757388725657,26.219931987467024
149.247,1.5927771983594554,5.939533790989002,1.7364048436865993,5.88592350939554,0.15330676043394226,0.2,0.2635850076452448,175,25.938420053728784,tracking,0.20115550422813297,0.2662573862781689,26.227907219866946
149.307,1.5872300363135012,5.928814909997112,1.7322148443112382,5.874698055502779,0.1547553827513005,0.2,0.25800518021875657,175,25.950489246596675,tracking,0.20113720406711003,0.26254844717525266,26.239889160855952
149.367,1.5818501164389842,5.918013667420353,1.7280183132881612,5.86345510263121,0.15601852057365126,0.2,0.25429085017781866,175,25.962556159170248,tracking,0.2010858570575286,0.2546213498914672,26.24788760964052
149.407,1.5783557187510115,5.910768948681573,1.7252175233994247,5.855951488682195,0.1567588708347061,0.2,0.2486759465188646,175,25.970599589085758,tracking,0.20107318712486222,0.25372532583970747,26.259899065091144
149.467,1.5732496625013912,5.899839885964193,1.7222135115568376,5.847903421508113,0.15775812075963444,0.2,0.2449399037514948,175,25.982662599584994,tracking,0.20102159644012932,0.2460227790479781,26.26791409621783
149.527,1.5683045699087326,5.888839636340126,1.720648240971364,5.842731667606426,0.15916827225796956,0.2,0.23727716362507742,176,25.994723255974336,tracking,0.20096177651523736,0.23794685354941308,26.269903768458864
149.567,1.5650956752512641,5.881469336544543,1.7183354767776469,5.835090147122017,0.16010454704141217,0.2,0.2336298081470924,176,26.002761808331538,tracking,0.2009449726128201,0.23521308007833613,26.277883752322946
149.627,1.5604127548613715,5.870359589135621,1.7148622202086465,5.823614285773191,0.1613684006629077,0.2,0.22815367118260746,176,26.014818185518244,tracking,0.20090517170044445,0.22898569207895872,26.289868305438546
149.667,1.5573763302046413,5.862918933203248,1.7125444218635442,5.815956132131352,0.16211921956876096,0.2,0.22452011449350798,176,26.022854555059272,tracking,0.20089123491311198,0.22630691253983512,26.29786648341089
149.727,1.552947947104857,5.851708855741545,1.7090647072384049,5.804458932952925,0.163110385929671,0.2,0.21905766531531654,176,26.034907621622427,tracking,0.20085017958246004,0.22003637952863975,26.309874842629632
149.787,1.5486688237725363,5.840443165355056,1.7055820984826378,5.792952171382216,0.16394258229263117,0.2,0.2155219283998137,176,26.046958624749863,tracking,0.200829223163954,0.2163124535999033,26.317886463176478
149.827,1.5458979688884609,5.832902776715835,1.703258933491044,5.785276285997898,0.16441032753072757,0.2,0.21048291251589463,176,26.05499199873712,tracking,0.2008053348879448,0.21152166796478186,26.3299118839318
149.887,1.5418622642646533,5.82155034201873,1.6997727004491665,5.773757549554597,0.16498441401387853,0.2,0.2071473288054378,176,26.06704042956286,tracking,0.20078901682984202,0.20783963108047643,26.337932985124226
149.947,1.537969387382086,5.810149351788622,1.6962849902672277,5.76223393254627,0.16540773113145665,0.2,0.20213827744079418,176,26.07908771426315,tracking,0.20076672797760203,0.20271448407599954,26.34996981142121
149.987,1.5354522825211532,5.802523131331966,1.693959320938513,5.754549772672291,0.165607742478823,0.2,0.19882652128959247,176,26.087118595617923,tracking,0.20075683521079704,0.1991890659066399,26.357996753997426
150.047,1.5317922701187336,5.791047258550323,1.6904703896063742,5.743022120905776,0.16578648753716826,0.2,0.19386544122854626,176,26.099163982572534,tracking,0.20073262790221352,0.19393088960055385,26.370039773075007
150.107,1.5282704278181545,5.7795299077953874,1.6869815526139589,5.731494780843728,0.1658209713975028,0.2,0.19058849034099798,176,26.111207766928057,tracking,0.20072365643698079,0.19005290445112782,26.390112939940966
150.147,1.525996640178471,5.771829986180028,1.6846558668286702,5.723810566596178,0.16576674834962848,0.2,0.18246431887653747,176,26.11923639714205,tracking,0.20070505550156942,0.18504183396114754,26.398141387049478
150.207,1.5226947883466657,5.760248870552839,1.681167810854001,5.712285807066603,0.1655722027442864,0.2,0.17764567714566584,176,26.131279007518938,tracking,0.20070661130547016,0.18131407248902248,26.410182425904033
150.267,1.5195199947542626,5.7486331516265174,1.6789404465155386,5.704926453153723,0.16530322420074306,0.2,0.17443568031373896,177,26.143320778174854,tracking,0.2006840501059807,0.17482609554516979,26.417871459777757
150.307,1.5174724878217516,5.740871316610714,1.6776770456720624,5.699977042117025,0.16534159199178763,0.2,0.16899597701690527,177,26.151348129385013,tracking,0.20067987487853076,0.1729107851835475,26.422979575996237
150.367,1.5145008586944217,5.729203828026019,1.6746991757482945,5.688311146575912,0.16533515108129032,0.2,0.1659284992243102,177,26.16338809905044,tracking,0.2006530335726876,0.16634144513478039,26.431006347013522
150.427,1.5116456542370331,5.717508425410797,1.6717217383559928,5.676646945489907,0.16520899869010033,0.2,0.16136005683890783,177,26.17542697918215,tracking,0.20062149881298305,0.16031862511492762,26.44304525070773
150.467,1.5098049246600216,5.709697358499765,1.6697372314404844,5.668872579594285,0.1650606110639404,0.2,0.15834913092503225,177,26.18345200576555,tracking,0.20061843097255816,0.15924850844837285,26.451069710154147
150.527,1.5071356445806825,5.6979605622096665,1.6667612477302691,5.657214073351845,0.1647440728375679,0.2,0.15385146993375676,177,26.195488510378485,tracking,0.20057990169156928,0.1533344059951378,26.463103423257436
150.587,1.5045734662648809,5.686201830229544,1.6637865589352026,5.645560639978685,0.16431833501668336,0.2,0.15105510813980055,177,26.20752314936361,tracking,0.20055789407220237,0.15035006708219842,26.471123315741583
150.627,1.5029239619553807,5.6783507454945195,1.661804159693252,5.637794530958009,0.1639747656523911,0.2,0.14695153525473448,177,26.215545642491286,tracking,0.20053840837881381,0.1470227128489856,26.483148732481027
150.687,1.5005348127958884,5.666558190010419,1.6588319499125894,5.626150809198794,0.16337300891946416,0.2,0.14424020720873956,177,26.227577782722843,tracking,0.20051677703914575,0.14411361441663598,26.491162362314398
150.747,1.4982463532351307,5.654747007466061,1.6558614357001036,5.614513729879224,0.162669083866049,0.2,0.14019192911600525,177,26.239608621440794,tracking,0.2004922266221139,0.1404346512236914,26.503177318427458
150.787,1.496775455200325,5.646863265421029,1.6538821361180367,5.606759763869941,0.16214438018518498,0.2,0.13751969772567654,177,26.2476284050826,tracking,0.20047880706781968,0.13790408872459975,26.51118330934752
150.847,1.4946494935287118,5.635023993003309,1.6509148307402672,5.595135255257476,0.16127605839924605,0.2,0.1335343496792038,177,26.259657041098798,tracking,0.2004570715990982,0.13419398344003586,26.523185919072542
150.907,1.4926182730610809,5.623169282032281,1.6479496211668259,5.583518957021888,0.1603121204955443,0.2,0.13090720548930815,177,26.271684510857426,tracking,0.20044738162876283,0.1316035792681246,26.53118316382935
150.947,1.4913153965898698,5.615258092187879,1.6459740221915082,5.575779488251532,0.15961782682943262,0.2,0.12699293520133142,177,26.279702266893462,tracking,0.20042693686357085,0.1278711432171183,26.543171944105616
151.007,1.4894369848830873,5.603379929280134,1.643012540208908,5.564177792965866,0.15850002739822047,0.2,0.12441563352077291,177,26.29172803857777,tracking,0.20042046662818874,0.1251877570304683,26.563133291640963
151.067,1.4876472642545593,5.591488922655141,1.6413789914813746,5.557414621498226,0.15746270020380085,0.2,0.11790391927740133,178,26.303752976768205,tracking,0.2004063920487097,0.12128516618614595,26.567262976650433
151.107,1.4865022842524223,5.583554934191164,1.6396491721315714,5.549610261396723,0.15686366717054112,0.2,0.11415288411219884,178,26.31176915741436,tracking,0.2003975507406512,0.11851498602699952,26.578085563221954
151.167,1.4848554346234468,5.5716446091400975,1.6370557763169795,5.537909736237777,0.15589414890034775,0.2,0.11051740494325067,178,26.32379279898098,tracking,0.20038607393174873,0.11453184154044578,26.59007005281669
151.227,1.4832907230245447,5.559724055899375,1.6344640659034129,5.5262168150384685,0.15484222546606158,0.2,0.10815018448667427,178,26.33581560697049,tracking,0.20036808795714275,0.10885686809656078,26.598055333062465
151.267,1.4822923062605635,5.5517715500646965,1.6327371975649094,5.5184257689022935,0.15409609482692066,0.2,0.10463431140088202,178,26.343830542097187,tracking,0.20037154190690395,0.10795867427433184,26.610026883866933
151.327,1.4808591284447599,5.539835416398364,1.6301483548592508,5.506745785831572,0.1529123826721823,0.2,0.10242624400294568,178,26.355852409071673,tracking,0.20035317430296293,0.10258397561339355,26.618003401445524
151.387,1.4795013841425317,5.527890995850372,1.6275612937381763,5.495073840668188,0.15165323110214957,0.2,0.09929013100522596,178,26.367873750586558,tracking,0.20033876656480185,0.09864769625018525,26.629961395063592
151.427,1.478636502085307,5.519922349695537,1.6258372685171356,5.487295621716825,0.15077323707049145,0.2,0.09724257749613398,178,26.375889194586353,tracking,0.2003727395842715,0.09664041563945545,26.63792866672857
151.487,1.4773949865883451,5.5079631534517945,1.6232525284283554,5.475634148266475,0.1493974132569998,0.2,0.09420347910500555,178,26.387912660622632,tracking,0.2002462842744721,0.09306063930880362,26.649876631247615
151.547,1.4762210349634814,5.495998824286991,1.620669867743624,5.4639820563842045,0.14795451570833,0.2,0.09221656374082349,178,26.39993444646257,tracking,0.20022435731743168,0.0908540691549206,26.65783632738594
151.587,1.475474745069337,5.488019538299503,1.6189491480026414,5.45621875064137,0.14695643705787728,0.2,0.08926099521794928,178,26.407948556112196,tracking,0.20022798374391265,0.08824106482410773,26.669768268412234
151.647,1.474407551634174,5.476046902328772,1.6163697315411283,5.444581295597477,0.1454075133234284,0.2,0.08732434493206434,178,26.419968660683942,tracking,0.20020942999266866,0.08626885937289784,26.67771793542512
151.707,1.4734011958466633,5.464070125416197,1.6137922890872822,5.4329527466088186,0.14379829736522629,0.2,0.08444267827374537,178,26.43198764305287,tracking,0.2002057717256313,0.0837546183028426,26.689634876260037
151.747,1.4727630609404054,5.4560835974067015,1.6120751039331869,5.425205387727073,0.1426930592420027,0.2,0.08255144228952382,178,26.43999962444358,tracking,0.20019875044106267,0.08218231519465834,26.697574283012806
151.807,1.471853465260518,5.444102017880745,1.6096623418550478,5.414319820919654,0.14099030365268228,0.2,0.07973257996217016,178,26.452015680878105,tracking,0.20017285423704675,0.08000332224026646,26.709475771771313
151.867,1.4709997643433828,5.432118021709916,1.6078364648821044,5.405079434871949,0.13948249995077538,0.2,0.07787561563913492,179,26.464030046008165,tracking,0.20017994551253604,0.07839116166987244,26.71665941816766
151.907,1.470460445154318,5.424126893102545,1.6062965077012563,5.397286029807514,0.13846251417144748,0.2,0.07511610030822506,179,26.472039353194635,tracking,0.20019746055896023,0.07600656785874708,26.734022565324867
151.967,1.469696177414231,5.4121377378348,1.6039877837898335,5.385602055183132,0.13688819524243057,0.2,0.07062739102075741,179,26.484052843495654,tracking,0.20019907330617617,0.07433261815590254,26.74593245487609
152.027,1.4689834230548908,5.400145724855466,1.6016804521679406,5.3739251266483485,0.13526278610825915,0.2,0.06886909422577137,179,26.49606601934858,tracking,0.20026364658442491,0.07107488492842585,26.753868483177868
152.067,1.468536449433059,5.392149674393488,1.6001430291076921,5.366144546244601,0.1341512523374104,0.2,0.0663010255996905,179,26.504074552822885,tracking,0.2002057113612603,0.07017343408978728,26.76576618353862
152.127,1.4679070390220723,5.380153532717239,1.5978380441841398,5.354479493865179,0.13244327983481183,0.2,0.06474585635866957,179,26.51608719502109,tracking,0.20027321086353456,0.06710177776552445,26.773694019918345
152.167,1.4675144679685266,5.3721551111167685,1.5963022145147279,5.346706977283184,0.13127791579721468,0.2,0.062441204382218424,179,26.524095244729413,tracking,0.20019536176435465,0.06605246853263341,26.785579586675574
152.227,1.4669649769106388,5.360155739039044,1.5939996184324567,5.3350540143358405,0.12949091369533317,0.2,0.060934571263121594,179,26.536107191727396,tracking,0.20025001816527668,0.06309223372312585,26.79349926548461
152.287,1.466461793079678,5.348155025177563,1.59169850729258,5.323408566375095,0.12765822264980178,0.2,0.05870663033968787,179,26.548118450077496,tracking,0.2001832679822441,0.059985396818587076,26.805372312726824
152.347,1.4660034725321724,5.336153246935648,1.5893988795896432,5.311770625782155,0.1257813129888287,0.2,0.0572536320528692,179,26.560128976239675,tracking,0.20013866980875172,0.05797203525746702,26.813283598762364
152.387,1.4657224126131236,5.328151614624068,1.5878666296480175,5.304016225462745,0.12450593064202106,0.2,0.05510999980646898,179,26.56813554318986,tracking,0.20013626143199523,0.05583783587632517,26.82514401540974
152.447,1.4653358080874572,5.316148687151526,1.585569478306157,5.292390817221479,0.12255844254016962,0.2,0.053713840929495146,179,26.58014469515702,tracking,0.2000848031759975,0.05377333615371182,26.833046695453238
152.487,1.4651010540190303,5.308146368963274,1.5840388379905312,5.284644562886631,0.1212374997470484,0.2,0.05165834873437243,179,26.588150455949016,tracking,0.2000802203718531,0.051692570068445944,26.84489438674845
152.547,1.4647814636380023,5.296142636144932,1.581744051722042,5.273031123792961,0.11922411255493597,0.2,0.050321751726190356,179,26.600158442440755,tracking,0.20003182112347828,0.04972632868303908,26.85278881760122
152.607,1.4644995655247073,5.284138334968218,1.5800741970698424,5.264131247525182,0.11729355909318744,0.2,0.04835477113444615,179,26.61216605308099,tracking,0.20000800821080728,0.04748660054197436,26.864624424590165
152.647,1.46433152688217,5.276135342382054,1.5787242206698755,5.256332859805578,0.1160940425181215,0.2,0.047126664009016175,180,26.62017080962442,tracking,0.199994308615957,0.04610590499640072,26.869735784076095
152.707,1.4641076076241824,5.264130984810825,1.576700096836888,5.244640135071641,0.11426706371771643,0.2,0.0452446465805725,180,26.63217725541541,tracking,0.19998200967138333,0.04415981061581816,26.881606325853273
152.767,1.4639158577342564,5.252126515162155,1.5746768901367312,5.232952708324693,0.11240836787135726,0.2,0.0440156480652347,180,26.64418325639684,tracking,0.19997226665817833,0.04286734321978597,26.889516785493075
152.807,1.4638046835656795,5.244123497976922,1.573328564078194,5.225163854106816,0.11115281597063033,0.2,0.04220145564713524,180,26.65218704573458,tracking,0.19998066126647343,0.0412489678778618,26.9092827348344
152.867,1.4636621703868367,5.232118831025154,1.571306756762278,5.213484511161094,0.10924557131863959,0.2,0.03940029004614032,180,26.66419255857781,tracking,0.19998390177435843,0.040190268170443647,26.921135783238352
152.927,1.4635470046529793,5.220114037411729,1.5692857238337876,5.2018096416071975,0.10731135839121045,0.2,0.03838521436970396,180,26.67619790458895,tracking,0.19999869784845434,0.03886963965889978,26.929035272765333
152.967,1.4634848830551355,5.212110604376683,1.5679387550701038,5.194028628053435,0.1060074018485213,0.2,0.03687821979877861,180,26.684201578710212,tracking,0.20001212337807495,0.038093032281348436,26.940881031347644
153.027,1.4634145311083395,5.200106935070303,1.5659192149676049,5.182362382084277,0.10402922365259597,0.2,0.0354001556925106,180,26.696205454176635,tracking,0.1999904887295858,0.03689957071125938,26.95272078798528
153.087,1.4633697367322407,5.188106196557507,1.5639009110518145,5.170703277175693,0.10202636234367299,0.2,0.034437518635690806,180,26.708206276289665,tracking,0.20000297553932303,0.03486438644891869,26.960609580185157
153.127,1.4633532776101268,5.180105722668428,1.562555768193737,5.16293281130251,0.10067791725484268,0.2,0.03300278060801827,180,26.716206767109142,tracking,0.20000346767767663,0.03486209629399444,26.97243933242863
153.187,1.463347844447423,5.168105106038275,1.5605386299804056,5.151280440289231,0.0986362923577588,0.2,0.03206507969450495,180,26.728207384969203,tracking,0.20000218680105128,0.03285534800502033,26.98032357680976
153.247,1.4633653625927634,5.156104639650266,1.5585221847886506,5.139632072642937,0.09657207812939847,0.2,0.03067154890714348,180,26.7402078641436,tracking,0.2000006244429149,0.03144731431786329,26.99214650214579
153.287,1.4633895623866118,5.148104427649867,1.5571782689210198,5.131868694706427,0.09518361464878292,0.2,0.02976341849338199,180,26.74820811274482,tracking,0.200000826361628,0.030680514952886186,27.000026259838744
153.347,1.4634441750668377,5.136104272873517,1.5552195901694306,5.12055402555857,0.09308349482485746,0.2,0.028417142518243184,180,26.760208391791625,tracking,0.19999897571305617,0.029202945793737056,27.011842524101272
153.407,1.463520455874531,5.124104363289511,1.554132955832937,5.1122488234848715,0.09138478523677535,0.2,0.02763734412009481,181,26.77220854382341,tracking,0.19999860021431246,0.02829045874749795,27.015898996902383
153.447,1.4635830629846163,5.1161045416082755,1.5531049465423974,5.1043916956500155,0.09028487357345556,0.2,0.026343747815732302,181,26.780208610484497,tracking,0.19999729549120723,0.026946091275337484,27.02778659300214
153.507,1.4636941183770618,5.104105069676112,1.5515632546806448,5.092608465526301,0.08861804004668065,0.2,0.025504788600623697,181,26.792208596315778,tracking,0.19999705274531565,0.02588156344559374,27.035710033600612
153.567,1.463825135293848,5.092105872636192,1.5500219341406374,5.080828073433766,0.0869314493511071,0.2,0.024267194409490368,181,26.804208508608596,tracking,0.19999620837483836,0.02441757658353615,27.047592720235496
153.607,1.4639231736902636,5.084106574475657,1.5489945885168928,5.072976018038331,0.08579647374577176,0.2,0.023466554448169287,181,26.812208407519726,tracking,0.1999959540243408,0.02345100114342515,27.055512946935814
153.667,1.4640855553044734,5.07210786403897,1.5474538584523878,5.061200138980406,0.08407884654130182,0.2,0.02236836016341807,181,26.824208216682045,tracking,0.19999559848324325,0.02211003968810117,27.067390959479525
153.727,1.4642655231962654,5.060109436488071,1.5459134607614904,5.049426800271041,0.08234381837879692,0.2,0.021732711311688413,181,26.83620799385232,tracking,0.1999961870478108,0.021216747404141218,27.087181851396615
153.767,1.4643945487285657,5.052110659369758,1.544886703688815,5.0415792432016735,0.08117818510320476,0.2,0.020193356336140972,181,26.84420781153627,tracking,0.19999528809586994,0.02019545851132802,27.095096292756764
153.827,1.4646011513020498,5.040112735949584,1.543346819119945,5.029809826310333,0.07941681274844054,0.2,0.01930169570073479,181,26.856207513658394,tracking,0.1999951489140227,0.019441886518953646,27.1069660197312
153.887,1.4648220088125667,5.0281151666735715,1.5418072200232056,5.018042591297157,0.07764135186780442,0.2,0.01872289905907145,181,26.86820711559232,tracking,0.1999922755890563,0.018123025055979944,27.11487794295849
153.927,1.4649766552001875,5.020116978113308,1.5407809698698092,5.010198908637886,0.0764503906114961,0.2,0.01786692397237817,181,26.876206799070477,tracking,0.19999236506711965,0.017970609164082434,27.126744080160115
153.987,1.465218665048202,5.008120003712963,1.5392418032980015,4.998434979434991,0.07465403332448851,0.2,0.01730919718057741,181,26.88820621420327,tracking,0.19998983869342132,0.016921600298267513,27.13465375156009
154.047,1.465472075286623,4.996123316615681,1.5377028655569605,4.986672799197404,0.07284640926326177,0.2,0.016481223966997065,181,26.900205577438832,tracking,0.19998957981305004,0.015998681993847345,27.146516723713333
154.087,1.4656469323220032,4.9881256977251285,1.536677028837078,4.978832276431726,0.07163548206215618,0.2,0.01594023907052247,181,26.90820510760637,tracking,0.19998846482995006,0.01579392444944619,27.154424474416828
154.147,1.4659175524420975,4.976129886583728,1.535544137852935,4.969384306001891,0.06995258575176978,0.2,0.015168475323455263,182,26.920203970893763,tracking,0.19998478662613872,0.015017232611150039,27.16483957033633
154.207,1.4661962994175748,4.964133332342958,1.5343952843322004,4.957526060916009,0.06851830105230801,0.2,0.014662250436036743,182,26.9322037631223,tracking,0.20007640022155115,0.01497934501266121,27.17186622819499
154.247,1.466387295360796,4.956136223525073,1.533629487024155,4.949621648385591,0.06755702797592461,0.2,0.013878738976981959,182,26.94020315240495,tracking,0.20005665783957008,0.014452776973899177,27.183779216859218
154.307,1.4666799112881983,4.944139907717131,1.532480785354389,4.937764970676205,0.066108961950332,0.2,0.013364345495283108,182,26.952203036447926,tracking,0.20003545182591514,0.01425781775016641,27.19172053130378
154.347,1.4668788045686862,4.936141575929117,1.5317149441004836,4.929860104545072,0.06513971040874585,0.2,0.0125953128152542,182,26.960203840778004,tracking,0.20002342243819782,0.013636126537778584,27.203633244575443
154.407,1.4671844139810952,4.92414414008008,1.530566255752645,4.918003564342057,0.06367860344533444,0.2,0.01209088234953402,182,26.97220516837393,tracking,0.2000189593929222,0.013222431108899353,27.211574906043904
154.467,1.4674988707809455,4.912146920964007,1.5294176704780156,4.906148088040884,0.06220871122572327,0.2,0.011524920428551617,182,26.984206507865753,tracking,0.20001359717132158,0.012728342059055703,27.223486604810624
154.507,1.4677134678495198,4.9041489455335086,1.5286520094555909,4.898245082224432,0.06122386344430669,0.2,0.011157592206017473,182,26.992207361750726,tracking,0.20001214497954078,0.012350603158047774,27.231427161040525
154.567,1.468042889485558,4.892152320763325,1.5275036203834567,4.886391631087679,0.059739133442421315,0.2,0.01061445709486683,182,27.004208508549716,tracking,0.20001415007391116,0.011719954127102696,27.243336944108584
154.627,1.4683814635252088,4.880156290195988,1.5263553734509154,4.874539647088467,0.058245350989338245,0.2,0.010261292003039464,182,27.016209316095576,tracking,0.20002211722482527,0.01116014128446222,27.263183596648517
154.667,1.468612197389817,4.872159256415996,1.5255899528636805,4.866639122997801,0.05724453241833715,0.2,0.009410063965495452,182,27.02420967779956,tracking,0.20002914148762158,0.010489678296281842,27.271121111976537
154.727,1.4689658104267656,4.860164193287023,1.5244419386331725,4.854789540904223,0.0557358743450718,0.2,0.008925744944442388,182,27.036209952031758,tracking,0.20004196513372954,0.009822473630305171,27.283026175288672
154.787,1.4693280145699117,4.8481699987008495,1.5232940876543353,4.842941643862992,0.05421874895701575,0.2,0.008616182682954611,182,27.048209614344184,tracking,0.20003604172412884,0.008962178826035923,27.29096194608242
154.827,1.4695740361513645,4.840174289803721,1.5225289363899577,4.835043899671061,0.05320284167403701,0.2,0.008169477281423069,182,27.05620910728975,tracking,0.200064837049581,0.008444990860262722,27.302864268072288
154.887,1.4699494244468112,4.828181343157472,1.521432457753397,4.823726258066539,0.051675434217957776,0.2,0.007884724705418294,182,27.06820792746642,tracking,0.2000781049275104,0.007663076664149757,27.310798353891386
154.947,1.4703317355605512,4.816189099089644,1.5206730265229973,4.8127166192704856,0.050460912515135105,0.2,0.007493715428443117,183,27.080206263999877,tracking,0.20008403948851716,0.006776932447403053,27.321291635835962
154.987,1.470589976809728,4.808194666576429,1.5201254147869951,4.804777773496799,0.049653144652854704,0.2,0.007231202153517697,183,27.088204866362236,tracking,0.200093993886305,0.006571849513950005,27.329249608790064
155.047,1.470981683875586,4.796203443547608,1.5193040469878283,4.792870226867755,0.04843718726542899,0.2,0.006849781562235591,183,27.100202485465726,tracking,0.20009210346656625,0.005899562802534065,27.34118572403226
155.107,1.4713776074699016,4.784212529805373,1.5184827203893656,4.78096327753423,0.04721704462878821,0.2,0.00648146184511854,183,27.11219993385554,tracking,0.20009283704579808,0.005478764977034468,27.35312114012998
155.147,1.4716434780924417,4.776218676567364,1.5179351845510096,4.7730255320651365,0.04640170534213508,0.2,0.006243337003262451,183,27.120198207217882,tracking,0.20008759055579164,0.005340828828137663,27.361077818591447
155.207,1.472044597912652,4.764227865639799,1.5171138896179122,4.76111904179126,0.04517638587287698,0.2,0.006072924572922548,183,27.132195725453368,tracking,0.20008080460702232,0.005306835554882884,27.37301262021374
155.267,1.4724480589751934,4.752236900389885,1.5162925951773005,4.749212558657057,0.04394872009165698,0.2,0.005960624736109007,183,27.144193476428182,tracking,0.20006911868402436,0.005453967235531035,27.38096913001005
155.307,1.4727181672624243,4.744242754383379,1.5157450593073893,4.741274812730498,0.04312913303909527,0.2,0.005786538368003968,183,27.152192184377604,tracking,0.20005847178118033,0.0054986238688520565,27.392903942490797
155.367,1.4731249330799119,4.732251268116445,1.5149237447476511,4.7293680379249645,0.04189813448319866,0.2,0.005667166725862303,183,27.164190567657045,tracking,0.20004334293938567,0.005718604452711878,27.40086059791618
155.427,1.4735336984353273,4.720259395220452,1.5141024131138991,4.717461015593764,0.04066511452346389,0.2,0.0054801939267654495,183,27.176189405295307,tracking,0.20002716986538016,0.005883305063871463,27.41279574771514
155.467,1.4738074322057302,4.712264609362449,1.5135548504854441,4.709522881742811,0.039841866550687895,0.2,0.005351615715780761,183,27.18418887597107,tracking,0.2000168858646501,0.00597281806521872,27.420752651443916
155.527,1.4742201475295664,4.700272156785443,1.5127334977605915,4.697615553649358,0.03860486609535457,0.2,0.0051513249340117894,183,27.196188428160642,tracking,0.2000034619166891,0.0060550302584818,27.432688171950215
155.587,1.4746358622767226,4.688279532278821,1.5119121474362889,4.685708260357202,0.03736486149569147,0.2,0.00501491530103799,183,27.208188255713896,tracking,0.19999426004870102,0.006105100726777943,27.452580857941477
155.627,1.4749149216591224,4.680284415554199,1.5113645873127775,4.677770162820955,0.036536277767034074,0.2,0.004666717802363568,183,27.216188241062586,tracking,0.1999899388801645,0.0059708169790213955,27.46053781807609
155.687,1.475336860319884,4.668291859713099,1.5107880782051195,4.6666811462235955,0.03548779011845781,0.2,0.004459973290592724,184,27.228188217222367,tracking,0.19998922532665442,0.005827626255454309,27.47164242525472
155.747,1.4757631742688357,4.656299549152129,1.5102452125196573,4.654732869994985,0.03451761065764183,0.2,0.004324928831103876,184,27.240188102895733,tracking,0.19999055599083193,0.005429913099562455,27.479616221236046
155.787,1.4760500016142841,4.648304917480896,1.5098833184301692,4.646767712751671,0.033868219987823474,0.2,0.004128312608257062,184,27.248187878235377,tracking,0.19999825543670907,0.005249268193746399,27.491576401849752
155.847,1.4764842802891576,4.636313398015027,1.5093405050215554,4.634820587117473,0.0328901199152828,0.2,0.0040036894972455914,184,27.260187258930554,tracking,0.20000624463035394,0.0047303095019253045,27.499549455290982
155.907,1.4769234612356732,4.624322417723418,1.5087977261586132,4.622874221820936,0.03190714709512161,0.2,0.0038407688271252126,184,27.272186279234624,tracking,0.20002100979403312,0.004209745172723409,27.511508392098563
155.947,1.4772189242373799,4.616328789965266,1.5084358953775163,4.614910457972282,0.031249175234019086,0.2,0.0038592753934082536,184,27.28018536562754,tracking,0.20003289714934697,0.003973353017142525,27.51948057943453
156.007,1.4776660636841448,4.604338869670314,1.5078931809708753,4.602965511335484,0.030258300226245535,0.2,0.0038957695319412323,184,27.292183620599165,tracking,0.2000493126274321,0.0036584419737783988,27.531438124835237
156.067,1.478117616800504,4.592349537328695,1.5073505023150533,4.591021351561204,0.029263042783342227,0.2,0.003924593714707353,184,27.304181453329065,tracking,0.20006424868780792,0.0033633382583347854,27.539409367181467
156.107,1.4784208763428266,4.5843569453849815,1.506988734560165,4.583058974896469,0.028597329429773586,0.2,0.003974036674620247,184,27.312179796428026,tracking,0.2000733441782296,0.0032222892498670716,27.551365606357002
156.167,1.4788786719956166,4.57236840918751,1.5064461048623163,4.571115892669371,0.027595872018985116,0.2,0.004010067489526844,184,27.324177070160747,tracking,0.20008291675899012,0.0030518843100084,27.559336058073526
156.207,1.4791854983795383,4.564376227219713,1.5060843630440528,4.563154086860312,0.026926614107569195,0.2,0.004067176804295578,184,27.332175139617576,tracking,0.20008728773217768,0.0030224430292539527,27.571291295300114
156.267,1.4796476455615424,4.5523881098719725,1.5055417613016762,4.5512116199229835,0.025920828662747575,0.2,0.004105552850575954,184,27.344172161646437,tracking,0.2000881810053595,0.0030416297080746407,27.579261238824163
156.327,1.4801114623855627,4.540400033868044,1.5049991648734247,4.539269269947614,0.024913377173078715,0.2,0.004161194729406894,184,27.356169206796064,tracking,0.2000840946094725,0.0031888879838251716,27.591215965458957
156.367,1.480421327109403,4.5324079339928245,1.50463743303647,4.531307683823528,0.024241087778933544,0.2,0.004195119209270516,184,27.36416731135668,tracking,0.20007879927030284,0.003342022318419411,27.5991857423424
156.427,1.480886839303791,4.520419598029521,1.5042361203531183,4.5198563565406005,0.02335607343915738,0.2,0.004239147574230085,184,27.37616468193411,tracking,0.2000676130323222,0.0036342261840430403,27.61114046915613
156.487,1.4813530621243358,4.508430935175483,1.5039473639420093,4.507885905623181,0.022600874581329995,0.2,0.00425639530053968,185,27.388162406749515,tracking,0.20005358955481706,0.00396386665843151,27.630588480671822
156.547,1.4818200267194852,4.496441872762409,1.5036585983295505,4.495915073262092,0.021844924529086495,0.2,0.00429065382521663,185,27.400160559668933,tracking,0.20003877654801655,0.004335540029355931,27.638571311679726
156.587,1.4821318477809406,4.488448926270232,1.503466082475584,4.487934292603825,0.021340440900242164,0.2,0.004292533869024568,185,27.40815958623478,tracking,0.2000276563240118,0.004579778966976795,27.65054589768716
156.647,1.4826006194378623,4.476459163197369,1.5031773010222382,4.475962803555795,0.020582667415050472,0.2,0.004285972888769346,185,27.420158509745235,tracking,0.20001215136416708,0.004916902553408765,27.658529172985382
156.687,1.4829140483483627,4.468465787601363,1.5029847757583128,4.467981632805923,0.02007656605673562,0.2,0.004446007823169776,185,27.428158027924525,tracking,0.2000036500838672,0.005106989258636475,27.670504361785554
156.747,1.483386135586697,4.456475502955827,1.502695983658869,4.456009702421926,0.0193154653764216,0.2,0.0045611051204139256,185,27.440157602593718,tracking,0.19999424660234624,0.005485626476666708,27.678487956803856
156.807,1.4838612215946003,4.4444850876828665,1.502407190154151,4.444037713782022,0.01855136364850294,0.2,0.004721662649605398,185,27.452157426139628,tracking,0.19999143107006193,0.005849367690124738,27.69046341737005
156.847,1.48418002554487,4.4364914749332325,1.5022146622987025,4.436056435600077,0.018039883094523545,0.2,0.004821489821810514,185,27.460157393686426,tracking,0.1999887378095574,0.005901809146285467,27.698447056460445
156.907,1.4846618920780372,4.42450118407275,1.5019258757366085,4.424084734767951,0.017269005813505427,0.2,0.00496388602587724,185,27.47215736328117,tracking,0.19999429675315028,0.006043942523952153,27.710422339635713
156.967,1.4851487389600073,4.412511217966079,1.50163709990015,4.412113478569043,0.016493157463638643,0.2,0.005055329905010861,185,27.484157209410416,tracking,0.20000111336045961,0.0059893042059400835,27.71840566553953
157.007,1.4854762805211619,4.404518172385844,1.501444590799639,4.404132977876523,0.015972955517365255,0.2,0.0051904268647624,185,27.492156963226755,tracking,0.20001025898201122,0.005931249696828369,27.73038022228266
157.067,1.4859723342888722,4.39252905817489,1.5011558408553236,4.392162795041243,0.01518792350311726,0.2,0.005325292193710052,185,27.50415633524798,tracking,0.20002298653563297,0.0057982024988495655,27.742354125151518
157.127,1.4864741634916308,4.380540557896151,1.5008671090706591,4.380193365017674,0.014397132538659832,0.2,0.005415334572501406,185,27.516155334017963,tracking,0.20003783440449108,0.005560111850352694,27.75033631725805
157.167,1.4868119198705323,4.372548606068027,1.5007528588793688,4.372489980435246,0.013941062277061923,0.2,0.005553577308030648,185,27.524154419802887,tracking,0.2000491464171555,0.005462459055524989,27.76230896265335
157.227,1.4873232420662958,4.360561221190133,1.5007024584337676,4.360504957761595,0.013379334668847127,0.2,0.005639859322518233,186,27.536152704955303,tracking,0.2000641148187878,0.005218412191598369,27.770017901076194
157.287,1.4878398704209068,4.348574471214919,1.500652060751901,4.348520592292918,0.012812303618625932,0.2,0.005784060308565837,186,27.54815058309375,tracking,0.20007768922108046,0.005071587802421299,27.782002806319426
157.327,1.4881869936217789,4.340583594627447,1.5006184635649213,4.340531316743485,0.01243157986437792,0.2,0.005880833758270221,186,27.556148995633297,tracking,0.20008477436109953,0.005019588306432467,27.789992379490247
157.387,1.4887112848043071,4.328597633567182,1.5005680693361194,4.3285477723996175,0.011856889371578602,0.2,0.006026957030673865,186,27.568146418014052,tracking,0.20009147648572734,0.00502677490996624,27.80996537598672
157.447,1.4892393233354284,4.316611948358649,1.5005176763336008,4.3165645196609965,0.01127845272334573,0.2,0.006500972517570538,186,27.58014372915482,tracking,0.2000925772053015,0.005116234924454991,27.82194873468336
157.487,1.489593259905079,4.308621543046254,1.5004840812489209,4.3085757440299615,0.010890917642392467,0.2,0.00673708159266285,186,27.58814196947077,tracking,0.2000924068577197,0.005517442235457795,27.82993758095255
157.547,1.490126613059844,4.296635920194609,1.5004336886026106,4.296592575996241,0.010307166679734471,0.2,0.007077179865383363,186,27.60013945340406,tracking,0.2000854937180686,0.005931699339680317,27.84192085494354
157.607,1.49066287692028,4.284650087223978,1.500383295124179,4.2846092100873845,0.009720504153539734,0.2,0.00729073406141541,186,27.61213727699536,tracking,0.20008022585838373,0.006640736477759903,27.849909786291345
157.647,1.4910219913411724,4.276659338191234,1.500349698685648,4.276620112516039,0.00932778982169823,0.2,0.007593048710282823,186,27.620136091486994,tracking,0.20006749725878525,0.006944574095227479,27.861893495023764
157.707,1.491563270503825,4.264672907423792,1.5002993027820453,4.264636169911348,0.008736109523748274,0.2,0.0077799479073433035,186,27.63213473748038,tracking,0.20005717273642037,0.007700462773496228,27.86988283456739
157.767,1.492107980010936,4.252686062406089,1.5002489051970953,4.252651827489046,0.008140997169646193,0.2,0.008040337800971253,186,27.64413395253494,tracking,0.20004133449073302,0.008370942553216893,27.88186712854265
157.807,1.4924732788272914,4.24469461775733,1.5002153059427177,4.244662060320677,0.00774209557178655,0.2,0.00819895964181571,186,27.652133741957133,tracking,0.200032862331389,0.008721630587244617,27.889856889746422
157.867,1.493024950357192,4.232707232022832,1.5001649062070566,4.23267720646792,0.007140018982605261,0.2,0.00841803894009148,186,27.664133815216267,tracking,0.2000190998824329,0.009280673987168964,27.901841795374228
157.907,1.4933955453021177,4.224715532290993,1.5001676649412803,4.224816790568436,0.006772876615285574,0.2,0.008550673818388744,186,27.672134103037155,tracking,0.20001319907955126,0.009548595032453,27.909831826568446
157.967,1.4939562810554725,4.212727947151284,1.5003469913198009,4.212823502508762,0.006391424607154075,0.2,0.008729189032921613,187,27.68413479560329,tracking,0.20000594963019933,0.009906070391798225,27.921693895625758
158.027,1.4945235892385513,4.200740498014155,1.5005263171342982,4.200830252170766,0.006003398870557109,0.2,0.008841935228469317,187,27.69613566121331,tracking,0.20000379247215794,0.010063091997152489,27.92969031217737
158.067,1.4949058291153043,4.19274905790533,1.5006458656991752,4.192834884241531,0.005740678195488922,0.2,0.009001134795077161,187,27.704136237588568,tracking,0.20000646021211563,0.010177588834522392,27.941684843838285
158.127,1.4954857457470676,4.180762294093835,1.5008251840870475,4.180842130593724,0.005340035173401129,0.2,0.009101148113430919,187,27.716137021311823,tracking,0.20001254832920737,0.010138601108308975,27.949681031500948
158.187,1.4960739806697727,4.168776141839274,1.5010044951921224,4.168849864016973,0.004931065646955656,0.2,0.00930923890724793,187,27.72813759905599,tracking,0.20002373749416527,0.010111071159280182,27.961674971981452
158.227,1.4964709823086335,4.160785775934556,1.501124030998381,4.160855349379842,0.004653568799690261,0.2,0.009577649156478806,187,27.736137821402433,tracking,0.2000336883948486,0.010181564511578969,27.981663650381304
158.287,1.4970739871748489,4.148800886531508,1.501303326526598,4.1488641245781315,0.004229812100175956,0.2,0.01023320334049982,187,27.748137870938663,tracking,0.20004963313867305,0.010255190360097588,27.989658623310802
158.347,1.4976861022274144,4.136816854095676,1.501482611280411,4.136873620364951,0.003796933420381802,0.2,0.010615655557233655,187,27.76013752586123,tracking,0.20006542350731474,0.010188965189643384,28.001650467802342
158.387,1.4980993293467937,4.128827981637724,1.5016021283880099,4.1288803562879135,0.003503190578191196,0.2,0.010864791856375046,187,27.768137078336313,tracking,0.20007760466848556,0.010336802394326347,28.00964462535297
158.447,1.498726700131067,4.116845259326162,1.5017813969668725,4.116890933849972,0.0030550382846710983,0.2,0.011233334113167227,187,27.78013621280914,tracking,0.20009201529029558,0.010295965128939247,28.02163538794835
158.507,1.4993629695979473,4.104863248953368,1.5019606568920698,4.104902090166275,0.002597977659231388,0.2,0.011472562535448278,187,27.792135104900005,tracking,0.20010984519206604,0.010556744285403812,28.029628900714563
158.567,1.5000076669145543,4.092881914827674,1.502139908591912,4.09291379659156,0.002132480015739812,0.2,0.011823242775755523,187,27.804133771578496,tracking,0.2001155027945243,0.010852220516321343,28.041618730602536
158.907,1.503698018607474,4.026416850730457,1.5041082973393176,4.026430842871017,0.0004105172563981508,0.2,0.01378368241918098,188,27.87070120686832,tracking,0.18231117655397627,0.013513141394288015,28.10497295804342
158.987,1.5045826964123943,4.010981391368623,1.5046351242555096,4.010983179367106,5.245832319373681e-05,0.2,0.01442430967345009,188,27.886161997938938,tracking,0.2000724312103938,0.013568460737196164,28.123591673789523
159.047,1.5052771437123598,3.9990024724494746,1.5050439853114808,3.998994520818389,0.0002332939526378196,0.2,0.014743050414991809,188,27.898161029380017,tracking,0.2000576179535919,0.015269770764285656,28.13558271640388
159.107,1.5059777720488317,3.987021517940087,1.505452922889246,3.987003618491142,0.0005251542921755359,0.2,0.014999061175941058,188,27.910162452254905,tracking,0.2000304221065864,0.01617187709733347,28.147580233148116
159.167,1.506690645218572,3.9750419034902453,1.5058618290439296,3.975013637554153,0.000829298025134494,0.2,0.015147602149392831,188,27.922163258499612,tracking,0.2001363030466673,0.01604333551522931,28.155579064618834
159.227,1.5074148263956273,3.9630624543496475,1.5062707427043183,3.9630234365342476,0.0011447488294983642,0.2,0.015351645360742435,188,27.93416457676426,tracking,0.20016446190909432,0.016605947331578996,28.16757563877917
159.267,1.5079040656331761,3.955076677640918,1.506543341500413,3.955030271522707,0.0013615152196326586,0.2,0.015469888470544521,188,27.942165325771274,tracking,0.20016095941283066,0.01667472257476831,28.175573749986736
159.327,1.5086477471763284,3.943098722582689,1.5069522269200057,3.943040898581813,0.00169650598427411,0.2,0.015633626195399986,188,27.95416634529524,tracking,0.20005321886771238,0.01686760289481467,28.187570408054007
159.387,1.5094034736782782,3.931120690780465,1.5073611289468332,3.931051038682179,0.0020435320934247703,0.2,0.015791333559264056,188,27.96616819383623,tracking,0.20000967173234951,0.016301456477697717,28.199566935185157
159.447,1.510173590028282,3.919144056266372,1.5079489889865278,3.9190241148760627,0.0022278320699915892,0.2,0.01589610525855487,189,27.978169562653022,tracking,0.1999782019133533,0.015983026291465866,28.21960646397612
159.487,1.5106946013524478,3.9111603315342602,1.50837970126595,3.9110355215887505,0.0023182622657857916,0.2,0.016158595953760742,189,27.986170269709156,tracking,0.1999598796822634,0.015883538888871656,28.22760665995983
159.547,1.5114873033744483,3.8991857268266186,1.509025749291949,3.8990530098974094,0.0024651292632167352,0.2,0.016309312109058997,189,27.998171083614885,tracking,0.1999341255068926,0.01561916265163787,28.239606575146404
159.607,1.5122932762082884,3.8872122764357258,1.5096717737277445,3.8870709357430284,0.002625309971586134,0.2,0.016406884121727285,189,28.01017162970546,tracking,0.19990800097125258,0.015490908151547828,28.247606274806294
159.647,1.5128377061312497,3.879230501129384,1.510102449085549,3.879083027255751,0.002739229754777677,0.2,0.01643269472944596,189,28.01817195101038,tracking,0.19990010140259667,0.0153426777745732,28.259605562349602
159.707,1.5136648522133618,3.8672588516254214,1.5107484380769736,3.8671016105023295,0.0029206499594638525,0.2,0.01606178234241797,189,28.030172141112494,tracking,0.1998861802357531,0.014868246786775388,28.26760481853056
159.747,1.5142229058238947,3.85927846163725,1.5111790784488326,3.8591143509134054,0.0030482482541385166,0.2,0.015512169440063086,189,28.038172019123785,tracking,0.19986407190718172,0.014580311338084838,28.27960324135621
159.807,1.5150690924132686,3.847308644738978,1.5118250241089477,3.847133737843145,0.00324878001491473,0.2,0.015155304211125075,189,28.050171708633194,tracking,0.1998673017060513,0.013774634254928548,28.287601954848167
159.867,1.5159252628678113,3.835339750032114,1.5124709491306192,3.835153507562373,0.0034593308099239474,0.2,0.014626843685240856,189,28.0621711864698,tracking,0.19986124496003166,0.013195315178037688,28.29959966180017
159.907,1.5165010754397328,3.827360919253614,1.512901557154279,3.8271668479484684,0.003604746254425855,0.2,0.014280551561416352,189,28.07017076775321,tracking,0.19987598858533118,0.013111120006658535,28.307598025870146
159.967,1.5173717348874045,3.8153930961851787,1.5135474665614013,3.8151869072769977,0.0038298227237208433,0.2,0.013762528438450185,189,28.08217021927698,tracking,0.19988606527858532,0.012723541179143927,28.31959537869092
160.027,1.5182501846218561,3.8034255871112532,1.5141933816684368,3.8032068608869496,0.004062695086278349,0.2,0.013419928836760457,189,28.094169925413816,tracking,0.1999075150175172,0.012688843624929166,28.327593606442793
160.087,1.5191360773100384,3.7914582987498915,1.5148393064834444,3.791226634439253,0.00430301149069957,0.2,0.012904192475291341,189,28.10616995860456,tracking,0.19993609848163982,0.012567042987756835,28.33959109948737
160.127,1.5197307054698495,3.783480209841403,1.5152699291614184,3.7832397030259104,0.004467255175402191,0.2,0.012561347640468483,189,28.114170176431607,tracking,0.1999552950655621,0.012483615981513171,28.34758955848944
160.187,1.5206286647757625,3.7715132270274,1.5160827258572598,3.7711716574851497,0.004558753163196166,0.2,0.012044458699727568,189,28.12617080177305,tracking,0.199983809708303,0.01234954540091505,28.359587370439282
160.227,1.5212313702136748,3.7635354126502483,1.5166821756100408,3.763193598484632,0.004562018025561587,0.2,0.011700086273881905,190,28.134171350259322,tracking,0.19999981092701355,0.012221144038303875,28.367684103307727
160.287,1.5221416833847652,3.751568954661162,1.517581365661099,3.751226304734422,0.00457317249981657,0.2,0.011183085962654344,190,28.1461723830013,tracking,0.20001929999809914,0.011966266562824556,28.379684973835033
160.347,1.5230627205231224,3.739605090538598,1.518480422113661,3.73926078904264,0.004595215145504279,0.2,0.010840927176864149,190,28.158171647735166,tracking,0.1999715366687538,0.011636533795058404,28.399684923173677
160.407,1.5239921772721448,3.727642018544017,1.5193794666490121,3.7272954319566645,0.00462571308614068,0.2,0.00996991555892424,190,28.17017077192803,tracking,0.1999705602666488,0.011160638489535966,28.407684334940377
160.447,1.5246162778876293,3.719667064203343,1.5199788228235889,3.719318618385696,0.004650527277506299,0.2,0.008938741359483233,190,28.17817010929522,tracking,0.19996967837954105,0.010753213032644727,28.419683307488373
160.507,1.5255589735245987,3.707705298418758,1.5208778440868769,3.7073535710269203,0.004694324761973186,0.2,0.00826784706268965,190,28.190168964063457,tracking,0.19996780495136968,0.009604115789869753,28.427682528630417
160.567,1.5265095079445996,3.695744272973144,1.5217768540416754,3.6953886741724933,0.004745994466061671,0.2,0.0072863500032505826,190,28.202167699221558,tracking,0.19996893340786145,0.007844584512287974,28.439681143186203
160.607,1.527147293110806,3.6877706632300966,1.5223761865779535,3.687412175202943,0.004784555487549651,0.2,0.006653415270616774,190,28.210166775559028,tracking,0.19996713727199356,0.007586767457178028,28.447680212134685
160.667,1.5281096631814985,3.675810845996361,1.5232751727050051,3.6754475954712937,0.004848118099971103,0.2,0.005729838384855818,190,28.222165249812754,tracking,0.1999652345681771,0.005933330333154773,28.45967857321929
160.727,1.529078041739098,3.6638516766798057,1.5241741441537722,3.6634832110924997,0.004917720855883565,0.2,0.0051350801036466765,190,28.23416356168455,tracking,0.19996355480564704,0.004940231062118292,28.467677378216052
160.767,1.5297266660155413,3.6558792021727387,1.5247734527202352,3.6555070311365068,0.00496717557863689,0.2,0.004270175509007044,190,28.242162378048103,tracking,0.1999626524665878,0.004044250694353847,28.47967544163403
160.827,1.5307031424857491,3.643920900029333,1.5256724048387693,3.6435429040232123,0.005044918458546485,0.2,0.0034401161839782515,190,28.254160481917044,tracking,0.19996079063277966,0.002883237178135758,28.491673352751498
160.887,1.5316830856448667,3.6319630117484345,1.526571345497078,3.631578929433717,0.005126149291914323,0.2,0.002910240266803555,190,28.266158455943252,tracking,0.1999594669063026,0.002184171490526319,28.499671869124185
160.927,1.5323377134711769,3.623991257858886,1.5273280535331104,3.6234967248490566,0.005034009892012423,0.2,0.0021286351706316067,191,28.274157043172664,tracking,0.19995819294537978,0.0013538365826934317,28.51178950131899
160.987,1.5333207221943042,3.6120338029929178,1.5285065393713675,3.6115585666793297,0.0048375826407836345,0.2,0.0016315358993853491,191,28.28615483601224,tracking,0.19995736162175246,0.0008336081290452808,28.51978698265075
161.047,1.5343040558442052,3.6000764481961296,1.5296850185623385,3.5996204758471566,0.004641488575263526,0.2,0.0009022029826434152,191,28.298152555745727,tracking,0.19995672849298377,0.00017811437064058717,28.531783147022335
161.087,1.5349593032712516,3.5921048820903314,1.5304706680131366,3.5916617824924217,0.004510452719413125,0.2,0.00043220508934167204,191,28.306151006556338,tracking,0.19995640086471872,-0.00020774970820259977,28.539780548906382
161.147,1.5359410785113774,3.58014746924145,1.531649137839595,3.5797237865235276,0.004312802079340647,0.2,-0.00026004324372580495,191,28.318148656520425,tracking,0.19995632968972354,-0.0007177043888624205,28.551776608739996
161.207,1.5369209494012905,3.5681899191233946,1.532827602707461,3.567785840785583,0.004113242815464913,0.2,-0.0007757622315193669,191,28.330146287611047,tracking,0.1999563324022499,-0.0010281994662590856,28.57176991940054
161.247,1.537572690653791,3.560218112657809,1.5336132418192794,3.5598272521655594,0.003978694132189233,0.2,-0.0022563217229300925,191,28.338144691513385,tracking,0.19995619208523974,-0.0017367159937586904,28.579767191537766
161.307,1.5385479422948782,3.548260227589863,1.5347916948535612,3.5478894263027927,0.003774505058268446,0.2,-0.003114912412245828,191,28.350142280065327,tracking,0.19995588961009556,-0.0020972197671925265,28.59176304239895
161.367,1.5395197667461886,3.536302105624259,1.5359701379726591,3.5359517008816512,0.0035668820997491082,0.2,-0.0036706357601338072,191,28.36213982663571,tracking,0.199955132869732,-0.0030242093225767066,28.59976021636881
161.407,1.540165686523891,3.5283298920103943,1.5367557607068196,3.5279932781686445,0.0034265001030771773,0.2,-0.004489660457413962,191,28.37013816410448,tracking,0.19995491993687292,-0.003139408254280642,28.611755897754097
161.467,1.5411314103401592,3.516371368652727,1.5379341841913994,3.5160557516467827,0.003212766586721609,0.2,-0.005019356708278218,191,28.382135618142115,tracking,0.19995346794165098,-0.004080691063586574,28.619752941897517
161.527,1.5420934005205944,3.5044126220091507,1.5391125934726233,3.504118369006077,0.002995295559214844,0.2,-0.005796375634274977,191,28.394132994788386,tracking,0.19995216495611484,-0.004980930761994424,28.631748406104446
161.567,1.5427326591579007,3.496439999797684,1.539898191867388,3.4961601928531465,0.0028482445027065194,0.2,-0.006296861802900144,191,28.402131204371294,tracking,0.19995122179535096,-0.0052684059308774215,28.639745288648278
161.627,1.543688461454211,3.4844808996453778,1.5410765759908442,3.484223065062692,0.0026245807942936895,0.2,-0.007027332055130824,191,28.414128438822722,tracking,0.19995010553173934,-0.006250506104179675,28.651740500241743
161.687,1.5446404982702524,3.472521576131048,1.5425010879837187,3.4722520754335906,0.0021563179264794275,0.2,-0.007500426263648253,192,28.426125596528593,tracking,0.1999494118033633,-0.006867301430462436,28.659805473227244
161.727,1.5452730707816928,3.464548564821577,1.5434996377232693,3.464325166135898,0.001787448400786063,0.2,-0.008178463304445677,192,28.434123662377484,tracking,0.1999483624500604,-0.007646260276073197,28.671789936939664
161.787,1.5462184694213714,3.452588823542049,1.5449974360992937,3.4524350104403783,0.0012306830801915231,0.2,-0.008610239040648213,192,28.44612071160057,tracking,0.19994784443163838,-0.008311021882416766,28.67977942825364
161.847,1.5471594461030556,3.4406287915331406,1.5464952014532392,3.44054511688806,0.0006694941381663509,0.2,-0.009233943162696061,192,28.458117703005485,tracking,0.19994694022610363,-0.00916911232167378,28.691763472594637
161.887,1.5477839781358305,3.4326554073251803,1.5474936718368302,3.432618837551468,0.0002926005734591392,0.2,-0.009629598648418084,192,28.466115508703783,tracking,0.19997671140709636,-0.00967720059132259,28.69975267524951
161.947,1.5487163581417964,3.4206962626056505,1.548991192881048,3.420730883432885,0.00027700674283831223,0.2,-0.010178806024763813,192,28.478110944289796,tracking,0.19991786739555786,-0.010509460461760316,28.71173596693251
162.007,1.5496406542870633,3.408737244784662,1.5504885719158703,3.4088440566448215,0.0008546186744463473,0.2,-0.010677734965119342,192,28.49010562772067,tracking,0.1998003339612123,-0.012038640237947259,28.723717204416893
162.047,1.5502528682205232,3.4007645999171183,1.5514867582052887,3.4009200325676825,0.001243641348366143,0.2,-0.010979244025450004,192,28.498101743783128,tracking,0.19977370986453305,-0.012625351947398028,28.731704267200417
162.107,1.5511649472234736,3.3888055170526297,1.5529839544680792,3.389034656701152,0.0018333827572147843,0.2,-0.01140259483679617,192,28.510095556815994,tracking,0.19975402578114207,-0.01327033731322335,28.751670219724904
162.167,1.5520682308231175,3.3768460616272957,1.5544810595407612,3.3771500047401917,0.0024318971681720055,0.2,-0.01204467033416582,192,28.522089075704624,tracking,0.19974768104821328,-0.013584566350030827,28.763648795426207
162.207,1.552664889312667,3.3688727561740595,1.555479084760667,3.3692272593008283,0.0028364358773700755,0.2,-0.012284265626534917,192,28.530084674569235,tracking,0.19975196059230843,-0.013886090185483962,28.77163415388006
162.267,1.5535510617540167,3.356912032573739,1.5569760798050756,3.357343480790743,0.0034520857773286773,0.2,-0.012631599617062398,192,28.542078181589247,tracking,0.19976411905102637,-0.01394873988413357,28.783611849227654
162.327,1.5544259782367957,3.3449503182297398,1.558473021880191,3.345460122773263,0.004079027203162916,0.2,-0.012854487468894817,192,28.554071850289827,tracking,0.19979127346961678,-0.01414214863935198,28.791596731924997
162.367,1.5550028273724632,3.3369751948508375,1.559470963094866,3.337538044202877,0.004503447149340488,0.2,-0.013181193403601356,192,28.562067808508456,tracking,0.19980257762124448,-0.013999746375498112,28.80357380707416
162.427,1.555858214674203,3.3250114924810985,1.5610478125357845,3.325729551219611,0.005239039446013433,0.2,-0.013388740778004971,193,28.574062051370248,tracking,0.19983762748179196,-0.014061350790103486,28.811498022415712
162.487,1.5567017230403202,3.313046471521355,1.5626880985231186,3.3138747764000938,0.006043408011477731,0.2,-0.013700504666962564,193,28.586056768246056,tracking,0.19986554579181878,-0.01401801372608221,28.8234658206115
162.527,1.5572574918712783,3.3050690859971876,1.5637815947933662,3.305971793536213,0.006586258409674642,0.2,-0.013903438099866678,193,28.59405348999904,tracking,0.19989045328177962,-0.01388646129178255,28.83144418859118
162.587,1.5580814822942366,3.2931020054921043,1.5654217937473667,3.294117647729308,0.007410243004311301,0.2,-0.014202980601760711,193,28.60604890479105,tracking,0.199913295534453,-0.013898237773433466,28.843411396421583
162.647,1.5588942244904032,3.2811338696717676,1.5670619246765016,3.282263993555854,0.008245514315273214,0.2,-0.014397105722927513,193,28.61804460505787,tracking,0.19993232842866024,-0.013845595217380638,28.851389316665532
162.687,1.5594301013417151,3.2731545832453213,1.5681553053487525,3.274361846148857,0.008808329505795886,0.2,-0.01445939795309693,193,28.626041865581016,tracking,0.19994040127944268,-0.013807101360770298,28.863355732315725
162.747,1.5602254522958499,3.2611849919376343,1.5697953071847237,3.2625091249653826,0.00966102742306824,0.2,-0.014428762800564581,193,28.63803785237716,tracking,0.19994393080366857,-0.013740191271122588,28.87133303287757
162.807,1.5610111980819936,3.249214772541872,1.5714352138582393,3.250657091545804,0.010523325948221958,0.2,-0.014377415075943485,193,28.65003383290495,tracking,0.19993852690821068,-0.013771188121762841,28.88329845722277
162.847,1.5615299531275677,3.2412343605628697,1.572528425704893,3.242756164285448,0.011103255630860263,0.2,-0.014339066792760579,193,28.65803108756839,tracking,0.19992988944524662,-0.013852576350313986,28.89127500660697
162.907,1.562300789864916,3.229263460146261,1.5741681447677711,3.2309054867769,0.011980415846123553,0.2,-0.014272663599328795,193,28.670026780381228,tracking,0.19991011433928943,-0.014052103543629154,28.903239166125527
162.967,1.5630631009838218,3.2172923481853046,1.5758077323953972,3.2190557591852107,0.012866050216422382,0.2,-0.01422155466849778,193,28.68202213947647,tracking,0.19988428352597612,-0.014340328573902616,28.923177406600114
163.027,1.563817004919213,3.205321123032748,1.5774471774596615,3.207207061936137,0.013760027944365144,0.2,-0.014064787423395925,193,28.694017080193163,tracking,0.1998496494903725,-0.01463137978042224,28.931151917342458
163.067,1.5643149105283938,3.197340269491978,1.578540057593757,3.199308532048992,0.014360670824322654,0.2,-0.013949325441302245,193,28.702013450196787,tracking,0.19983351128604004,-0.014838807056527676,28.94311276665603
163.127,1.5650545788671912,3.18536895050073,1.5801792479790933,3.1874616754309812,0.015268762666903229,0.2,-0.0138637369545241,193,28.71400759825497,tracking,0.19979698388922054,-0.015098757303588454,28.951086039990873
163.187,1.5657852988906988,3.173397506848177,1.5812252914251705,3.1744233430796474,0.015474033392698223,0.2,-0.01375637223142807,194,28.726001322233742,tracking,0.19977499358494089,-0.015265546825466918,28.964160067150598
163.227,1.5662672314213026,3.1654164309192763,1.581755343313206,3.166445464210602,0.01552225883983314,0.2,-0.013654824630927558,194,28.733996935527724,tracking,0.19976254704277166,-0.015416240143636855,28.972155625097162
163.287,1.566981877890904,3.1534445597562453,1.5825504018950372,3.1544789356445952,0.015602848238243943,0.2,-0.013492822796875996,194,28.74599011770431,tracking,0.19974642896853204,-0.01534964181485066,28.98414865554957
163.347,1.567686099530751,3.141472181646334,1.583345448194409,3.14251259194346,0.015693873140699463,0.2,-0.013380668452199424,194,28.757983189276043,tracking,0.19974584777815954,-0.015235565627941008,28.99214384277232
163.387,1.568149489072923,3.1334902312119337,1.5838754764348313,3.1345350689976694,0.015760658758611528,0.2,-0.01320860595236912,194,28.76597857936065,tracking,0.1997475810177136,-0.015040927714620216,29.004136540017964
163.447,1.5688352591258414,3.1215166350155252,1.5846705222155562,3.122568733102751,0.01587017540878569,0.2,-0.012680644876202586,194,28.777971797712706,tracking,0.19976154714351818,-0.014337964726638008,29.012131664340384
163.507,1.5695099209975507,3.109541949249252,1.5854655912500246,3.1106020472127613,0.015990848035608275,0.2,-0.01186535601187994,194,28.78996547387317,tracking,0.19978439210896137,-0.013257147043128664,29.024124445866224
163.547,1.5699536326269181,3.1015581658768197,1.5859956542535458,3.1026240010431185,0.01607738979035187,0.2,-0.011076637606776234,194,28.797961577733673,tracking,0.199803990824381,-0.012245085990230163,29.03611765109308
163.607,1.570610430414492,3.089581426062071,1.5867907806487676,3.0906564518090813,0.016216023373828516,0.2,-0.010572097634092538,194,28.809956313242385,tracking,0.19984306631105647,-0.011281830300641995,29.044113416371204
163.667,1.5712573279045436,3.077603418919201,1.5875859473646503,3.078688295703609,0.01636461949176702,0.2,-0.009836876201086914,194,28.82195177619624,tracking,0.19987977923116212,-0.01011496124499383,29.056107550121173
163.707,1.5716835145734875,3.0696174879333538,1.5881160754084924,3.0707092706037638,0.016468790028279067,0.2,-0.009366958621211579,194,28.829949071288176,tracking,0.19990375813105515,-0.009361022189577645,29.064103985456107
163.767,1.5723159502275352,3.0576377025549415,1.588911296193139,3.058740300702402,0.016631934054488894,0.2,-0.008683244822221943,194,28.84194553879196,tracking,0.19993454296829055,-0.008312710167911158,29.084095960198123
163.827,1.5729411162408782,3.0456569141288408,1.5897065513782447,3.0467708130353257,0.01680239822522701,0.2,-0.007609224529939203,194,28.85394262693264,tracking,0.19995992479212765,-0.007576135984381577,29.096091837232407
163.867,1.5733545341809025,3.0376693194736077,1.5902367333535414,3.0387909762062475,0.01691941969248725,0.2,-0.007200079843872316,194,28.86194091317217,tracking,0.19996810838258686,-0.006852601291446346,29.10408926736625
163.927,1.5739703108499024,3.0256875283026448,1.5905365976490085,3.0258678981207194,0.01656726868199793,0.2,-0.0065711923476668745,195,28.873938517123403,tracking,0.1999753829970795,-0.0063687676637962706,29.117019258237036
163.987,1.5745820422541774,3.0137054909339147,1.5906671122870568,3.0138806213774916,0.016086023394080416,0.2,-0.006183306931804938,195,28.885936160009262,tracking,0.19995732042814043,-0.005626177137626485,29.125011271796456
164.027,1.5749880352229015,3.0057173886598862,1.5907541226712822,3.00588904609642,0.015767021903501783,0.2,-0.005609898239910375,195,28.89393457286626,tracking,0.1999613810358056,-0.005567810079104425,29.136999294406777
164.087,1.5755949485206047,2.9937353332584067,1.5908846369345564,2.9939018037747687,0.015290594632928686,0.2,-0.005235341033462427,195,28.905931989062886,tracking,0.19992956784374658,-0.005099010586169398,29.144991248400743
164.147,1.5761999104314397,2.9817533557447273,1.5910151501186107,2.9819146605754066,0.014816117785598487,0.2,-0.004401895567276908,195,28.91792922891428,tracking,0.19991048483289467,-0.004496243127457758,29.156979164765836
164.187,1.5766024769197542,2.973765470028981,1.5911021577391415,2.9739233391292355,0.014500540214658372,0.2,-0.003327610727158221,195,28.925927252294173,tracking,0.19986180459809894,-0.004188753452121378,29.16497100107783
164.247,1.5772059225332666,2.961784062573585,1.5912326645375459,2.9619367824277187,0.014027573368493132,0.2,-0.0017365764190828844,195,28.93792384644504,tracking,0.19985553292093217,-0.0026080704527410028,29.176958562499134
164.307,1.5778094309288748,2.9498027096247847,1.5913631707500069,2.949950279542861,0.013554543150533036,0.2,-0.0007024118317150726,195,28.949920389316524,tracking,0.19984355213967797,-0.001783876103316873,29.184949957423317
164.347,1.5782119492652238,2.941815291376219,1.5914501732757615,2.9419594260326676,0.013239008639334287,0.2,0.0008189216260596053,195,28.957917943398154,tracking,0.1998213692383481,-0.0005912817956486303,29.196937135492714
164.407,1.5788167436121987,2.9298338767606844,1.5915806803119787,2.9299728474889095,0.012764693217594197,0.2,0.0018053249590249734,195,28.96991461261888,tracking,0.1998181361864596,0.00029752424064353507,29.2049284608669
164.467,1.5794229004336362,2.9178524129313415,1.5917111880454542,2.9179862049046346,0.01228901593793731,0.2,0.003253657383158386,195,28.98191139975486,tracking,0.1998111764875783,0.0016023342588562652,29.216915751014092
164.507,1.5798279512933335,2.909864707245388,1.5917981940005665,2.909995036420875,0.011970952182848627,0.2,0.0041905691564093316,195,28.989909368767325,tracking,0.19981321417214343,0.002535400612360273,29.224907345595042
164.567,1.5804372120148824,2.897883173366205,1.5919287028645408,2.898008290004538,0.011492171949678193,0.2,0.0055601055318871846,195,29.001906383092766,tracking,0.19982103351004735,0.003967900915396563,29.236894828695792
164.627,1.581048780310994,2.8859012931934966,1.5920427991264494,2.88575218739385,0.010995029888730403,0.2,0.006443005131825313,195,29.013903860671572,tracking,0.19984280752673278,0.005099796340833733,29.24488644458504
164.667,1.5814581680686481,2.8779132463903605,1.59193455687634,2.8777711609203607,0.010477352276730701,0.2,0.007759746975806891,196,29.021902391165682,tracking,0.19985531469665024,0.0065499393750849625,29.265125059938185
164.727,1.582074955939112,2.8659306941338736,1.5917721874622692,2.865799175943402,0.00969812333640575,0.2,0.009770951776302949,196,29.033900807138494,tracking,0.19988878374028718,0.007774639709945515,29.27709814592782
164.787,1.5826959491040147,2.8539477417815178,1.5916098133962968,2.853826847967749,0.008914684062569466,0.2,0.010530335556663977,196,29.04589983958239,tracking,0.19992250436187675,0.009367716378037776,29.285080346070444
164.827,1.5831127218479568,2.8459587467894165,1.5915015596469337,2.8458449736197395,0.008389609284804766,0.2,0.011625791860873093,196,29.05389969836264,tracking,0.1999460796304082,0.010406650494302134,29.297054183354827
164.887,1.5837428808678398,2.8339749526541507,1.5913391758520816,2.833871928304548,0.007596993583268913,0.2,0.012562129105517694,196,29.06590004928529,tracking,0.1999803626036205,0.011912309579666065,29.305036932119727
164.947,1.5843803834255916,2.821991089723757,1.5911767924748927,2.8218989137849095,0.006797034086211765,0.2,0.015086414921218124,196,29.077900856768355,tracking,0.19996526695593286,0.01509156801229762,29.317011209062375
164.987,1.584810758184387,2.8140016192076795,1.591068534778941,2.813916748443057,0.006258352095722552,0.2,0.016717751439585173,196,29.08590191054647,tracking,0.2000243188810182,0.01584961252046778,29.324993902059795
165.047,1.5854669036185334,2.8020187889212433,1.5909061688328952,2.8019450191739934,0.005439765440510775,0.2,0.019084815142435794,196,29.097902691708722,tracking,0.20006624077318327,0.0198261484750264,29.336967548895196
165.107,1.5861341210398197,2.790034294139677,1.59074378235258,2.7899717758515354,0.004610085243757671,0.2,0.021353766816961422,196,29.109905745247577,tracking,0.20004943202676556,0.02269700450426494,29.348941156473185
165.147,1.586587889291324,2.782044910170543,1.590635530132408,2.781990014255371,0.004048013085442392,0.2,0.022798766679331207,196,29.11790800504293,tracking,0.2000652025431248,0.023865672173724362,29.35692379243372
165.207,1.5872836377027522,2.7700617753480907,1.590473167340099,2.770018517520807,0.0031898229648578674,0.2,0.024909563220186757,196,29.12991132066925,tracking,0.20007407648812078,0.025987487381676912,29.368897008477052
165.267,1.5879989432836714,2.7580796018922955,1.5903108211805603,2.7580482471703975,0.0023120905104923573,0.2,0.026264921759096584,196,29.1419148261072,tracking,0.20008113729811763,0.027236252265727033,29.376878260143737
165.307,1.5884873695883186,2.750091985082676,1.5902025992968172,2.7500687223703273,0.0017153874508990506,0.2,0.028244436824651255,196,29.149917362114767,tracking,0.2001054909666174,0.02893498819212897,29.38884918679615
165.367,1.589238650952464,2.7381118272139093,1.5900402870847115,2.738100955066196,0.0008017098553220034,0.2,0.02951638870722676,196,29.16192105347404,tracking,0.20011519847199957,0.030031441052758158,29.396829093730574
165.427,1.5900132746772235,2.726132918620821,1.589923028470605,2.726133773784679,9.025025825041091e-05,0.2,0.031372345293952664,197,29.173924981705937,tracking,0.20013752554879133,0.03157178577374238,29.40879536497581
165.467,1.590543199253665,2.718147820014943,1.5898474168625885,2.7181544131779813,0.0006958136284458329,0.2,0.032565662155863456,197,29.18192764500026,tracking,0.20015179794023094,0.03257310940651887,29.41677587366802
165.527,1.5913590636305752,2.706171804997017,1.589734016805739,2.7061872037751376,0.001625119781824676,0.2,0.03430704879494637,197,29.193931418173356,tracking,0.20017206415727545,0.034031275681907995,29.428745121038236
165.587,1.59220054763694,2.6941973968839132,1.5896206342746364,2.694221843880043,0.002580029188325749,0.2,0.035424879112118425,197,29.20593535690163,tracking,0.200183097838153,0.03501572734198522,29.436723339185097
165.627,1.592776357757745,2.6862155139716433,1.5895450572552834,2.6862461334459367,0.003231445572714225,0.2,0.037052098071371393,197,29.213937982228384,tracking,0.2001970928519605,0.03648844568250967,29.456665304774923
165.687,1.5936623418080007,2.6742440162071937,1.5894317062952898,2.674284105278213,0.004230825448423208,0.2,0.04212204372462295,197,29.22594222008264,tracking,0.20020411194929782,0.03820402050021796,29.468627869981663
165.727,1.5942691213521742,2.666263895691453,1.589356148755304,2.6663104505191515,0.004913193166320593,0.2,0.044282859603061046,197,29.233945376013956,tracking,0.20022345813431228,0.04143499369864445,29.476601882720463
165.787,1.5952029835246895,2.6542947682605185,1.5892428245530499,2.654351246119597,0.0059604265548517605,0.2,0.047424765148620415,197,29.245950879335982,tracking,0.20021619653780798,0.043931218630891375,29.488561624032265
165.847,1.5961679974989642,2.6423272748372115,1.5891295186300471,2.6423939707457564,0.0070387948636402705,0.2,0.04943614782991521,197,29.25795721727923,tracking,0.20026195314121226,0.04839201165729212,29.496533632494295
165.887,1.5968293276740202,2.634349935421763,1.5890539923389237,2.634423613707096,0.007775684411222525,0.2,0.05235225840169297,197,29.265961922255038,tracking,0.20021205090916358,0.04959890564284669,29.50849015110209
165.947,1.5978503281826615,2.622385741513321,1.588940722705708,2.6224701680269367,0.00891000547649447,0.2,0.054214519315840794,197,29.277969602210693,tracking,0.20024547214998548,0.05368804558219578,29.516459797959925
166.007,1.5989078140255792,2.610423818498678,1.5888274778651388,2.610519338736954,0.010080788720303777,0.2,0.05690961323838502,197,29.289978177418277,tracking,0.2002277064467543,0.05746143005620924,29.528412107064028
166.047,1.5996342505516723,2.602450647210707,1.588751996912767,2.6025537663372935,0.010882742201106068,0.2,0.05862807629209692,197,29.29798437316993,tracking,0.20022913035943374,0.058799919405445954,29.5363786849894
166.107,1.6007577654024296,2.5904933041819045,1.5886388013961674,2.5906081422499123,0.01211950809096405,0.2,0.06110880847508885,197,29.30999438307535,tracking,0.20021468421034616,0.06225524860127586,29.54832602316114
166.167,1.6019241945104814,2.578539290698152,1.5888376585719035,2.578229401342237,0.013090204516530675,0.2,0.06284137534405591,198,29.322005169695462,tracking,0.20019521575365642,0.06443927097028902,29.5567039432234
166.207,1.6027265987158008,2.5705719030846033,1.5890266703786933,2.570247488588025,0.013703768868726308,0.2,0.06512821010845853,198,29.330012860866656,tracking,0.2002124112313884,0.06663064970080741,29.568681373356036
166.267,1.6039696702476138,2.55862433048206,1.5893101271640375,2.5582771922947276,0.014663652626147905,0.2,0.06658352907067566,198,29.342024926381225,tracking,0.20019909137900332,0.0683970332735765,29.576664842668663
166.327,1.6052616468434917,2.5466815480795817,1.589593497988754,2.5463105260933387,0.015672541142025844,0.2,0.06868157477452103,198,29.35403738886971,tracking,0.20020803222577804,0.07045495453215236,29.58863736915721
166.367,1.6061511474708514,2.5387225609281208,1.5897823597953098,2.538334947804702,0.016373376374480907,0.2,0.070017453699373,198,29.362045927303356,tracking,0.20021672280647454,0.07173418730692306,29.59661695446185
166.427,1.6075295542691184,2.526789067104586,1.5900655592275896,2.5263755194552675,0.017468890762403804,0.2,0.07307450020139813,198,29.374058765441692,tracking,0.20024260427920265,0.07450412201430275,29.60858293194825
166.487,1.6089626953728742,2.5148615843925173,1.5903486470711203,2.5144208034657485,0.01861926641963716,0.2,0.07554395773957645,198,29.386072038820334,tracking,0.20025804053025276,0.07685925108526509,29.61655754952502
166.527,1.6099501524828808,2.5069134149601355,1.5905373077551321,2.506453718522714,0.01941828677402452,0.2,0.07914643073474734,198,29.394081312749346,tracking,0.20029062611042195,0.08012656498471893,29.636484935180682
166.587,1.6114800152727542,2.494996651523695,1.5908201961139392,2.494507426714128,0.02066561077222821,0.2,0.08483409076006389,198,29.406095876035454,tracking,0.20030510794519502,0.0823367598647746,29.648434575920028
166.647,1.6130710846826823,2.4830857849787025,1.5911029792144842,2.4825655799308453,0.021974263836444987,0.2,0.08700435817471511,198,29.41811254128501,tracking,0.20047525194826207,0.08537741065402701,29.65639854405597
166.687,1.6141666581593561,2.4751487621959316,1.5912914366851296,2.474607076628236,0.02288163413633656,0.2,0.09016079510636316,198,29.426124820105482,tracking,0.20040761547136376,0.08704568458399858,29.668340504715665
166.747,1.6158637767459423,2.463249385268886,1.5915740072968518,2.4626742031851605,0.02429657865460498,0.2,0.09219053956851947,198,29.43814461139938,tracking,0.20055718290385863,0.09004419942301381,29.676298621697367
166.807,1.6176264803570526,2.4513586157789553,1.5918564109543079,2.4507483801714134,0.025777293584063325,0.2,0.09513429660814338,198,29.450165323652957,tracking,0.20052362961339515,0.09399779462857077,29.688230368500797
166.847,1.6188389857669285,2.4434364254272594,1.5920445829216407,2.442801933589326,0.026801914180296336,0.2,0.09702206910594452,198,29.458179764952103,tracking,0.20048880261991303,0.0946210598432609,29.696180663259746
166.907,1.6207142270870045,2.4315613733622734,1.5929963852908948,2.429052695669067,0.027831137554950182,0.2,0.10064595063418029,199,29.470201969057616,tracking,0.20056507760212325,0.0992856420395974,29.7099451376943
166.967,1.6226599230355832,2.4197006354581787,1.5940769599833617,2.417113657642867,0.028699794965497048,0.2,0.10239891440684928,199,29.482221238434494,tracking,0.20020351808313863,0.10099724885293207,29.717941171996785
167.007,1.6239953205417499,2.4118024591187974,1.5947968476747465,2.409159772935076,0.029317820656228254,0.2,0.10492399590760307,199,29.490231511587606,tracking,0.20023784909815068,0.10328688269919097,29.729924405815954
167.067,1.6260585625938264,2.3999643289904036,1.5958763478870137,2.3972326066101575,0.030305583508173518,0.2,0.10653078826125671,199,29.502248095657226,tracking,0.20027513196561092,0.10580311186453065,29.737909784991764
167.107,1.6274745466922482,2.39207798805751,1.59659582785948,2.3892832267012545,0.031004934571638276,0.2,0.10883106665367753,199,29.510260547484027,tracking,0.2002701002033006,0.10786132919695024,29.749884708805926
167.167,1.6296617797359199,2.380259079540769,1.5976746099405434,2.37736399485399,0.03211791629078486,0.2,0.1124369940053137,199,29.52228013927886,tracking,0.2003420369212667,0.1121826475455347,29.76185434870507
167.227,1.6319267121173988,2.3684522261281584,1.5987529411207422,2.365449744913674,0.03330936768511146,0.2,0.11478932829063125,199,29.534302273290738,tracking,0.20035686984569945,0.11508776557060942,29.76983165460593
167.267,1.633481365267783,2.3605891776497816,1.5994714567735304,2.3575110195660773,0.03414892286699119,0.2,0.11820767481490628,199,29.542317538588364,tracking,0.20037878489070207,0.11850388030446937,29.78179217790307
167.327,1.6358817229168707,2.3488071274669755,1.6005486616522568,2.34560921388917,0.0354774839804075,0.2,0.12039039240493078,199,29.55434161540755,tracking,0.20039914139112433,0.12110687763947059,29.789761843147446
167.387,1.6383664830135063,2.3370416220918586,1.6016250670424177,2.33371624158996,0.0368915952900247,0.2,0.12355520636587634,199,29.566366637215005,tracking,0.20041901838718382,0.12443204808546461,29.8017094193975
167.427,1.6400712678861395,2.329207747005866,1.602342183565345,2.325792974928121,0.03788330070134548,0.2,0.1255729485657951,199,29.574383861817378,tracking,0.20043031909153666,0.12653466338818858,29.82160119270602
167.487,1.6427028760203366,2.317472576869353,1.6034170588438235,2.3139169085047278,0.03944639665096943,0.2,0.1303636421912111,199,29.58641048143824,tracking,0.20044935950219014,0.12942124074498634,29.829549732323027
167.547,1.6454257484294665,2.3057572444083947,1.6044908947783247,2.302052325570027,0.041102173507483616,0.2,0.13306380428412606,199,29.598438076743502,tracking,0.2004619463833996,0.13126773052035562,29.841462811346883
167.587,1.6472930759298285,2.2979586823266054,1.6052061618439428,2.2941494931653486,0.042258942951036556,0.2,0.13478455447339335,199,29.606457084321573,tracking,0.20047957514864448,0.1337551215912507,29.84939794631685
167.647,1.6501729884325642,2.2862792147903646,1.6080310028737301,2.2777385374641246,0.04299872226045711,0.2,0.13994128279672952,200,29.618486375986237,tracking,0.2004923239489959,0.13531976720818464,29.86606996833245
167.707,1.6531527742623124,2.2746211827603062,1.6104180169542923,2.2659603717438572,0.04360354492054543,0.2,0.14151626449238602,200,29.630519199196318,tracking,0.20067659070706795,0.14165971506660302,29.874081584029216
167.747,1.6551946534290325,2.2668615896610933,1.612009124181308,2.2581094232508803,0.044063480948265246,0.2,0.14376105343120207,200,29.63854294866878,tracking,0.20065044692796036,0.14218339979973077,29.886098137842776
167.807,1.6583439476321309,2.2552440465370616,1.6143949438514282,2.246337151071098,0.04484247673978123,0.2,0.14518995957325598,200,29.65057978223149,tracking,0.20073781744892788,0.1446705297515291,29.894106504279684
167.867,1.6615966970699447,2.24365419874291,1.6167794536649487,2.2345713420740125,0.04572836747239503,0.2,0.1478445286000203,200,29.662617429459946,tracking,0.20076593616945607,0.14729838829083372,29.90611379406725
167.907,1.6638230542676657,2.2359433718361457,1.6183683457417006,2.22673132372473,0.04637879211005263,0.2,0.14988021351202832,200,29.670643232719303,tracking,0.20081465616962121,0.14842892212003986,29.91411483933472
167.967,1.6672498608077615,2.22440200947845,1.6207502839286285,2.214978203820861,0.0474449023922529,0.2,0.1528430191324406,200,29.682682586860405,tracking,0.20081973765368652,0.15185346853394213,29.926109786635315
168.027,1.670781889461509,2.2128915827460705,1.623130351182373,2.203234315601576,0.04862028289786164,0.2,0.15473978521885287,200,29.694722734283605,tracking,0.2008104771820911,0.15399917973295807,29.934101576745984
168.067,1.673195128424707,2.205235801110678,1.6247159006016243,2.195410790818171,0.049464799176487446,0.2,0.15748464826372086,200,29.702749857974087,tracking,0.2008392221325932,0.1565285144045323,29.946080752166736
168.127,1.6769041846682988,2.193780054295652,1.6270923075499044,2.1836849635247484,0.050824540920020166,0.2,0.15923446744172814,200,29.71479108853031,tracking,0.2008143955732899,0.158760228083836,29.95406088342627
168.187,1.6807206240866592,2.182359139647861,1.6294661702891808,2.1719716900388293,0.05229644484530497,0.2,0.16175298623091194,200,29.726832786966416,tracking,0.20080748502428875,0.16155907794573207,29.966020919660085
168.227,1.6833251777403107,2.1747651878192413,1.6310472312035753,2.164170312738537,0.05334074495236717,0.2,0.16335054437023402,200,29.73486097506275,tracking,0.20079938527514304,0.1634056047455964,29.973987031007514
168.287,1.6873234364301568,2.1634058877941733,1.6334162727104482,2.1524808285024117,0.05500308373929569,0.2,0.16563933651782856,200,29.74690339050196,tracking,0.2007854075633794,0.1660545648472929,29.98592442626203
168.347,1.6914322144534466,2.152085878901284,1.639369258685731,2.1324727373515637,0.05563476147805877,0.2,0.1670843190847717,200,29.75894600891241,tracking,0.20075744468541756,0.16800047469236234,29.993874137196457
168.387,1.6942362610458608,2.1445621592967576,1.6421998280888759,2.124959009412579,0.05560641905633152,0.2,0.17447122103306356,201,29.766975270022872,tracking,0.20081853631303564,0.17500924710950544,30.022844642274272
168.447,1.698536382617236,2.1333116936848615,1.6464457868802829,2.1136881396139713,0.055664297701523424,0.2,0.17743917799031123,201,29.77901952267769,tracking,0.20074644690931448,0.1773291920381909,30.034888755860397
168.507,1.7029517692338283,2.1221067493670125,1.650691053315317,2.10241910767082,0.05584608906515297,0.2,0.17850549214497388,201,29.79106304442758,tracking,0.20075188120598564,0.17962562010784475,30.042917071884236
168.547,1.7059617417114623,2.114663119319402,1.653520793605755,2.0949075806060855,0.05603868617373929,0.2,0.17652530611127115,201,29.799092213911518,tracking,0.20072926915251343,0.18051988433674754,30.054957764725167
168.607,1.7105753470226628,2.1035385868485728,1.657764166753265,2.083643574382265,0.05643431830439137,0.2,0.17298850237529156,201,29.81113549322664,tracking,0.2005681967527605,0.17808731005929473,30.062982900795514
168.667,1.7153059882216075,2.092464744071499,1.6620053625652231,2.0723853478814047,0.0569573423425005,0.2,0.16783449073840678,201,29.82317745984362,tracking,0.20060450198463364,0.1710170574522726,30.07501573900666
168.707,1.718523439780437,2.08511082411117,1.6648312929526379,2.0648839341792886,0.057375724024141005,0.2,0.1645351032726274,201,29.831204422738534,tracking,0.20057452880582652,0.16950962334575598,30.08303362517515
168.767,1.7234435693693533,2.074122217482807,1.6690679189317121,2.053637838269883,0.058106119748744293,0.2,0.1597750574744467,201,29.843244237969866,tracking,0.2006050074638017,0.16229443493806447,30.095053944332093
168.807,1.726783970565408,2.0668248485315237,1.671890473292122,2.0461453862093366,0.058659493731424324,0.2,0.15673288682446854,201,29.851269814196016,tracking,0.20057579050578705,0.16084311520356304,30.1030626117267
168.867,1.7318841166504724,2.055920520651715,1.6761216681168571,2.0349137072635477,0.059588059837431984,0.2,0.15234508001358935,201,29.863307914403247,tracking,0.20061487804131942,0.15410637761033824,30.115067874851885
168.927,1.7370873336599122,2.0450662552419137,1.6803491569596054,2.023691865822667,0.06063072833407865,0.2,0.14954169667467476,201,29.875344880168495,tracking,0.200680662993275,0.1500860018759675,30.123065871392317
168.967,1.7406129022433978,2.0378575916059813,1.683165459990914,2.0162160078742706,0.06138865341224799,0.2,0.14549966234052017,201,29.88336949637445,tracking,0.2006377148794256,0.14652715698835053,30.13505420252595
169.027,1.7459809921382836,2.0270852187457042,1.6940381628532926,1.994053175339171,0.061556262116382744,0.2,0.14291629407022005,201,29.89540529323882,tracking,0.20069326746732666,0.14276282486571026,30.143040324810755
169.087,1.7514427752883608,2.0163610948849646,1.700466913754294,1.9839439760245319,0.06041033069228946,0.2,0.13919226748182115,202,29.907440155421618,tracking,0.20069209161209262,0.13877723127188246,30.16785768297921
169.127,1.7551340199138918,2.009238165226684,1.7047551683284787,1.977200703362405,0.05970282782054985,0.2,0.13681148578754485,202,29.915462711984354,tracking,0.20068521448707238,0.1362772787111097,30.1758454195801
169.187,1.7607430820066343,1.9985924877642989,1.7111908077520996,1.967080671858245,0.05872326988080323,0.2,0.13337531450786955,202,29.92749566782211,tracking,0.20066915352987624,0.13283657640197358,30.18783367442021
169.247,1.7664360067146474,1.9879928527836352,1.7176297474112303,1.9569554507396378,0.057839184579600716,0.2,0.1311749538772976,202,29.939527361528917,tracking,0.2006612890775823,0.13057843044680154,30.195829736678284
169.287,1.7702760577796453,1.9809515549494114,1.7219238879657288,1.9502029223839756,0.05730105348384086,0.2,0.1279967542359416,202,29.94754770238028,tracking,0.200620714013861,0.12774946530219597,30.219833189286376
169.347,1.7761013793325318,1.9704270219508715,1.7283669451425174,1.9400712264762021,0.056568989087138255,0.2,0.12302235514622219,202,29.959576840588475,tracking,0.2005873831924554,0.12494762748901331,30.227838014287368
169.407,1.7820025578213678,1.9599488384524146,1.7348108582488353,1.9299381846207722,0.055925806672294374,0.2,0.12021334926342757,202,29.971602489717917,tracking,0.20029869695635244,0.12194131071555471,30.23984645104515
169.447,1.785973293201098,1.952989767588726,1.739105396917253,1.923185030231683,0.05554207478115645,0.2,0.11842619113117325,202,29.97961469333126,tracking,0.2003402382630593,0.11996059306458373,30.247849460265275
169.507,1.791990001714607,1.942586139982237,1.745548817911547,1.9130527622215319,0.05503638755392767,0.2,0.11583250920332666,202,29.99163285661485,tracking,0.20032848657393984,0.1184226489684637,30.25985697995667
169.567,1.7980782027246942,1.9322248848220376,1.7519936389201083,1.902918292691445,0.054613765328604326,0.2,0.11417351541614539,202,30.00365041876505,tracking,0.20031052645770314,0.11503281424225188,30.267863413495935
169.607,1.8021761818883106,1.925340915038577,1.756290811658825,1.8961609962315131,0.05437770556656293,0.2,0.11176813962455001,202,30.01166181522291,tracking,0.2003026959595731,0.11458449295954,30.27987502651292
169.667,1.8083805382067601,1.9150499718823544,1.7627372422870287,1.886023995577412,0.05409082882403679,0.2,0.11022971785918163,202,30.023678368321487,tracking,0.20028288828891821,0.11140716756738661,30.287883560460322
169.727,1.8146528090379175,1.9048009691415821,1.7782927036256702,1.8677471668817327,0.05191378937721423,0.2,0.10800311269106523,203,30.035694334306783,tracking,0.2002655446023068,0.10891595775511569,30.31215149899093
169.767,1.8188713841057333,1.8979913425521795,1.7838460547697552,1.8622977819151334,0.05000803901418468,0.2,0.1065802542686875,203,30.043704789343163,tracking,0.20026408104202698,0.1078603797742237,30.31992777050411
169.827,1.8252540649613076,1.887811593135596,1.7921866664141726,1.8541133177009914,0.04721256838958827,0.2,0.10452385918922508,203,30.055720026048636,tracking,0.20025300144778843,0.10541916539479311,30.331607492334538
169.887,1.8317013603503618,1.8776729669596737,1.8005396378723895,1.845916725065332,0.04449170537354239,0.2,0.1032112128297125,203,30.067734989992353,tracking,0.2002549596640457,0.10384988450008047,30.33940359728192
169.927,1.8360350224043682,1.870936681485999,1.806114955873141,1.840445784491069,0.04271890893724321,0.2,0.10131737474682391,203,30.075744869440957,tracking,0.20024712336739886,0.10191976936517676,30.351112136905737
169.987,1.8425876006022077,1.860866305005756,1.8144874447222135,1.8322300398562734,0.04012049902719856,0.2,0.10011033413377085,203,30.08775939246489,tracking,0.20024670179654258,0.10037870783480984,30.35892690311962
170.047,1.8492018973258086,1.8508365450643203,1.8228710713246334,1.8240033659818027,0.0375943067176218,0.2,0.09837103682647719,203,30.09977375909949,tracking,0.20024281976793365,0.09836462234642433,30.370662403407707
170.087,1.853645082756875,1.8441724755413764,1.8284660842930134,1.8185130991561056,0.0359497643959475,0.2,0.09726301223786424,203,30.107783235947668,tracking,0.20024335546200042,0.09702419936978703,30.37849459905911
170.147,1.86036065949842,1.8342098280613028,1.8368677575870214,1.8102687164483042,0.03354240995344043,0.2,0.09566889942555912,203,30.119797948419624,tracking,0.20025612447626961,0.09501232277955012,30.390255456026953
170.207,1.8671361912721556,1.824287314266159,1.8452799116094465,1.8020140492253707,0.031205693331053524,0.2,0.09465468329658938,203,30.131813110126057,tracking,0.20025460096785602,0.09354369247270305,30.39810449003626
170.247,1.8716851992164583,1.817694429738226,1.8508932495325763,1.7965058005126409,0.02968607720997172,0.2,0.09319714955114218,203,30.139823078894786,tracking,0.20024021019805716,0.09191068371300962,30.41775473887354
170.307,1.878554696227563,1.8078386758707308,1.8593198999796143,1.7882369082575953,0.027462823603181568,0.2,0.09094069763088009,203,30.1518366492834,tracking,0.20022165364442812,0.09064330136910473,30.429560797355613
170.347,1.883164283054347,1.801289245001713,1.8649423767600244,1.7827196917792436,0.02601665189606834,0.2,0.09009517793750323,203,30.159845602736986,tracking,0.20021829197842383,0.08934231820675627,30.43743810164168
170.407,1.8901223845742081,1.791496334690717,1.8773397671694594,1.7716092939762227,0.023640848040967895,0.2,0.08888055133353928,204,30.17185877338923,tracking,0.2002183698730369,0.0885524181174504,30.454145800650302
170.467,1.8971318938817925,1.7817389364828282,1.8867381055883605,1.7655684070502156,0.019222821260670233,0.2,0.08810718959848547,204,30.183872933389846,tracking,0.2002463673562763,0.08754677596870591,30.461591386337215
170.507,1.901832965064405,1.7752533412484335,1.893014729216764,1.761534037151379,0.016308911317806457,0.2,0.08699625352200162,204,30.19188311539829,tracking,0.20026330210200446,0.08725229384943146,30.47277951298228
170.567,1.9089255958434,1.765554604258846,1.9024452061761565,1.7554724928197303,0.011985175063805345,0.2,0.0862897345326026,204,30.2038985600659,tracking,0.20026255259720993,0.08631604925136219,30.48025077395489
170.627,1.9160668387208923,1.7558916955476869,1.9118937868181287,1.7493993121440243,0.007717862686217725,0.2,0.08527766417954907,204,30.21591393166213,tracking,0.20025929962262967,0.08524171405656863,30.491475743842486
170.667,1.920854177210485,1.7494696381959707,1.9182025569870031,1.7453442796974703,0.004904046548588959,0.2,0.08463587957177127,204,30.223924014710555,tracking,0.20025765927089914,0.08517587196836393,30.498970736376084
170.727,1.9280753412649843,1.7398648463998947,1.9276812590773327,1.7392517381246073,0.0007288364205019647,0.2,0.0837192913931829,204,30.23594055480111,tracking,0.2003244409889266,0.08459401834144935,30.510230242526706
170.787,1.9353458541125237,1.7302951965340376,1.9371788983493445,1.7331470244668352,0.003390128866640131,0.2,0.08313952151238434,204,30.24795881406031,tracking,0.20033582582886267,0.08343899988648894,30.517751069600802
170.827,1.9402187338029013,1.72393590040879,1.9435196544932543,1.7290714326777896,0.006104897139996446,0.2,0.0823152695053606,204,30.255970405892494,tracking,0.20042505949048134,0.08255654135062193,30.529047401057483
170.887,1.9475656081848731,1.7144265693734644,1.9530438947262145,1.7229496209554394,0.010131832593270013,0.2,0.0817962753000244,204,30.26798722493598,tracking,0.2002730128634055,0.08215599399417735,30.53658919275959
170.947,1.954959474086363,1.7049537623040565,1.9625847754200771,1.716817113391098,0.014102635195039084,0.2,0.0810611167693468,204,30.280004018466013,tracking,0.2004110647273348,0.08188085027685328,30.547918612741885
170.987,1.9599144883764374,1.6986592073500573,1.968954206312699,1.712723090587241,0.016718531995253284,0.2,0.08060174399847705,204,30.28801486041201,tracking,0.20041091834014282,0.08086167717750334,30.55548135455376
171.047,1.9673855388407462,1.6892473286673084,1.978521993123969,1.7065732888156016,0.02059634698344719,0.2,0.07995537350047544,204,30.30003151782491,tracking,0.2003989957441441,0.08006929849912206,30.56684218373007
171.107,1.9749032009951557,1.679872423919452,1.988105946946169,1.7004130955172254,0.024417855973335862,0.2,0.07955311310933197,204,30.312048342834004,tracking,0.20038900715300093,0.07946932386065252,30.574426824990642
171.147,1.9799408326279975,1.6736429840973195,1.99450422410298,1.6963005314550696,0.026934305699651613,0.2,0.07899180779161165,204,30.320059812921684,tracking,0.20042772275079362,0.07897886410473262,30.585819811971213
171.207,1.9875353419440966,1.664329448817355,1.9999288162991702,1.6928655824647185,0.03111123800381556,0.2,0.07864522694479546,205,30.332077238235097,tracking,0.2003882351028743,0.078310876617384,30.59984985824285
171.267,1.9951754472106413,1.6550526101384873,2.009746148031474,1.688601835645927,0.03657671191563361,0.2,0.07787359166444632,205,30.34409518083596,tracking,0.20034648477397202,0.07749282879912693,30.606981992733026
171.307,2.0002934381865156,1.6488881412596315,2.016304380793573,1.6857535419507792,0.04019213917279549,0.2,0.07747336472612872,205,30.352107328375013,tracking,0.20027926266913718,0.07722517608585365,30.617703155775306
171.367,2.008008155003481,1.6396721346448473,2.026162256642633,1.6814721864931483,0.04557209388260895,0.2,0.07711910277616028,205,30.3641261317052,tracking,0.20024769434433884,0.07653270774503437,30.628450607603998
171.427,2.0157651037765643,1.6304936771697427,2.036041942643785,1.6771813587095192,0.05090078390365728,0.2,0.07690810957220591,205,30.376143383299908,tracking,0.20036409657949383,0.07672710808095139,30.635629186555207
171.467,2.0209602386292578,1.6243965391937707,2.0426404753982323,1.6743155624007433,0.05442372225690804,0.2,0.07662576382495724,205,30.384153659052696,tracking,0.20038460632406793,0.07638083095306239,30.646415822931328
171.527,2.0287879731430145,1.61528100712314,2.052556721946646,1.6700088560748247,0.059666497052940456,0.2,0.07646216582209761,205,30.39616891404577,tracking,0.20038228999482582,0.07592753608801936,30.653620562445823
171.587,2.036656659321857,1.606201087711813,2.0624944090920483,1.665692837923688,0.06486029337321222,0.2,0.07625311839561941,205,30.408183952901194,tracking,0.20037535399698567,0.07579883111500132,30.664447343597907
171.627,2.041924795491069,1.6001673577427562,2.0691311900413827,1.6628104301135669,0.0682959912475247,0.2,0.07613817323466288,205,30.416193893976935,tracking,0.2003661567710606,0.07584003516221757,30.671677959822226
171.687,2.049832511716719,1.5911725402874166,2.0790706183410115,1.6584936557650238,0.07339618156364006,0.0,0.0,205,30.428170484349838,reached,0.19509667683966714,0.05721028985453556,30.68254276432227
171.727,2.054838955057999,1.5854757049130095,2.085364137634401,1.6557603292769418,0.07662711787155864,0.0,0.0,205,30.435754573498347,reached,0.18311091965666476,0.005927499463751592,30.68254276432227
171.787,2.061771305341772,1.5776328025151647,2.094062086230092,1.6519827396358726,0.08105928497236273,0.0,0.0,205,30.446222075515497,reached,0.16547295879816346,-0.0004999146402404274,30.68254276432227
171.847,2.067994025940863,1.57060773224557,2.1018641912050833,1.6485942221472016,0.08502400074216038,0.0,0.0,205,30.455606843170962,reached,0.14745211376347436,-0.0004124064506596011,30.68254276432227
171.887,2.071742967680382,1.5663725870650709,2.106565679504024,1.6465523276360654,0.08741517063293075,0.0,0.0,205,30.461262903537172,reached,0.1354303300700412,4.348397260350304e-05,30.68254276432227
171.947,2.076767368275245,1.5606920034644274,2.1128683682072804,1.6438150187988874,0.09062404688815036,0.0,0.0,205,30.46884667775464,reached,0.11739138689746584,0.0006819475373759489,30.68254276432227
172.007,2.081073778680797,1.5558178304814894,2.1182723527963065,1.641468024449655,0.09337927844554929,0.0,0.0,205,30.475350732862697,reached,0.09936600481815333,0.0013124688993568154,30.68254276432227
172.047,2.083546510803488,1.5530166947237178,2.1213761850804596,1.640120004907433,0.09496352405456657,0.0,0.0,205,30.479087143665065,reached,0.08735517461740727,0.0015481200573181264,30.68254276432227
172.107,2.0866589754278593,1.5494884693414088,2.1252838996660612,1.6384228527598408,0.09695983357258565,0.0,0.0,205,30.483792014586392,reached,0.0693495142841085,0.0016793558622080335,30.68254276432227
172.167,2.0890559827325292,1.5467690219416166,2.128294176058743,1.6371154653002984,0.0984993179827598,0.0,0.0,205,30.487417071576132,reached,0.05135270568592881,0.0016434656356842628,30.68254276432227
172.207,2.090256664600349,1.5454055344179116,2.129802522061915,1.636460378393996,0.09927164476263868,0.0,0.0,205,30.489233864127584,reached,0.03935798401057053,0.00156875178183142,30.68254276432227
172.267,2.0914616933698014,1.544034553142173,2.131317263276607,1.6358025139954462,0.10004911339819121,0.0,0.0,205,30.491059154239768,reached,0.021367119185837335,0.0014297049928018004,30.68254276432227
172.327,2.0919514202880176,1.5434726024424896,2.1319346048009336,1.6355343975629746,0.10036946330732285,0.0,0.0,205,30.491804554161487,reached,0.003387451495174137,0.0012716307299370086,30.68254276432227
172.367,2.0919641064125165,1.5434520266261746,2.1319527958999505,1.635526497021088,0.10038328240013975,0.0,0.0,205,30.49182872650047,reached,0.0002920489836859234,0.000803073291222753,30.68254276432227
172.427,2.091959171585117,1.5434501874812678,2.1319493161843663,1.6355280082897972,0.10038693515550973,0.0,0.0,205,30.491833992901086,reached,0.00026234047974243123,0.00015497102809609284,30.68254276432227
172.487,2.0919548252821323,1.543449624466133,2.131945865318035,1.6355295070290414,0.10038918296286788,0.0,0.0,205,30.49183837551853,reached,0.00025804961697038407,5.218969288054064e-05,30.68254276432227
172.527,2.0919519887476197,1.5434493706614827,2.1319435716522874,1.635530503186684,0.10039054572191847,0.0,0.0,205,30.491841223385247,reached,0.0002575228392037056,3.881588772398443e-05,30.68254276432227
172.587,2.0919477524317776,1.543449022837636,2.1319401346909648,1.6355319958868704,0.10039255233507594,0.0,0.0,205,30.49184547395619,reached,0.0002573393523530328,3.376026384296532e-05,30.68254276432227
172.647,2.0919435230512167,1.5434486827021907,2.131936700755113,1.63553348727307,0.10039454913346878,0.0,0.0,205,30.4918497169919,reached,0.00025730308489075736,3.240082831305237e-05,30.68254276432227
172.687,2.09194070557793,1.5434484565445779,2.1319344130238713,1.6355344808533085,0.10039587894062028,0.0,0.0,205,30.49185254352741,reached,0.00025730365176191984,3.188538226066997e-05,30.68254276432227
172.747,2.0919364824784643,1.543448117295056,2.131930984048658,1.635535970085063,0.10039787242428107,0.0,0.0,205,30.49185678023124,reached,0.00025728951680188927,3.097231448372585e-05,30.68254276432227
172.807,2.091932263296542,1.543447778024229,2.131927558377095,1.635537457882015,0.10039986436689055,0.0,0.0,205,30.491861013031826,reached,0.00025728001009179977,3.0037354441736148e-05,30.68254276432227
172.847,2.0919294531278014,1.5434475518524935,2.1319252767963954,1.635538448791023,0.10040119127715626,0.0,0.0,205,30.491863832287404,reached,0.0002572655184314448,2.9373317077015263e-05,30.68254276432227
172.907,2.091925242679398,1.5434472126792698,2.13192185843676,1.6355399334123457,0.10040317965115629,0.0,0.0,205,30.491868056374788,reached,0.0002572319234899166,2.8293990054648783e-05,30.68254276432227
172.967,2.0919210392321146,1.5434468737156815,2.1319184458906335,1.6355414155088142,0.100405165043906,0.0,0.0,205,30.49187227346684,reached,0.0002571930105171343,2.7091271151421007e-05,30.68254276432227
173.007,2.091918246697556,1.5434466458615697,2.131916179760454,1.6355423997075362,0.10040648647254292,0.0,0.0,205,30.491875075281744,reached,0.0002571471813885317,2.4568701830503716e-05,30.68254276432227
173.067,2.0919140665889104,1.5434462951960473,2.1319127911250795,1.635543871419371,0.10040847330146631,0.0,0.0,205,30.49187927007311,reached,0.00025710268464439526,2.3528555131652258e-05,30.68254276432227
173.127,2.0919098795590845,1.5434459680428658,2.1319093880757376,1.635545349391309,0.10041044132130768,0.0,0.0,205,30.49188346986453,reached,0.000257005686025171,2.1678750966956817e-05,30.68254276432227
173.167,2.0919070891185925,1.5434457530322516,2.131907119014463,1.6355463348630295,0.1004117501353221,0.0,0.0,205,30.491886268576323,reached,0.0002569866085219746,2.1294745700481317e-05,30.68254276432227
173.227,2.091902904105948,1.543445431824025,2.131903715489983,1.6355478130413237,0.1004137118987132,0.0,0.0,205,30.49189046589756,reached,0.0002569733025924018,2.1085405058618888e-05,30.68254276432227
173.287,2.0918987194581344,1.5434451112221104,2.1319003120508997,1.6355492911825293,0.10041567296064303,0.0,0.0,205,30.491894662808672,reached,0.0002569657198239294,2.1007476616941176e-05,30.68254276432227
173.327,2.0918959298260043,1.543444897655672,2.131898043142024,1.6355502765880618,0.10041698012799818,0.0,0.0,205,30.491897460603884,reached,0.0002569615413244856,2.09754221491327e-05,30.68254276432227
173.387,2.091891745549461,1.5434445774903762,2.131894639855758,1.6355517546628975,0.10041894064154938,0.0,0.0,205,30.49190165711148,reached,0.00025695563978075985,2.0935773654623955e-05,30.68254276432227
173.427,2.0918889561412772,1.5434443641579727,2.1318923710497772,1.6355527400237417,0.1004202475050295,0.0,0.0,205,30.49190445466554,reached,0.00025695178630174783,2.091121813534044e-05,30.68254276432227
173.487,2.09188477219054,1.543444044319805,2.131888967918087,1.6355542180314444,0.10042220758874154,0.0,0.0,205,30.491908650823333,reached,0.0002569460392984303,2.087516634941369e-05,30.68254276432227
173.547,2.0918805884326708,1.5434437246722852,2.1318855648789983,1.6355556959989292,0.10042416742075443,0.0,0.0,205,30.49191284677429,reached,0.0002569403026460383,2.0839376560188526e-05,30.68254276432227
173.587,2.091877799367701,1.5434435116796308,2.131883296237626,1.6355566812882825,0.10042547383588396,0.0,0.0,205,30.491915643960247,reached,0.00025693647877475956,2.0815545556824925e-05,30.68254276432227
173.647,2.091873615930516,1.5434431923492655,2.1318798933524477,1.6355581591889228,0.10042743324924576,0.0,0.0,205,30.491919839567302,reached,0.00025693074205779227,2.077979522480628e-05,30.68254276432227
173.707,2.0918694326855327,1.543442873209461,2.131876490559342,1.6355596370495753,0.10042939241125447,0.0,0.0,205,30.491924034968214,reached,0.00025692500325607154,2.074402457291361e-05,30.68254276432227
173.747,2.0918666439622635,1.543442660555601,2.1318742220816542,1.6355606222678392,0.10043069837951198,0.0,0.0,205,30.491926831787683,reached,0.00025692117625342306,2.072016342449716e-05,30.68254276432227
173.807,2.0918624610373544,1.5434423417340484,2.1318708194415446,1.6355621000620442,0.10043265712210586,0.0,0.0,205,30.49193102684525,reached,0.0002569154339118423,2.0684349566355978e-05,30.68254276432227
173.867,2.091858278304336,1.5434420231038513,2.1318674168929554,1.6355635778165012,0.10043461561274146,0.0,0.0,205,30.49193522169694,reached,0.0002569096893654197,2.0648508897382347e-05,30.68254276432227
173.907,2.0918554899222057,1.54344181079018,2.1318651485779707,1.6355645629641018,0.10043592113307197,0.0,0.0,205,30.49193801815041,reached,0.00025690585836602055,2.0624599941805563e-05,30.68254276432227
173.967,2.091851307508752,1.543441492479589,2.1318617461814537,1.6355660406525123,0.10043787920325335,0.0,0.0,205,30.491942212659193,reached,0.00025690011012578323,2.0588714316427457e-05,30.68254276432227
174.027,2.091847125286883,1.54344117436117,2.1318583438759022,1.6355675183014162,0.1004398370208495,0.0,0.0,205,30.491946406962363,reached,0.00025689435962422615,2.0552801694095548e-05,30.68254276432227
174.067,2.091844337245349,1.5434409623891383,2.1318560757226335,1.6355685033787823,0.10044114209213846,0.0,0.0,205,30.491949203050297,reached,0.0002568905246320165,2.0528844888386315e-05,30.68254276432227
174.127,2.0918401553425316,1.543440644591689,2.1318526735682246,1.6355699809620436,0.1004430994882344,0.0,0.0,205,30.491953397011002,reached,0.0002568847704804159,2.0492887275994697e-05,30.68254276432227
174.187,2.091835973630991,1.5434403269872299,2.131849271504222,1.6355714585060406,0.10044505663111704,0.0,0.0,205,30.49195759076636,reached,0.0002568790141004548,2.0456902870290747e-05,30.68254276432227
174.227,2.091833185929504,1.5434401153582917,2.131847003511676,1.6355724435136034,0.10044636125224926,0.0,0.0,205,30.491960386489236,reached,0.0002568751752455708,2.043289811830995e-05,30.68254276432227
174.287,2.091829004536497,1.5434397980761654,2.1318436015978826,1.6355739209923634,0.10044831797258791,0.0,0.0,205,30.491964579902575,reached,0.0002568694151017956,2.0396868988741143e-05,30.68254276432227
174.347,2.091824823334456,1.543439480987848,2.1318401997739356,1.6355753984321024,0.10045027443908612,0.0,0.0,205,30.491968773110834,reached,0.00025686365292096694,2.03608125782332e-05,30.68254276432227
174.387,2.091822035972462,1.54343926970346,2.131837931941113,1.6355763833702959,0.10045157860894643,0.0,0.0,205,30.491971568469125,reached,0.00025685981011789395,2.0336760113914265e-05,30.68254276432227
174.447,2.0918178550884345,1.543438952938842,2.1318345302664383,1.635577860745205,0.10045353465185448,0.0,0.0,205,30.491975761335816,reached,0.00025685404417314967,2.030065894187797e-05,30.68254276432227
174.507,2.091813674395057,1.5434386363688533,2.1318311286810436,1.6355793380813388,0.1004554904402954,0.0,0.0,205,30.4919799539977,reached,0.00025684827601691175,2.0264531419244528e-05,30.68254276432227
174.547,2.091810887371997,1.5434384254304734,2.1318288610069427,1.635580322950598,0.100456794157769,0.0,0.0,205,30.49198274899189,reached,0.00025684442937916324,2.0240430871594073e-05,30.68254276432227
174.607,2.0918067069961044,1.5434381091855514,2.131825459569876,1.635581800222312,0.10045874952157599,0.0,0.0,205,30.491986941312664,reached,0.00025683865762832035,2.0204258672388808e-05,30.68254276432227
174.667,2.091802526810545,1.5434377931360788,2.1318220582215233,1.6355832774554966,0.10046070463028996,0.0,0.0,205,30.491991133428904,reached,0.00025683288366050585,2.0168059132278596e-05,30.68254276432227
174.707,2.091799740125853,1.5434375825451672,2.131819790705134,1.6355842622562604,0.10046200789426322,0.0,0.0,205,30.49199392805949,reached,0.00025682903318337123,2.014391108962712e-05,30.68254276432227
174.767,2.091795560257247,1.5434372668221314,2.1318163895041615,1.6355857394254367,0.10046396257729825,0.0,0.0,205,30.49199811983508,reached,0.0002568232555875489,2.0107667270341767e-05,30.68254276432227
174.827,2.0917913805786537,1.5434369512953687,2.1318129883913324,1.6355872165563314,0.10046591700461235,0.0,0.0,205,30.49200231140642,reached,0.000256817475850862,2.007139651169494e-05,30.68254276432227
174.867,2.09178859423176,1.5434367410533867,2.1318107210316417,1.63558820128904,0.1004672198139721,0.0,0.0,205,30.49200510567389,reached,0.0002568136214886094,2.0047201006929552e-05,30.68254276432227
174.927,2.0917844148695828,1.5434364258544315,2.13180732006524,1.6355896783563402,0.10046917381456408,0.0,0.0,205,30.492009296905046,reached,0.0002568078380954218,2.001088592010016e-05,30.68254276432227
174.987,2.0917802356970947,1.543436110852573,2.1318039191864084,1.6355911553856077,0.10047112755880862,0.0,0.0,205,30.49201348793223,reached,0.0002568020526408278,1.997454383604373e-05,30.68254276432227
175.027,2.0917774496874237,1.5434359009609844,2.131801651982397,1.6355921400507036,0.10047242991244129,0.0,0.0,205,30.49201628183709,reached,0.00025679819441379,1.9950301147369723e-05,30.68254276432227
175.087,2.0917732708308114,1.543435586288306,2.1317982512490365,1.6355936170167922,0.10047438322892012,0.0,0.0,205,30.49202047252456,reached,0.0002567924053807262,1.9913914466165322e-05,30.68254276432227
175.147,2.0917690921635597,1.5434352718135476,2.1317948506026694,1.6355950939450987,0.1004763362884272,0.0,0.0,205,30.492024663008348,reached,0.00025678661424960897,1.9877501407051932e-05,30.68254276432227
175.187,2.091766306490532,1.5434350622738178,2.131792583553314,1.6355960785430261,0.10047763818521956,0.0,0.0,205,30.492027456551103,reached,0.000256782752215314,1.9853211415132672e-05,30.68254276432227
175.247,2.091762128138608,1.5434347481296142,2.1317891830514544,1.6355975554085718,0.10047959081591792,0.0,0.0,205,30.492031646695658,reached,0.0002567769574197171,1.9816754003378585e-05,30.68254276432227
175.287,2.091759342675684,1.5434345388105404,2.131786916098237,1.635598539964746,0.10048089242662137,0.0,0.0,205,30.492034440012354,reached,0.0002567730930862615,1.9792433870778802e-05,30.68254276432227
175.347,2.091755164638746,1.5434342249977506,2.131783515740283,1.635600016767792,0.10048284462785949,0.0,0.0,205,30.492038629817973,reached,0.00025676729468948866,1.9755932059787305e-05,30.68254276432227
